CODIGO_SINIESTRO,FECHA SINIESTRO,HORA SINIESTRO,CLASE SINIESTRO,CANTIDAD DE FALLECIDOS,CANTIDAD DE LESIONADOS,CANTIDAD DE VEHICULOS DAÑADOS,DEPARTAMENTO,PROVINCIA,DISTRITO,ZONA,TIPO DE VÍA,RED VIAL,COD CARRETERA,COORDENADAS LATITUD,COORDENADAS  LONGITUD,CONDICIÓN CLIMÁTICA,ZONIFICACIÓN,CARACTERÍSTICAS DE VÍA,PERFIL LONGITUDINAL VÍA,SUPERFICIE DE CALZADA,¿EXISTE SEÑAL VERTICAL?,CLASIFICACIÓN DE LA SEÑAL VERTICAL Nº 1,CLASIFICACIÓN DE LA SEÑAL VERTICAL Nº 2,¿EXISTE SEÑAL HORIZONTAL?,CAUSA FACTOR PRINCIPAL,CAUSA ESPECÍFICA,MTC_RVN_LONGITUD_KM_x,MTC_RVN_N_CARRILES_MEDIANA_x,MTC_RVN_SUPERFICIE_DOMINANTE_x,MTC_RVN_ESTADO_DOMINANTE_x,MTC_RVN_ES_CONCESIONADA_x,MTC_RVN_CONCESION_PRINCIPAL_x,MTC_RVN_CORREDOR_LOGISTICO_x,MTC_RVN_N_TRAMOS_x,MTC_RVN_LONGITUD_KM_y,MTC_RVN_N_CARRILES_MEDIANA_y,MTC_RVN_SUPERFICIE_DOMINANTE_y,MTC_RVN_ESTADO_DOMINANTE_y,MTC_RVN_ES_CONCESIONADA_y,MTC_RVN_CONCESION_PRINCIPAL_y,MTC_RVN_CORREDOR_LOGISTICO_y,MTC_RVN_N_TRAMOS_y,MTC_RVN_LONGITUD_KM,MTC_RVN_N_CARRILES_MEDIANA,MTC_RVN_SUPERFICIE_DOMINANTE,MTC_RVN_ESTADO_DOMINANTE,MTC_RVN_ES_CONCESIONADA,MTC_RVN_CONCESION_PRINCIPAL,MTC_RVN_CORREDOR_LOGISTICO,MTC_RVN_N_TRAMOS,IDH_UBIGEO,IDH_2019,IDH_ESP_VIDA_2019,IDH_EDUC_SECUND_PCT_2019,IDH_ANIOS_EDUC_2019,IDH_INGRESO_PERCAP_2019,IDH_POBLACION_2019,MTC_DEP_RED_TOTAL_KM,MTC_DEP_NACIONAL_TOTAL_KM,MTC_DEP_DEPARTAMENTAL_TOTAL_KM,MTC_DEP_VECINAL_TOTAL_KM,MTC_DEP_PAV_TOTAL_KM,MTC_DEP_NO_PAV_TOTAL_KM,MTC_DEP_PCT_PAVIMENTADA,PER_TOTAL_PERSONAS,PER_N_CONDUCTORES,PER_N_CONDUCTORES_FUGADOS,PER_N_PEATONES,PER_N_PASAJEROS_OCUPANTES,PER_EDAD_COND_PROM,PER_EDAD_COND_MIN,PER_EDAD_COND_MAX,PER_ANY_COND_MASCULINO,PER_ANY_LIC_PROBLEMA,PER_ANY_DOSAJE_POS,PER_ANY_DOSAJE_EVALUADO,VEH_TOTAL,VEH_N_FUGADOS,VEH_ANY_FUGADO,VEH_ANY_CARGA,VEH_ANY_PUBLICO,VEH_ANY_PARTICULAR,VEH_ANY_MOTO,VEH_ANY_AUTO,VEH_ANY_CAMION_BUS,VEH_ANY_SOAT_PROBLEMA,VEH_ANY_CITV_PROBLEMA,VEH_ANY_SEGURO_PROBLEMA
A-2021-02-186,28/02/2021,04:30,DESPISTE,2,0,1,LA LIBERTAD,SANTIAGO DE CHUCO,SITABAMBA,RURAL,CARRETERA,DEPARTAMENTAL,LI-115,-8.017236,-77.7588,DESPEJADO,RURAL,TRAMO RECTO,PLANA,AFIRMADO,SIN_DATO,SIN_DATO,SIN_DATO,SIN_DATO,IMPRUDENCIA DEL CONDUCTOR,OTRO (IMPRUDENCIA DEL CONDUCTOR),,,,,,,,,,,,,,,,,,,,,,,,,131008,0.21814305583129046,80.24076673963701,35.503108906979705,3.8023772702431082,159.2140380316794,2798.4089935760176,8931.828000000005,1335.5899999999997,1935.9830000000004,5660.255000000005,1219.309,7712.519000000005,13.651281686122923,2,1,0,0,1,32.0,32.0,32.0,1.0,0.0,0.0,0.0,1,0,0.0,1.0,0.0,0.0,0.0,0.0,1.0,0.0,1.0,0.0
A-2021-02-185,28/02/2021,05:00,ATROPELLO FUGA,1,0,1,LA LIBERTAD,TRUJILLO,SALAVERRY,RURAL,CARRETERA,NACIONAL,PE-1N,-8.283801,-78.91814,DESPEJADO,RURAL,TRAMO RECTO,PLANA,ASFALTADA,SIN_DATO,SIN_DATO,SIN_DATO,SIN_DATO,IMPRUDENCIA DEL CONDUCTOR,EXCESO DE VELOCIDAD,6543.555,3.0,Pavimentado,Bueno,1.0,Autopista del Sol,Eje Estructurante Norte,1475.0,6543.555,3.0,Pavimentado,Bueno,1.0,Autopista del Sol,Eje Estructurante Norte,1475.0,6543.555,3.0,Pavimentado,Bueno,1.0,Autopista del Sol,Eje Estructurante Norte,1475.0,130109,0.5704872313485707,78.73040511828864,66.00991236238886,8.931371175352043,922.6441961800402,20630.586723768734,8931.828000000005,1335.5899999999997,1935.9830000000004,5660.255000000005,1219.309,7712.519000000005,13.651281686122923,2,1,1,1,0,,,,0.0,0.0,0.0,0.0,1,1,1.0,1.0,0.0,0.0,0.0,0.0,1.0,0.0,0.0,0.0
A-2021-02-187,28/02/2021,20:40,CHOQUE FUGA,1,2,2,LA LIBERTAD,VIRU,CHAO,RURAL,CARRETERA,PROVINCIAL,LI-1208,-8.54778,-78.678269,DESPEJADO,RURAL,TRAMO RECTO,PLANA,ASFALTADA,SIN_DATO,SIN_DATO,SIN_DATO,SIN_DATO,EN PROCESO DE INVESTIGACIÓN,NO CUENTA CON CAUSA ESPECIFICA,,,,,,,,,,,,,,,,,,,,,,,,,131202,0.49715046065476454,77.79759708660042,46.44666297237219,6.322206801902116,929.9716106661404,44368.59100642397,8931.828000000005,1335.5899999999997,1935.9830000000004,5660.255000000005,1219.309,7712.519000000005,13.651281686122923,4,2,1,0,2,46.0,46.0,46.0,1.0,1.0,0.0,0.0,2,0,0.0,0.0,1.0,1.0,1.0,0.0,1.0,1.0,1.0,0.0
A-2021-02-189,28/02/2021,21:00,ATROPELLO,1,0,1,LA LIBERTAD,TRUJILLO,FLORENCIA DE MORA,URBANA,CALLE,URBANO,NO CORRESPONDE,-8.088921,-79.026501,DESPEJADO,COMERCIAL,TRAMO RECTO,PLANA,ASFALTADA,SIN_DATO,SIN_DATO,SIN_DATO,SIN_DATO,IMPRUDENCIA DEL CONDUCTOR,CONDUCIR EN ESTADO DE EBRIEDAD Y/O DROGADICCIÓN,,,,,,,,,,,,,,,,,,,,,,,,,130103,0.5660037074268495,80.06506822193698,64.73347905247898,8.83142544271948,895.216621604284,40839.32762312634,8931.828000000005,1335.5899999999997,1935.9830000000004,5660.255000000005,1219.309,7712.519000000005,13.651281686122923,2,1,0,1,0,36.0,36.0,36.0,1.0,0.0,0.0,0.0,1,0,0.0,1.0,0.0,0.0,0.0,0.0,1.0,0.0,1.0,0.0
A-2021-02-223,28/02/2021,21:15,ATROPELLO,2,0,1,PUNO,SAN ROMAN,SAN MIGUEL,URBANA,CARRETERA,NACIONAL,PE-3S,-15.466583,-70.138198,DESPEJADO,INDUSTRIAL,TRAMO RECTO,PLANA,ASFALTADA,SI,REGULADORA (R),PREVENTIVA (P),SI,IMPRUDENCIA DEL CONDUCTOR,EXCESO DE VELOCIDAD,7586.903,2.0,Pavimentado,Bueno,1.0,No concesionado,CO 10: Abancay - Ayacucho- Huancayo- La Oroya,1198.0,7586.903,2.0,Pavimentado,Bueno,1.0,No concesionado,CO 10: Abancay - Ayacucho- Huancayo- La Oroya,1198.0,7586.903,2.0,Pavimentado,Bueno,1.0,No concesionado,CO 10: Abancay - Ayacucho- Huancayo- La Oroya,1198.0,211105,0.5225679967471315,73.87568641139362,79.22999870887685,8.745562804731529,728.6643223924281,65445.28409703769,13642.312999999998,2020.7790000000005,2354.117,9267.416999999998,3314.0520000000006,10328.260999999997,24.29244952817019,2,1,0,1,0,31.0,31.0,31.0,1.0,1.0,0.0,0.0,1,0,0.0,0.0,0.0,1.0,1.0,0.0,0.0,1.0,1.0,0.0
A-2021-02-188,28/02/2021,21:25,CHOQUE,1,1,2,LA LIBERTAD,TRUJILLO,LAREDO,RURAL,CARRETERA,NACIONAL,PE-10A,-8.048596,-78.849761,DESPEJADO,RURAL,TRAMO RECTO,PLANA,ASFALTADA,SIN_DATO,SIN_DATO,SIN_DATO,SIN_DATO,IMPRUDENCIA DEL CONDUCTOR,CONDUCIR EN ESTADO DE EBRIEDAD Y/O DROGADICCIÓN,610.6099999999999,2.0,Pavimentado,Bueno,1.0,Longitudinal de la Sierra - Tramo 2: Ciudad de Dios - Cajamarca - Chiple - Cajamarca - Trujillo - Dv. Chilete - Emp. PE-3N,Corredor Trujillo - Huamachuco - Cajamarca,100.0,610.6099999999999,2.0,Pavimentado,Bueno,1.0,Longitudinal de la Sierra - Tramo 2: Ciudad de Dios - Cajamarca - Chiple - Cajamarca - Trujillo - Dv. Chilete - Emp. PE-3N,Corredor Trujillo - Huamachuco - Cajamarca,100.0,610.6099999999999,2.0,Pavimentado,Bueno,1.0,Longitudinal de la Sierra - Tramo 2: Ciudad de Dios - Cajamarca - Chiple - Cajamarca - Trujillo - Dv. Chilete - Emp. PE-3N,Corredor Trujillo - Huamachuco - Cajamarca,100.0,130106,0.5929579484728337,80.24150924632623,64.75837382721711,8.51830466766158,1043.4182142665845,34739.39614561028,8931.828000000005,1335.5899999999997,1935.9830000000004,5660.255000000005,1219.309,7712.519000000005,13.651281686122923,3,2,0,0,1,22.5,20.0,25.0,1.0,0.0,0.0,0.0,2,0,0.0,0.0,0.0,1.0,1.0,1.0,0.0,1.0,0.0,1.0
A-2021-02-194,28/02/2021,23:30,DESPISTE,2,1,1,AREQUIPA,AREQUIPA,MARIANO MELGAR,RURAL,CARRETERA,SIN CLASIFICAR,SIN CLASIFICAR,-16.387007,-71.457041,DESPEJADO,RURAL,OTRO,INCLINADA,TROCHA,SIN_DATO,SIN_DATO,SIN_DATO,SIN_DATO,NEGLIGENCIA DEL CONDUCTOR,OTRO (NEGLIGENCIA DEL CONDUCTOR),,,,,,,,,,,,,,,,,,,,,,,,,040109,0.6695059447902582,78.31157187229299,82.77181279277993,11.148828352634721,1162.805854980513,56182.85653104924,10322.272,1495.2359999999999,1749.739,7077.2970000000005,2886.595,7435.677000000001,27.964725207783708,3,1,0,0,2,31.0,31.0,31.0,0.0,1.0,0.0,0.0,1,0,0.0,1.0,0.0,0.0,0.0,0.0,1.0,0.0,0.0,0.0
A-2021-03-100,01/03/2021,05:28,ATROPELLO,1,0,1,LIMA,HUARAL,CHANCAY,URBANA,CARRETERA,NACIONAL,PE-1N,-11.53777846548452,-77.2829764573073,DESPEJADO,RURAL,TRAMO RECTO,PLANA,ASFALTADA,SIN_DATO,SIN_DATO,SIN_DATO,SIN_DATO,IMPRUDENCIA DEL PEATÓN,CRUCE INDEBIDO POR LA CALZADA,6543.555,3.0,Pavimentado,Bueno,1.0,Autopista del Sol,Eje Estructurante Norte,1475.0,6543.555,3.0,Pavimentado,Bueno,1.0,Autopista del Sol,Eje Estructurante Norte,1475.0,6543.555,3.0,Pavimentado,Bueno,1.0,Autopista del Sol,Eje Estructurante Norte,1475.0,150605,0.6328991168419597,79.8522840328396,72.51785912375117,8.65057438382499,1190.6734036432963,65701.61456102783,7626.313,1683.4029999999998,1599.0829999999996,4343.827000000001,1814.875,5811.438000000001,23.797541485643194,2,1,0,1,0,30.0,30.0,30.0,1.0,0.0,0.0,1.0,1,0,0.0,0.0,0.0,1.0,0.0,1.0,0.0,0.0,0.0,0.0
A-2021-03-69,01/03/2021,08:00,CAÍDA DE PASAJERO,1,0,0,LIMA,LIMA,INDEPENDENCIA,URBANA,AVENIDA,URBANO,NO CORRESPONDE,-11.9969,-77.0544,DESPEJADO,COMERCIAL,TRAMO RECTO,PLANA,ASFALTADA,SIN_DATO,SIN_DATO,SIN_DATO,SIN_DATO,EN PROCESO DE INVESTIGACIÓN,NO CUENTA CON CAUSA ESPECIFICA,,,,,,,,,,,,,,,,,,,,,,,,,150112,0.6853375063928137,80.04346891299102,76.32428568750537,8.817291636093138,1443.328322024431,217176.83083511778,7626.313,1683.4029999999998,1599.0829999999996,4343.827000000001,1814.875,5811.438000000001,23.797541485643194,2,1,0,0,1,23.0,23.0,23.0,1.0,0.0,0.0,0.0,1,0,0.0,0.0,1.0,0.0,0.0,0.0,1.0,0.0,0.0,0.0
A-2021-03-1,01/03/2021,08:50,ATROPELLO,1,0,1,PUNO,YUNGUYO,YUNGUYO,RURAL,CARRETERA,DEPARTAMENTAL,PU-130,-16.30911252,-69.06047903,DESPEJADO,RURAL,TRAMO RECTO,PLANA,ASFALTADA,SIN_DATO,SIN_DATO,SIN_DATO,SIN_DATO,IMPRUDENCIA DEL CONDUCTOR,EXCESO DE VELOCIDAD,,,,,,,,,,,,,,,,,,,,,,,,,211301,0.4165447461855686,74.77127585660097,73.32833413464006,6.399479128468322,475.6850527085419,23516.528907922908,13642.312999999998,2020.7790000000005,2354.117,9267.416999999998,3314.0520000000006,10328.260999999997,24.29244952817019,2,1,0,1,0,41.0,41.0,41.0,1.0,0.0,0.0,0.0,1,0,0.0,0.0,0.0,1.0,0.0,0.0,1.0,1.0,1.0,0.0
A-2021-03-6,01/03/2021,15:00,DESPISTE,1,0,1,JUNIN,TARMA,SAN PEDRO DE CAJAS,RURAL,CARRETERA,PROVINCIAL,JU-548,-11.16358188421908,-75.8564661443685,DESPEJADO,RURAL,TRAMO RECTO,INCLINADA,TROCHA,SIN_DATO,SIN_DATO,SIN_DATO,SIN_DATO,IMPRUDENCIA DEL CONDUCTOR,CONDUCIR EN ESTADO DE EBRIEDAD Y/O DROGADICCIÓN,,,,,,,,,,,,,,,,,,,,,,,,,120708,0.3806721892335712,78.77245225217325,56.81421208719683,5.9201016186922875,408.70034160859785,4341.336188436831,12264.545,1826.4639999999995,1105.5389999999998,9332.542000000001,1588.5359999999996,10676.009,12.952261987705208,1,1,0,0,0,43.0,43.0,43.0,1.0,0.0,1.0,1.0,1,0,0.0,0.0,0.0,0.0,0.0,0.0,0.0,0.0,0.0,0.0
A-2021-03-93,01/03/2021,19:30,CHOQUE,1,0,2,SAN MARTIN,LAMAS,BARRANQUITA,RURAL,CARRETERA,DEPARTAMENTAL,SM-105,-6.21662,-75.99639,DESPEJADO,RURAL,TRAMO RECTO,PLANA,ASFALTADA,SIN_DATO,SIN_DATO,SIN_DATO,SIN_DATO,IMPRUDENCIA DEL CONDUCTOR,CONDUCIR EN ESTADO DE EBRIEDAD Y/O DROGADICCIÓN,,,,,,,,,,,,,,,,,,,,,,,,,220503,0.27218823612843596,70.64032371540475,27.007397289694744,5.011233043374756,299.42006351098263,5353.96573875803,5645.1359999999995,815.0759999999999,965.298,3864.7619999999997,1013.406,4631.73,17.95184385283189,2,2,0,0,0,21.0,19.0,23.0,1.0,1.0,0.0,0.0,2,0,0.0,0.0,0.0,1.0,1.0,0.0,0.0,0.0,1.0,0.0
A-2021-03-273,02/03/2021,02:00,DESPISTE,1,1,1,HUANCAVELICA,HUAYTARA,PILPICHACA,RURAL,CARRETERA,NACIONAL,PE-28A,-13.450225,-74.983666,NUBLADO,RURAL,TRAMO RECTO,INCLINADA,ASFALTADA,SIN_DATO,SIN_DATO,SIN_DATO,SIN_DATO,IMPRUDENCIA DEL CONDUCTOR,FATIGA Y/O CANSANCIO,1679.5849999999998,2.0,Pavimentado,Regular,1.0,No concesionado,Corredor Los Libertadores,315.0,1679.5849999999998,2.0,Pavimentado,Regular,1.0,No concesionado,Corredor Los Libertadores,315.0,1679.5849999999998,2.0,Pavimentado,Regular,1.0,No concesionado,Corredor Los Libertadores,315.0,090607,0.2997946406100768,72.83003345209801,46.42647217987546,4.997510303405721,292.6881439974165,3327.8779443254816,8511.426,1445.3929999999996,2008.516,5057.516999999999,1879.5789999999997,6631.846999999998,22.083009357068956,2,1,0,0,1,50.0,50.0,50.0,1.0,0.0,0.0,0.0,1,0,0.0,1.0,0.0,0.0,0.0,0.0,1.0,0.0,0.0,0.0
A-2021-03-5,02/03/2021,05:50,DESPISTE,1,2,1,ICA,PISCO,SAN CLEMENTE,RURAL,CARRETERA,NACIONAL,PE-1S,-13.630134,-76.152208,DESPEJADO,RURAL,TRAMO RECTO,PLANA,ASFALTADA,SIN_DATO,SIN_DATO,SIN_DATO,SIN_DATO,IMPRUDENCIA DEL CONDUCTOR,FATIGA Y/O CANSANCIO,6639.975,2.0,Pavimentado,Bueno,1.0,No concesionado,Eje Estructurante Sur,1616.0,6639.975,2.0,Pavimentado,Bueno,1.0,No concesionado,Eje Estructurante Sur,1616.0,6639.975,2.0,Pavimentado,Bueno,1.0,No concesionado,Eje Estructurante Sur,1616.0,110507,0.5723734005661165,76.14778354007997,72.53650205141851,9.107715991741182,922.4721268572973,24272.766595289082,3721.461,698.1859999999996,744.866,2278.409,1102.9029999999996,2618.558,29.636290693359403,3,1,0,0,2,46.0,46.0,46.0,1.0,0.0,0.0,0.0,1,0,0.0,0.0,0.0,1.0,0.0,0.0,1.0,0.0,0.0,0.0
A-2021-03-65,02/03/2021,07:45,CHOQUE,4,0,2,CUSCO,QUISPICANCHI,OCONGATE,RURAL,CARRETERA,NACIONAL,PE-30C,-13.652514,-71.305902,DESPEJADO,RURAL,CURVA,PLANA,ASFALTADA,SI,PREVENTIVA (P),INFORMATIVA (I),NO,IMPRUDENCIA DEL CONDUCTOR,INVASIÓN DE CARRIL,3263.58,2.0,Pavimentado,Bueno,1.0,IIRSA Sur - Tramo 3: Inambari - Iñapari,Corredor Cusco - Puerto Maldonado - Iñapari,566.0,3263.58,2.0,Pavimentado,Bueno,1.0,IIRSA Sur - Tramo 3: Inambari - Iñapari,Corredor Cusco - Puerto Maldonado - Iñapari,566.0,3263.58,2.0,Pavimentado,Bueno,1.0,IIRSA Sur - Tramo 3: Inambari - Iñapari,Corredor Cusco - Puerto Maldonado - Iñapari,566.0,081210,0.2701433460922377,67.03086854576458,59.596346222865,3.690268129191559,281.2948228692088,16118.588865096359,17779.13499998999,2097.3709999899993,2863.123,12818.640999999989,2878.713,14900.421999989987,16.19152450331032,5,2,1,0,3,39.0,39.0,39.0,1.0,0.0,0.0,0.0,2,0,0.0,0.0,0.0,1.0,0.0,1.0,1.0,0.0,0.0,0.0
A-2021-03-58,02/03/2021,13:30,DESPISTE,1,0,1,LA LIBERTAD,SANCHEZ CARRION,HUAMACHUCO,RURAL,CARRETERA,NACIONAL,PE-3N,-7.915461,-78.14592,DESPEJADO,RURAL,CURVA,PLANA,ASFALTADA,SIN_DATO,SIN_DATO,SIN_DATO,SIN_DATO,EN PROCESO DE INVESTIGACIÓN,NO CUENTA CON CAUSA ESPECIFICA,9936.932,2.0,Pavimentado,Bueno,1.0,No concesionado,No corresponde,3830.0,9936.932,2.0,Pavimentado,Bueno,1.0,No concesionado,No corresponde,3830.0,9936.932,2.0,Pavimentado,Bueno,1.0,No concesionado,No corresponde,3830.0,130901,0.3986882084754764,72.97869269132666,58.65435142755623,5.605762371496486,527.7120199980477,69564.29978586723,8931.828000000005,1335.5899999999997,1935.9830000000004,5660.255000000005,1219.309,7712.519000000005,13.651281686122923,2,1,0,0,1,32.0,32.0,32.0,1.0,0.0,0.0,0.0,1,0,0.0,1.0,0.0,0.0,0.0,0.0,1.0,0.0,0.0,0.0
A-2021-03-12,02/03/2021,21:40,DESPISTE,1,4,1,CAJAMARCA,CELENDIN,SOROCHUCO,RURAL,CARRETERA,PROVINCIAL,CA-1024,-6.91790623,-78.2523829,LLUVIOSO,RURAL,CURVA,INCLINADA,AFIRMADO,SIN_DATO,SIN_DATO,SIN_DATO,SIN_DATO,IMPRUDENCIA DEL CONDUCTOR,CONDUCIR EN ESTADO DE EBRIEDAD Y/O DROGADICCIÓN,,,,,,,,,,,,,,,,,,,,,,,,,060309,0.24305364430232304,73.90270235965185,51.848801761807124,3.14586410045298,230.89165361638607,8131.117773019272,15935.565011852366,1733.9250000199986,935.692,13265.948011832368,2000.1670000199988,13935.398011832369,12.551591352627522,6,1,0,0,5,,,,0.0,0.0,0.0,0.0,1,0,0.0,1.0,0.0,0.0,0.0,0.0,1.0,0.0,1.0,0.0
A-2021-03-11,03/03/2021,07:45,CHOQUE,1,1,2,ANCASH,RECUAY,CATAC,RURAL,CARRETERA,NACIONAL,PE-3N,-9.859137723842816,-77.40590948703202,DESPEJADO,RURAL,CURVA,PLANA,ASFALTADA,SIN_DATO,SIN_DATO,SIN_DATO,SIN_DATO,IMPRUDENCIA DEL CONDUCTOR,FATIGA Y/O CANSANCIO,9936.932,2.0,Pavimentado,Bueno,1.0,No concesionado,No corresponde,3830.0,9936.932,2.0,Pavimentado,Bueno,1.0,No concesionado,No corresponde,3830.0,9936.932,2.0,Pavimentado,Bueno,1.0,No concesionado,No corresponde,3830.0,021702,0.4654799331603382,71.10800342011737,71.6956954286478,8.000201643545543,613.215156662713,3873.3661670235547,10767.648000000001,1885.0630000000003,1222.721,7659.864000000001,2100.343,8667.305000000002,19.506051832303577,2,2,0,0,0,32.0,27.0,37.0,1.0,0.0,0.0,1.0,2,0,0.0,1.0,0.0,0.0,0.0,0.0,1.0,1.0,0.0,0.0
A-2021-03-365,03/03/2021,15:03,DESPISTE,2,0,1,PIURA,AYABACA,SAPILLICA,RURAL,CARRETERA,PROVINCIAL,PI-745,-4.767575262701006,-80.03604948149277,DESPEJADO,RURAL,TRAMO RECTO,PLANA,AFIRMADO,SIN_DATO,SIN_DATO,SIN_DATO,SIN_DATO,IMPRUDENCIA DEL CONDUCTOR,OTRO (IMPRUDENCIA DEL CONDUCTOR),,,,,,,,,,,,,,,,,,,,,,,,,200208,0.17073123038100063,67.50007063720595,29.763202790770947,3.5119492376865318,126.42739197986367,12117.922912205566,8965.846000060003,1782.4120000599992,636.9959999999999,6546.438000000004,2214.505000059999,6751.341000000004,24.699342371541725,3,1,0,0,2,47.0,47.0,47.0,1.0,1.0,0.0,1.0,1,0,0.0,0.0,0.0,1.0,0.0,0.0,1.0,1.0,0.0,0.0
A-2021-03-84,03/03/2021,16:15,ATROPELLO,1,0,0,LORETO,MAYNAS,BELEN,URBANA,CALLE,URBANO,NO CORRESPONDE,-3.760023,-73.248444,SOLEADO,COMERCIAL,TRAMO RECTO,PLANA,ASFALTADA,SIN_DATO,SIN_DATO,SIN_DATO,SIN_DATO,IMPRUDENCIA DEL PEATÓN,CRUCE INDEBIDO POR LA CALZADA,,,,,,,,,,,,,,,,,,,,,,,,,160112,0.529795353544325,72.41445562653223,53.44391779748307,8.289281910927794,973.5956743426707,73191.91006423984,1095.5949999999998,128.87099999999998,320.74700000000007,645.9769999999999,274.214,821.381,25.028774318977366,2,1,0,1,0,28.0,28.0,28.0,1.0,0.0,0.0,1.0,1,0,0.0,0.0,0.0,0.0,0.0,0.0,0.0,1.0,1.0,0.0
A-2021-03-99,03/03/2021,17:50,CHOQUE,1,2,0,SAN MARTIN,PICOTA,PICOTA,RURAL,CARRETERA,NACIONAL,PE-5N,-6.89955,-76.33663,LLUVIOSO,RURAL,TRAMO RECTO,PLANA,ASFALTADA,SIN_DATO,SIN_DATO,SIN_DATO,SIN_DATO,IMPRUDENCIA DEL CONDUCTOR,EXCESO DE VELOCIDAD,7758.33400008,2.0,Pavimentado,Bueno,1.0,No concesionado,Corredor IIRSA Norte,2133.0,7758.33400008,2.0,Pavimentado,Bueno,1.0,No concesionado,Corredor IIRSA Norte,2133.0,7758.33400008,2.0,Pavimentado,Bueno,1.0,No concesionado,Corredor IIRSA Norte,2133.0,220701,0.5348373114087734,74.72209379840524,50.761128211223074,7.730460204225324,1023.3669112145985,8873.344753747322,5645.1359999999995,815.0759999999999,965.298,3864.7619999999997,1013.406,4631.73,17.95184385283189,3,2,0,0,1,28.0,23.0,33.0,1.0,1.0,0.0,0.0,2,0,0.0,0.0,0.0,1.0,1.0,0.0,0.0,0.0,1.0,0.0
A-2021-03-170,03/03/2021,18:00,ATROPELLO,1,0,1,LIMA,LIMA,SAN JUAN DE LURIGANCHO,URBANA,CARRETERA,SIN CLASIFICAR,SIN CLASIFICAR,-11.960103612746728,-76.98185596768646,DESPEJADO,RESIDENCIAL,INTERSECCIÓN,PLANA,ASFALTADA,SIN_DATO,SIN_DATO,SIN_DATO,SIN_DATO,IMPRUDENCIA DEL PEATÓN,OTRO (IMPRUDENCIA DEL PEATÓN),,,,,,,,,,,,,,,,,,,,,,,,,150132,0.701053025277506,79.62867561460851,73.1469484600971,10.064317505194426,1464.6926161541437,1150285.0494171206,7626.313,1683.4029999999998,1599.0829999999996,4343.827000000001,1814.875,5811.438000000001,23.797541485643194,2,1,0,1,0,68.0,68.0,68.0,1.0,0.0,0.0,0.0,1,0,0.0,0.0,0.0,1.0,0.0,0.0,1.0,1.0,0.0,0.0
A-2021-03-7,03/03/2021,19:00,DESPISTE,1,0,1,AREQUIPA,AREQUIPA,CERRO COLORADO,URBANA,CARRETERA,DEPARTAMENTAL,AR-123,-16.3354896,-71.5971248,DESPEJADO,RESIDENCIAL,ÓVALO,PLANA,ASFALTADA,SIN_DATO,SIN_DATO,SIN_DATO,SIN_DATO,EN PROCESO DE INVESTIGACIÓN,NO CUENTA CON CAUSA ESPECIFICA,,,,,,,,,,,,,,,,,,,,,,,,,040104,0.6411767862503931,77.2408324916572,78.204125011303,10.595705083047715,1107.223861768016,193412.3169164882,10322.272,1495.2359999999999,1749.739,7077.2970000000005,2886.595,7435.677000000001,27.964725207783708,1,1,0,0,0,22.0,22.0,22.0,1.0,1.0,0.0,0.0,1,0,0.0,0.0,0.0,1.0,1.0,0.0,0.0,0.0,0.0,0.0
A-2021-03-103,03/03/2021,21:36,CHOQUE,1,0,2,CUSCO,CANCHIS,MARANGANI,RURAL,CARRETERA,NACIONAL,PE-3S,-14.321561,-71.200158,DESPEJADO,RURAL,TRAMO RECTO,PLANA,ASFALTADA,NO,SIN_DATO,SIN_DATO,SI,IMPRUDENCIA DEL CONDUCTOR,INVASIÓN DE CARRIL,7586.903,2.0,Pavimentado,Bueno,1.0,No concesionado,CO 10: Abancay - Ayacucho- Huancayo- La Oroya,1198.0,7586.903,2.0,Pavimentado,Bueno,1.0,No concesionado,CO 10: Abancay - Ayacucho- Huancayo- La Oroya,1198.0,7586.903,2.0,Pavimentado,Bueno,1.0,No concesionado,CO 10: Abancay - Ayacucho- Huancayo- La Oroya,1198.0,080604,0.3688068892893833,76.47283450634272,62.25751908213611,5.9696521090432615,372.1207781777657,9957.021413276232,17779.13499998999,2097.3709999899993,2863.123,12818.640999999989,2878.713,14900.421999989987,16.19152450331032,2,2,0,0,0,38.0,36.0,40.0,1.0,1.0,0.0,1.0,2,0,0.0,0.0,0.0,1.0,1.0,0.0,1.0,0.0,0.0,0.0
A-2021-03-64,03/03/2021,22:00,CAÍDA DE PASAJERO,1,0,0,CUSCO,CHUMBIVILCAS,QUIÑOTA,RURAL,CARRETERA,NACIONAL,PE-3SG,-14.311253,-72.142777,DESPEJADO,RURAL,TRAMO RECTO,PLANA,AFIRMADO,SIN_DATO,SIN_DATO,SIN_DATO,SIN_DATO,NEGLIGENCIA DEL CONDUCTOR,OTRO (NEGLIGENCIA DEL CONDUCTOR),1780.161,1.0,Asfaltado económico,Regular,0.0,No concesionado,No corresponde,490.0,1780.161,1.0,Asfaltado económico,Regular,0.0,No concesionado,No corresponde,490.0,1780.161,1.0,Asfaltado económico,Regular,0.0,No concesionado,No corresponde,490.0,080707,0.24115362486759148,71.16845637511706,43.01729543604399,3.905041875737651,212.90840002451836,4403.670235546038,17779.13499998999,2097.3709999899993,2863.123,12818.640999999989,2878.713,14900.421999989987,16.19152450331032,2,1,1,0,1,,,,1.0,0.0,0.0,0.0,1,1,1.0,0.0,0.0,0.0,0.0,0.0,0.0,0.0,0.0,1.0