CODIGO_SINIESTRO,FECHA SINIESTRO,HORA SINIESTRO,CLASE SINIESTRO,CANTIDAD DE FALLECIDOS,CANTIDAD DE LESIONADOS,CANTIDAD DE VEHICULOS DAÑADOS,DEPARTAMENTO,PROVINCIA,DISTRITO,ZONA,TIPO DE VÍA,RED VIAL,COD CARRETERA,COORDENADAS LATITUD,COORDENADAS  LONGITUD,CONDICIÓN CLIMÁTICA,ZONIFICACIÓN,CARACTERÍSTICAS DE VÍA,PERFIL LONGITUDINAL VÍA,SUPERFICIE DE CALZADA,¿EXISTE SEÑAL VERTICAL?,CLASIFICACIÓN DE LA SEÑAL VERTICAL Nº 1,CLASIFICACIÓN DE LA SEÑAL VERTICAL Nº 2,¿EXISTE SEÑAL HORIZONTAL?,CAUSA FACTOR PRINCIPAL,CAUSA ESPECÍFICA,MTC_RVN_LONGITUD_KM_x,MTC_RVN_N_CARRILES_MEDIANA_x,MTC_RVN_SUPERFICIE_DOMINANTE_x,MTC_RVN_ESTADO_DOMINANTE_x,MTC_RVN_ES_CONCESIONADA_x,MTC_RVN_CONCESION_PRINCIPAL_x,MTC_RVN_CORREDOR_LOGISTICO_x,MTC_RVN_N_TRAMOS_x,MTC_RVN_LONGITUD_KM_y,MTC_RVN_N_CARRILES_MEDIANA_y,MTC_RVN_SUPERFICIE_DOMINANTE_y,MTC_RVN_ESTADO_DOMINANTE_y,MTC_RVN_ES_CONCESIONADA_y,MTC_RVN_CONCESION_PRINCIPAL_y,MTC_RVN_CORREDOR_LOGISTICO_y,MTC_RVN_N_TRAMOS_y,MTC_RVN_LONGITUD_KM,MTC_RVN_N_CARRILES_MEDIANA,MTC_RVN_SUPERFICIE_DOMINANTE,MTC_RVN_ESTADO_DOMINANTE,MTC_RVN_ES_CONCESIONADA,MTC_RVN_CONCESION_PRINCIPAL,MTC_RVN_CORREDOR_LOGISTICO,MTC_RVN_N_TRAMOS,IDH_UBIGEO,IDH_2019,IDH_ESP_VIDA_2019,IDH_EDUC_SECUND_PCT_2019,IDH_ANIOS_EDUC_2019,IDH_INGRESO_PERCAP_2019,IDH_POBLACION_2019,MTC_DEP_RED_TOTAL_KM,MTC_DEP_NACIONAL_TOTAL_KM,MTC_DEP_DEPARTAMENTAL_TOTAL_KM,MTC_DEP_VECINAL_TOTAL_KM,MTC_DEP_PAV_TOTAL_KM,MTC_DEP_NO_PAV_TOTAL_KM,MTC_DEP_PCT_PAVIMENTADA,PER_TOTAL_PERSONAS,PER_N_CONDUCTORES,PER_N_CONDUCTORES_FUGADOS,PER_N_PEATONES,PER_N_PASAJEROS_OCUPANTES,PER_EDAD_COND_PROM,PER_EDAD_COND_MIN,PER_EDAD_COND_MAX,PER_ANY_COND_MASCULINO,PER_ANY_LIC_PROBLEMA,PER_ANY_DOSAJE_POS,PER_ANY_DOSAJE_EVALUADO,VEH_TOTAL,VEH_N_FUGADOS,VEH_ANY_FUGADO,VEH_ANY_CARGA,VEH_ANY_PUBLICO,VEH_ANY_PARTICULAR,VEH_ANY_MOTO,VEH_ANY_AUTO,VEH_ANY_CAMION_BUS,VEH_ANY_SOAT_PROBLEMA,VEH_ANY_CITV_PROBLEMA,VEH_ANY_SEGURO_PROBLEMA
A-2021-03-218,11/03/2021,17:40,CHOQUE CON OBJETO FIJO,1,0,1,LIMA,LIMA,PUENTE PIEDRA,URBANA,CARRETERA,NACIONAL,PE-1N,-11.91275,-77.07335,DESPEJADO,INDUSTRIAL,TRAMO RECTO,PLANA,ASFALTADA,SIN_DATO,SIN_DATO,SIN_DATO,SIN_DATO,IMPRUDENCIA DEL CONDUCTOR,EXCESO DE VELOCIDAD,6543.555,3.0,Pavimentado,Bueno,1.0,Autopista del Sol,Eje Estructurante Norte,1475.0,6543.555,3.0,Pavimentado,Bueno,1.0,Autopista del Sol,Eje Estructurante Norte,1475.0,6543.555,3.0,Pavimentado,Bueno,1.0,Autopista del Sol,Eje Estructurante Norte,1475.0,150125,0.6632628912836565,79.15155564666024,73.19223743118206,9.629669813837666,1289.452647666346,383699.2119914347,7626.313,1683.4029999999998,1599.0829999999996,4343.827000000001,1814.875,5811.438000000001,23.797541485643194,1,1,0,0,0,,,,1.0,0.0,0.0,0.0,1,0,0.0,0.0,0.0,0.0,1.0,0.0,0.0,0.0,0.0,0.0
A-2021-03-43,11/03/2021,20:30,ATROPELLO,1,0,1,PUNO,EL COLLAO,ILAVE,RURAL,CARRETERA,PROVINCIAL,PU-1149,-16.0551,-69.6171,DESPEJADO,RURAL,TRAMO RECTO,PLANA,ASFALTADA,SIN_DATO,SIN_DATO,SIN_DATO,SIN_DATO,IMPRUDENCIA DEL PEATÓN,ESTADO DE EBRIEDAD Y/O DROGADICCIÓN,,,,,,,,,,,,,,,,,,,,,,,,,210501,0.4020198374784472,77.80062735845667,75.295761294875,7.279851651626652,372.63390314535104,50686.62526766595,13642.312999999998,2020.7790000000005,2354.117,9267.416999999998,3314.0520000000006,10328.260999999997,24.29244952817019,2,1,0,1,0,20.0,20.0,20.0,1.0,0.0,0.0,0.0,1,0,0.0,1.0,0.0,0.0,0.0,0.0,1.0,0.0,0.0,0.0
A-2021-03-77,12/03/2021,04:30,DESPISTE,1,8,1,CUSCO,CANCHIS,MARANGANI,RURAL,CARRETERA,PROVINCIAL,CU-1430,-14.3569,-71.1589,LLUVIOSO,RURAL,CURVA,INCLINADA,AFIRMADO,SIN_DATO,SIN_DATO,SIN_DATO,SIN_DATO,IMPRUDENCIA DEL CONDUCTOR,EXCESO DE PASAJEROS O CARGA,,,,,,,,,,,,,,,,,,,,,,,,,080604,0.3688068892893833,76.47283450634272,62.25751908213611,5.9696521090432615,372.1207781777657,9957.021413276232,17779.13499998999,2097.3709999899993,2863.123,12818.640999999989,2878.713,14900.421999989987,16.19152450331032,10,1,0,0,9,67.0,67.0,67.0,1.0,0.0,0.0,1.0,1,0,0.0,0.0,0.0,1.0,0.0,0.0,1.0,1.0,0.0,0.0
A-2021-03-50,12/03/2021,06:30,CHOQUE,2,1,2,HUANUCO,LEONCIO PRADO,JOSE CRESPO Y CASTILLO,RURAL,CARRETERA,NACIONAL,PE-5N,-8.894713,-76.096844,NUBLADO,RURAL,TRAMO RECTO,PLANA,ASFALTADA,SIN_DATO,SIN_DATO,SIN_DATO,SIN_DATO,IMPRUDENCIA DEL CONDUCTOR,EXCESO DE VELOCIDAD,7758.33400008,2.0,Pavimentado,Bueno,1.0,No concesionado,Corredor IIRSA Norte,2133.0,7758.33400008,2.0,Pavimentado,Bueno,1.0,No concesionado,Corredor IIRSA Norte,2133.0,7758.33400008,2.0,Pavimentado,Bueno,1.0,No concesionado,Corredor IIRSA Norte,2133.0,100604,0.44889807822743194,72.32233236849576,48.83099256769076,6.808038769056246,716.252056011431,32955.28479657388,8209.057,1333.4779999999996,791.9770000000001,6083.602,1059.8589999999997,7149.198,12.910849565303295,4,2,0,0,2,28.0,23.0,33.0,1.0,1.0,0.0,0.0,2,0,0.0,1.0,0.0,0.0,1.0,0.0,1.0,0.0,1.0,0.0
A-2021-03-48,12/03/2021,06:45,ATROPELLO,1,0,1,CUSCO,CUSCO,SAN SEBASTIAN,URBANA,AVENIDA,URBANO,NO CORRESPONDE,-13.531674,-71.916772,DESPEJADO,RESIDENCIAL,TRAMO RECTO,PLANA,ASFALTADA,SI,PREVENTIVA (P),REGULADORA (R),NO,NEGLIGENCIA DEL CONDUCTOR,OTRO (NEGLIGENCIA DEL CONDUCTOR),,,,,,,,,,,,,,,,,,,,,,,,,080105,0.6806292796157144,77.51447806142957,82.6599812385644,11.044400293146794,1245.5372385926626,131240.7944325482,17779.13499998999,2097.3709999899993,2863.123,12818.640999999989,2878.713,14900.421999989987,16.19152450331032,2,1,0,1,0,21.0,21.0,21.0,1.0,0.0,0.0,1.0,1,0,0.0,0.0,0.0,1.0,0.0,1.0,0.0,0.0,0.0,0.0
A-2021-03-180,12/03/2021,07:35,CHOQUE,1,23,2,LAMBAYEQUE,LAMBAYEQUE,OLMOS,RURAL,CARRETERA,NACIONAL,PE-1N,-6.3690787,-80.2055165,DESPEJADO,RURAL,OTRO,PLANA,ASFALTADA,SI,REGULADORA (R),PREVENTIVA (P),NO,EN PROCESO DE INVESTIGACIÓN,NO CUENTA CON CAUSA ESPECIFICA,6543.555,3.0,Pavimentado,Bueno,1.0,Autopista del Sol,Eje Estructurante Norte,1475.0,6543.555,3.0,Pavimentado,Bueno,1.0,Autopista del Sol,Eje Estructurante Norte,1475.0,6543.555,3.0,Pavimentado,Bueno,1.0,Autopista del Sol,Eje Estructurante Norte,1475.0,140308,0.47030914572969423,74.91176543888524,59.04522375211969,6.365443427676777,742.49897987499,44335.321199143465,3459.691,515.0619999999999,689.7280000000001,2254.901,703.3549999999999,2756.3360000000002,20.329994788551925,24,2,0,0,22,37.0,27.0,47.0,1.0,1.0,0.0,1.0,2,0,0.0,1.0,1.0,0.0,0.0,0.0,1.0,0.0,0.0,0.0
A-2021-03-78,12/03/2021,08:00,ATROPELLO,1,0,0,PIURA,PIURA,CASTILLA,URBANA,CARRETERA,NACIONAL,PE-1NJ,-5.185041,-80.586141,DESPEJADO,RURAL,TRAMO RECTO,PLANA,ASFALTADA,SI,PREVENTIVA (P),PREVENTIVA (P),NO,EN PROCESO DE INVESTIGACIÓN,NO CUENTA CON CAUSA ESPECIFICA,1305.18,2.0,Pavimentado,Bueno,1.0,Eje Multimodal Amazonas Norte,Corredor IIRSA Norte,163.0,1305.18,2.0,Pavimentado,Bueno,1.0,Eje Multimodal Amazonas Norte,Corredor IIRSA Norte,163.0,1305.18,2.0,Pavimentado,Bueno,1.0,Eje Multimodal Amazonas Norte,Corredor IIRSA Norte,163.0,200104,0.6220812987247925,80.20155828147696,72.71675503872983,10.02377668600292,1028.915688621886,159840.92719486082,8965.846000060003,1782.4120000599992,636.9959999999999,6546.438000000004,2214.505000059999,6751.341000000004,24.699342371541725,2,1,0,1,0,69.0,69.0,69.0,1.0,0.0,0.0,1.0,1,0,0.0,0.0,0.0,1.0,0.0,0.0,1.0,0.0,0.0,0.0
A-2021-03-63,12/03/2021,10:00,CHOQUE,1,0,2,LA LIBERTAD,TRUJILLO,LAREDO,RURAL,CARRETERA,NACIONAL,PE-10A,-8.016867521254301,-78.83514398371496,DESPEJADO,RURAL,TRAMO RECTO,PLANA,ASFALTADA,SIN_DATO,SIN_DATO,SIN_DATO,SIN_DATO,IMPRUDENCIA DEL CONDUCTOR,OTRO (IMPRUDENCIA DEL CONDUCTOR),610.6099999999999,2.0,Pavimentado,Bueno,1.0,Longitudinal de la Sierra - Tramo 2: Ciudad de Dios - Cajamarca - Chiple - Cajamarca - Trujillo - Dv. Chilete - Emp. PE-3N,Corredor Trujillo - Huamachuco - Cajamarca,100.0,610.6099999999999,2.0,Pavimentado,Bueno,1.0,Longitudinal de la Sierra - Tramo 2: Ciudad de Dios - Cajamarca - Chiple - Cajamarca - Trujillo - Dv. Chilete - Emp. PE-3N,Corredor Trujillo - Huamachuco - Cajamarca,100.0,610.6099999999999,2.0,Pavimentado,Bueno,1.0,Longitudinal de la Sierra - Tramo 2: Ciudad de Dios - Cajamarca - Chiple - Cajamarca - Trujillo - Dv. Chilete - Emp. PE-3N,Corredor Trujillo - Huamachuco - Cajamarca,100.0,130106,0.5929579484728337,80.24150924632623,64.75837382721711,8.51830466766158,1043.4182142665845,34739.39614561028,8931.828000000005,1335.5899999999997,1935.9830000000004,5660.255000000005,1219.309,7712.519000000005,13.651281686122923,2,2,0,0,0,25.0,20.0,30.0,1.0,0.0,0.0,0.0,2,0,0.0,0.0,1.0,1.0,0.0,0.0,1.0,0.0,0.0,0.0
A-2021-03-105,12/03/2021,13:00,VOLCADURA,1,0,1,CUSCO,ESPINAR,ESPINAR,URBANA,CALLE,URBANO,NO CORRESPONDE,-14.784459,-71.462374,DESPEJADO,RESIDENCIAL,TRAMO RECTO,PLANA,AFIRMADO,SIN_DATO,SIN_DATO,SIN_DATO,SIN_DATO,IMPRUDENCIA DEL CONDUCTOR,CONDUCIR EN ESTADO DE EBRIEDAD Y/O DROGADICCIÓN,,,,,,,,,,,,,,,,,,,,,,,,,080801,0.553052655456334,69.21726434550523,74.04128761826507,8.709280027519238,977.6848841665503,33976.192719486084,17779.13499998999,2097.3709999899993,2863.123,12818.640999999989,2878.713,14900.421999989987,16.19152450331032,1,1,0,0,0,28.0,28.0,28.0,1.0,0.0,0.0,0.0,1,0,0.0,0.0,0.0,1.0,1.0,0.0,0.0,1.0,1.0,0.0
A-2021-03-221,12/03/2021,16:00,ATROPELLO,1,0,1,LIMA,LIMA,PUEBLO LIBRE,URBANA,AVENIDA,URBANO,NO CORRESPONDE,-12.08142,-77.05889,DESPEJADO,INDUSTRIAL,TRAMO RECTO,PLANA,ASFALTADA,SIN_DATO,SIN_DATO,SIN_DATO,SIN_DATO,EN PROCESO DE INVESTIGACIÓN,NO CUENTA CON CAUSA ESPECIFICA,,,,,,,,,,,,,,,,,,,,,,,,,,,,,,,,7626.313,1683.4029999999998,1599.0829999999996,4343.827000000001,1814.875,5811.438000000001,23.797541485643194,2,1,0,1,0,39.0,39.0,39.0,1.0,0.0,0.0,0.0,1,0,0.0,0.0,1.0,0.0,0.0,0.0,1.0,1.0,0.0,0.0
A-2021-03-92,12/03/2021,18:30,CHOQUE FUGA,1,1,2,JUNIN,CHANCHAMAYO,SAN RAMON,URBANA,CARRETERA,NACIONAL,PE-22B,-11.126949689311978,-75.36334645316921,DESPEJADO,RURAL,TRAMO RECTO,INCLINADA,ASFALTADA,SIN_DATO,SIN_DATO,SIN_DATO,SIN_DATO,IMPRUDENCIA DEL CONDUCTOR,EXCESO DE VELOCIDAD,600.0300000000001,2.0,Pavimentado,Bueno,0.0,No concesionado,CO 17: La Oroya - Tarma- La Merced- Satipo,178.0,600.0300000000001,2.0,Pavimentado,Bueno,0.0,No concesionado,CO 17: La Oroya - Tarma- La Merced- Satipo,178.0,600.0300000000001,2.0,Pavimentado,Bueno,0.0,No concesionado,CO 17: La Oroya - Tarma- La Merced- Satipo,178.0,120305,0.5524312122883903,74.69278428872114,62.924176307590606,8.661674602491013,944.9757327320937,25835.76017130621,12264.545,1826.4639999999995,1105.5389999999998,9332.542000000001,1588.5359999999996,10676.009,12.952261987705208,4,2,1,0,2,38.5,29.0,48.0,1.0,0.0,0.0,1.0,2,0,0.0,1.0,0.0,0.0,1.0,0.0,1.0,0.0,0.0,0.0
A-2021-03-70,12/03/2021,19:00,DESPISTE,1,0,1,PIURA,SECHURA,VICE,RURAL,CARRETERA,NACIONAL,PE-1NK,-5.402755,-80.752317,DESPEJADO,RURAL,TRAMO RECTO,PLANA,ASFALTADA,SIN_DATO,SIN_DATO,SIN_DATO,SIN_DATO,IMPRUDENCIA DEL CONDUCTOR,OTRO (IMPRUDENCIA DEL CONDUCTOR),453.9549999999999,2.0,Pavimentado,Regular,0.0,No concesionado,No corresponde,133.0,453.9549999999999,2.0,Pavimentado,Regular,0.0,No concesionado,No corresponde,133.0,453.9549999999999,2.0,Pavimentado,Regular,0.0,No concesionado,No corresponde,133.0,200805,0.4078315256639867,72.18782112824292,57.15393862397758,6.1289994455100185,544.340202434044,15803.916488222698,8965.846000060003,1782.4120000599992,636.9959999999999,6546.438000000004,2214.505000059999,6751.341000000004,24.699342371541725,1,1,0,0,0,43.0,43.0,43.0,1.0,0.0,0.0,0.0,1,0,0.0,0.0,1.0,0.0,1.0,0.0,0.0,1.0,1.0,0.0
A-2021-03-67,12/03/2021,19:50,CHOQUE,1,0,2,AREQUIPA,AREQUIPA,YURA,URBANA,CARRETERA,NACIONAL,PE-34A,-16.278201,-71.658954,DESPEJADO,RURAL,TRAMO RECTO,INCLINADA,ASFALTADA,NO,SIN_DATO,SIN_DATO,SI,IMPRUDENCIA DEL CONDUCTOR,INVASIÓN DE CARRIL,1504.4250000000002,2.0,Pavimentado,Bueno,1.0,IIRSA Sur - Tramo 5: Matarani - Azángaro - Ilo,Corredor Matarani - Arequipa - Juliaca,241.0,1504.4250000000002,2.0,Pavimentado,Bueno,1.0,IIRSA Sur - Tramo 5: Matarani - Azángaro - Ilo,Corredor Matarani - Arequipa - Juliaca,241.0,1504.4250000000002,2.0,Pavimentado,Bueno,1.0,IIRSA Sur - Tramo 5: Matarani - Azángaro - Ilo,Corredor Matarani - Arequipa - Juliaca,241.0,040128,0.6005060748875158,78.21704200773246,77.40211893847457,8.994742794352394,996.014120858737,33335.45824411135,10322.272,1495.2359999999999,1749.739,7077.2970000000005,2886.595,7435.677000000001,27.964725207783708,2,2,0,0,0,37.5,31.0,44.0,1.0,1.0,0.0,1.0,3,1,1.0,1.0,0.0,0.0,0.0,1.0,1.0,0.0,0.0,0.0
A-2021-03-282,12/03/2021,20:20,CHOQUE,1,1,1,PASCO,PASCO,VICCO,URBANA,CARRETERA,NACIONAL,PE-3N,-10.818273679466634,-76.20787658954369,LLUVIOSO,RURAL,TRAMO RECTO,PLANA,ASFALTADA,SIN_DATO,SIN_DATO,SIN_DATO,SIN_DATO,EN PROCESO DE INVESTIGACIÓN,NO CUENTA CON CAUSA ESPECIFICA,9936.932,2.0,Pavimentado,Bueno,1.0,No concesionado,No corresponde,3830.0,9936.932,2.0,Pavimentado,Bueno,1.0,No concesionado,No corresponde,3830.0,9936.932,2.0,Pavimentado,Bueno,1.0,No concesionado,No corresponde,3830.0,190112,0.5504119035884192,75.43230905365627,74.36517816070992,8.725728339328322,846.9876218279496,2500.653104925054,3677.1198630000004,564.5869999999999,910.845,2201.6878630000006,590.8779999999998,3086.2418630000006,16.06904376290656,3,2,0,0,1,44.0,41.0,47.0,1.0,0.0,0.0,1.0,2,0,0.0,1.0,0.0,1.0,0.0,1.0,1.0,1.0,0.0,0.0
A-2021-03-76,12/03/2021,23:00,CHOQUE CON OBJETO FIJO,1,0,1,ICA,ICA,SANTIAGO,RURAL,CARRETERA,SIN CLASIFICAR,SIN CLASIFICAR,-14.25426,-75.692065,DESPEJADO,RURAL,TRAMO RECTO,PLANA,ASFALTADA,SIN_DATO,SIN_DATO,SIN_DATO,SIN_DATO,IMPRUDENCIA DEL CONDUCTOR,OTRO (IMPRUDENCIA DEL CONDUCTOR),,,,,,,,,,,,,,,,,,,,,,,,,110111,0.6261042306271147,80.48505954362174,76.55712631348362,9.341715591523595,1061.002261282891,31419.372591006424,3721.461,698.1859999999996,744.866,2278.409,1102.9029999999996,2618.558,29.636290693359403,1,1,0,0,0,33.0,33.0,33.0,1.0,1.0,0.0,0.0,1,0,0.0,0.0,0.0,1.0,1.0,0.0,0.0,1.0,1.0,0.0
A-2021-03-73,13/03/2021,00:10,ATROPELLO,1,0,1,AREQUIPA,AREQUIPA,CERRO COLORADO,URBANA,CARRETERA,NACIONAL,PE-34A,-16.3758069,-71.5751028,DESPEJADO,COMERCIAL,TRAMO RECTO,INCLINADA,ASFALTADA,NO,SIN_DATO,SIN_DATO,SI,IMPRUDENCIA DEL CONDUCTOR,OTRO (IMPRUDENCIA DEL CONDUCTOR),1504.4250000000002,2.0,Pavimentado,Bueno,1.0,IIRSA Sur - Tramo 5: Matarani - Azángaro - Ilo,Corredor Matarani - Arequipa - Juliaca,241.0,1504.4250000000002,2.0,Pavimentado,Bueno,1.0,IIRSA Sur - Tramo 5: Matarani - Azángaro - Ilo,Corredor Matarani - Arequipa - Juliaca,241.0,1504.4250000000002,2.0,Pavimentado,Bueno,1.0,IIRSA Sur - Tramo 5: Matarani - Azángaro - Ilo,Corredor Matarani - Arequipa - Juliaca,241.0,040104,0.6411767862503931,77.2408324916572,78.204125011303,10.595705083047715,1107.223861768016,193412.3169164882,10322.272,1495.2359999999999,1749.739,7077.2970000000005,2886.595,7435.677000000001,27.964725207783708,2,1,0,1,0,28.0,28.0,28.0,1.0,0.0,0.0,1.0,1,0,0.0,1.0,0.0,0.0,0.0,0.0,1.0,0.0,0.0,0.0
A-2021-03-274,13/03/2021,01:00,CHOQUE,2,8,2,HUANCAVELICA,HUAYTARA,PILPICHACA,RURAL,CARRETERA,NACIONAL,PE-28E,-13.353474,-74.954488,DESPEJADO,RURAL,TRAMO RECTO,PLANA,ASFALTADA,SIN_DATO,SIN_DATO,SIN_DATO,SIN_DATO,IMPRUDENCIA DEL CONDUCTOR,OTRO (IMPRUDENCIA DEL CONDUCTOR),151.11500000000004,1.0,Asfaltado económico,Regular,0.0,No concesionado,No corresponde,37.0,151.11500000000004,1.0,Asfaltado económico,Regular,0.0,No concesionado,No corresponde,37.0,151.11500000000004,1.0,Asfaltado económico,Regular,0.0,No concesionado,No corresponde,37.0,090607,0.2997946406100768,72.83003345209801,46.42647217987546,4.997510303405721,292.6881439974165,3327.8779443254816,8511.426,1445.3929999999996,2008.516,5057.516999999999,1879.5789999999997,6631.846999999998,22.083009357068956,10,2,0,0,8,28.0,28.0,28.0,1.0,1.0,0.0,1.0,2,0,0.0,0.0,0.0,1.0,0.0,1.0,1.0,0.0,0.0,0.0
A-2021-03-107,13/03/2021,03:00,DESPISTE,2,0,1,LIMA,HUAURA,HUACHO,RURAL,CARRETERA,NACIONAL,PE-1N,-11.248954826898862,-77.52969139879113,DESPEJADO,RURAL,TRAMO RECTO,PLANA,ASFALTADA,SI,REGULADORA (R),SIN_DATO,NO,EN PROCESO DE INVESTIGACIÓN,NO CUENTA CON CAUSA ESPECIFICA,6543.555,3.0,Pavimentado,Bueno,1.0,Autopista del Sol,Eje Estructurante Norte,1475.0,6543.555,3.0,Pavimentado,Bueno,1.0,Autopista del Sol,Eje Estructurante Norte,1475.0,6543.555,3.0,Pavimentado,Bueno,1.0,Autopista del Sol,Eje Estructurante Norte,1475.0,150801,0.7327345537337897,78.20903814342847,76.31492653513806,13.642917835589472,1405.6698219039215,62016.218415417556,7626.313,1683.4029999999998,1599.0829999999996,4343.827000000001,1814.875,5811.438000000001,23.797541485643194,2,1,0,0,1,36.0,36.0,36.0,1.0,0.0,0.0,0.0,1,0,0.0,0.0,0.0,1.0,0.0,1.0,0.0,0.0,0.0,0.0
A-2021-03-168,13/03/2021,08:29,ESPECIAL,1,0,0,SAN MARTIN,RIOJA,PARDO MIGUEL,URBANA,CARRETERA,NACIONAL,PE-5N,-5.746693705628321,-77.47625704613425,LLUVIOSO,RESIDENCIAL,TRAMO RECTO,PLANA,ASFALTADA,SIN_DATO,SIN_DATO,SIN_DATO,SIN_DATO,IMPRUDENCIA DEL CONDUCTOR,CONDUCIR EN ESTADO DE EBRIEDAD Y/O DROGADICCIÓN,7758.33400008,2.0,Pavimentado,Bueno,1.0,No concesionado,Corredor IIRSA Norte,2133.0,7758.33400008,2.0,Pavimentado,Bueno,1.0,No concesionado,Corredor IIRSA Norte,2133.0,7758.33400008,2.0,Pavimentado,Bueno,1.0,No concesionado,Corredor IIRSA Norte,2133.0,220805,0.395409368693869,74.01814372927417,48.94523443220634,5.029353255237231,594.0921143791977,22212.160599571733,5645.1359999999995,815.0759999999999,965.298,3864.7619999999997,1013.406,4631.73,17.95184385283189,1,1,0,0,0,36.0,36.0,36.0,1.0,1.0,0.0,0.0,1,0,0.0,0.0,0.0,1.0,1.0,0.0,0.0,1.0,1.0,0.0
A-2021-03-79,13/03/2021,15:40,ATROPELLO,1,0,1,SAN MARTIN,RIOJA,NUEVA CAJAMARCA,URBANA,CARRETERA,NACIONAL,PE-5N,-5.92532612047425,-77.31517099342778,DESPEJADO,COMERCIAL,TRAMO RECTO,PLANA,ASFALTADA,SIN_DATO,PREVENTIVA (P),PREVENTIVA (P),SIN_DATO,IMPRUDENCIA DEL CONDUCTOR,OTRO (IMPRUDENCIA DEL CONDUCTOR),7758.33400008,2.0,Pavimentado,Bueno,1.0,No concesionado,Corredor IIRSA Norte,2133.0,7758.33400008,2.0,Pavimentado,Bueno,1.0,No concesionado,Corredor IIRSA Norte,2133.0,7758.33400008,2.0,Pavimentado,Bueno,1.0,No concesionado,Corredor IIRSA Norte,2133.0,220804,0.4789759027469384,73.43778249935497,54.01635312204597,6.285279694551369,847.2910954428505,47552.6295503212,5645.1359999999995,815.0759999999999,965.298,3864.7619999999997,1013.406,4631.73,17.95184385283189,2,1,0,1,0,20.0,20.0,20.0,1.0,0.0,1.0,1.0,1,0,0.0,0.0,0.0,1.0,0.0,1.0,0.0,0.0,0.0,0.0
A-2021-03-82,13/03/2021,16:50,CHOQUE,1,5,2,PIURA,MORROPON,CHULUCANAS,RURAL,CARRETERA,SIN CLASIFICAR,SIN CLASIFICAR,-5.00954765882599,-80.2211168608005,DESPEJADO,RURAL,CURVA,PLANA,TROCHA,SIN_DATO,SIN_DATO,SIN_DATO,SIN_DATO,EN PROCESO DE INVESTIGACIÓN,NO CUENTA CON CAUSA ESPECIFICA,,,,,,,,,,,,,,,,,,,,,,,,,200401,0.4653748048968089,74.19666709322776,61.11371397478021,6.596218102126203,701.9088264424688,75914.02997858672,8965.846000060003,1782.4120000599992,636.9959999999999,6546.438000000004,2214.505000059999,6751.341000000004,24.699342371541725,6,2,0,0,4,35.0,24.0,46.0,1.0,1.0,0.0,1.0,2,0,0.0,0.0,0.0,0.0,1.0,0.0,0.0,1.0,1.0,0.0
A-2021-03-373,13/03/2021,20:20,ATROPELLO FUGA,1,0,1,ANCASH,SANTA,CHIMBOTE,RURAL,CARRETERA,DEPARTAMENTAL,AN-107,-9.033604854509422,-78.56125272044436,DESPEJADO,RURAL,TRAMO RECTO,PLANA,ASFALTADA,SIN_DATO,SIN_DATO,SIN_DATO,SIN_DATO,EN PROCESO DE INVESTIGACIÓN,NO CUENTA CON CAUSA ESPECIFICA,,,,,,,,,,,,,,,,,,,,,,,,,021801,0.6138280897610826,78.84695742989106,71.99259200326753,9.438855747011283,1055.78291711923,196830.83083511778,10767.648000000001,1885.0630000000003,1222.721,7659.864000000001,2100.343,8667.305000000002,19.506051832303577,2,1,1,1,0,,,,0.0,0.0,0.0,0.0,1,1,1.0,0.0,0.0,0.0,0.0,0.0,0.0,0.0,0.0,1.0
A-2021-03-320,13/03/2021,21:00,CHOQUE FUGA,1,0,1,LAMBAYEQUE,FERREÑAFE,FERREÑAFE,RURAL,CARRETERA,PROVINCIAL,LA-712,-6.678596,-79.781781,DESPEJADO,RURAL,OTRO,PLANA,TROCHA,SIN_DATO,SIN_DATO,SIN_DATO,SIN_DATO,EN PROCESO DE INVESTIGACIÓN,NO CUENTA CON CAUSA ESPECIFICA,,,,,,,,,,,,,,,,,,,,,,,,,140201,0.5110846256157147,68.87191436583258,65.67157893754222,9.535932277812947,787.4179581342529,35704.93147751606,3459.691,515.0619999999999,689.7280000000001,2254.901,703.3549999999999,2756.3360000000002,20.329994788551925,2,2,1,0,0,41.0,41.0,41.0,1.0,0.0,0.0,0.0,2,1,1.0,0.0,1.0,0.0,1.0,0.0,0.0,1.0,1.0,1.0
A-2021-03-81,13/03/2021,23:30,ATROPELLO FUGA,1,1,1,AREQUIPA,AREQUIPA,CAYMA,URBANA,AVENIDA,URBANO,NO CORRESPONDE,-16.31881119565338,-71.52969234622411,DESPEJADO,RESIDENCIAL,CURVA,INCLINADA,ASFALTADA,SIN_DATO,SIN_DATO,SIN_DATO,SIN_DATO,IMPRUDENCIA DEL CONDUCTOR,EXCESO DE VELOCIDAD,,,,,,,,,,,,,,,,,,,,,,,,,040103,0.6738551636003771,78.16730405462371,80.12651178794934,11.26654579524565,1199.6180061497348,97926.27408993576,10322.272,1495.2359999999999,1749.739,7077.2970000000005,2886.595,7435.677000000001,27.964725207783708,3,1,1,2,0,32.0,32.0,32.0,1.0,0.0,0.0,0.0,1,1,1.0,0.0,0.0,1.0,0.0,0.0,1.0,0.0,0.0,0.0