CODIGO_SINIESTRO,FECHA SINIESTRO,HORA SINIESTRO,CLASE SINIESTRO,CANTIDAD DE FALLECIDOS,CANTIDAD DE LESIONADOS,CANTIDAD DE VEHICULOS DAÑADOS,DEPARTAMENTO,PROVINCIA,DISTRITO,ZONA,TIPO DE VÍA,RED VIAL,COD CARRETERA,COORDENADAS LATITUD,COORDENADAS  LONGITUD,CONDICIÓN CLIMÁTICA,ZONIFICACIÓN,CARACTERÍSTICAS DE VÍA,PERFIL LONGITUDINAL VÍA,SUPERFICIE DE CALZADA,¿EXISTE SEÑAL VERTICAL?,CLASIFICACIÓN DE LA SEÑAL VERTICAL Nº 1,CLASIFICACIÓN DE LA SEÑAL VERTICAL Nº 2,¿EXISTE SEÑAL HORIZONTAL?,CAUSA FACTOR PRINCIPAL,CAUSA ESPECÍFICA,MTC_RVN_LONGITUD_KM_x,MTC_RVN_N_CARRILES_MEDIANA_x,MTC_RVN_SUPERFICIE_DOMINANTE_x,MTC_RVN_ESTADO_DOMINANTE_x,MTC_RVN_ES_CONCESIONADA_x,MTC_RVN_CONCESION_PRINCIPAL_x,MTC_RVN_CORREDOR_LOGISTICO_x,MTC_RVN_N_TRAMOS_x,MTC_RVN_LONGITUD_KM_y,MTC_RVN_N_CARRILES_MEDIANA_y,MTC_RVN_SUPERFICIE_DOMINANTE_y,MTC_RVN_ESTADO_DOMINANTE_y,MTC_RVN_ES_CONCESIONADA_y,MTC_RVN_CONCESION_PRINCIPAL_y,MTC_RVN_CORREDOR_LOGISTICO_y,MTC_RVN_N_TRAMOS_y,MTC_RVN_LONGITUD_KM,MTC_RVN_N_CARRILES_MEDIANA,MTC_RVN_SUPERFICIE_DOMINANTE,MTC_RVN_ESTADO_DOMINANTE,MTC_RVN_ES_CONCESIONADA,MTC_RVN_CONCESION_PRINCIPAL,MTC_RVN_CORREDOR_LOGISTICO,MTC_RVN_N_TRAMOS,IDH_UBIGEO,IDH_2019,IDH_ESP_VIDA_2019,IDH_EDUC_SECUND_PCT_2019,IDH_ANIOS_EDUC_2019,IDH_INGRESO_PERCAP_2019,IDH_POBLACION_2019,MTC_DEP_RED_TOTAL_KM,MTC_DEP_NACIONAL_TOTAL_KM,MTC_DEP_DEPARTAMENTAL_TOTAL_KM,MTC_DEP_VECINAL_TOTAL_KM,MTC_DEP_PAV_TOTAL_KM,MTC_DEP_NO_PAV_TOTAL_KM,MTC_DEP_PCT_PAVIMENTADA,PER_TOTAL_PERSONAS,PER_N_CONDUCTORES,PER_N_CONDUCTORES_FUGADOS,PER_N_PEATONES,PER_N_PASAJEROS_OCUPANTES,PER_EDAD_COND_PROM,PER_EDAD_COND_MIN,PER_EDAD_COND_MAX,PER_ANY_COND_MASCULINO,PER_ANY_LIC_PROBLEMA,PER_ANY_DOSAJE_POS,PER_ANY_DOSAJE_EVALUADO,VEH_TOTAL,VEH_N_FUGADOS,VEH_ANY_FUGADO,VEH_ANY_CARGA,VEH_ANY_PUBLICO,VEH_ANY_PARTICULAR,VEH_ANY_MOTO,VEH_ANY_AUTO,VEH_ANY_CAMION_BUS,VEH_ANY_SOAT_PROBLEMA,VEH_ANY_CITV_PROBLEMA,VEH_ANY_SEGURO_PROBLEMA
A-2021-04-314,03/04/2021,07:47,ATROPELLO,1,0,1,HUANUCO,HUANUCO,AMARILIS,URBANA,AVENIDA,URBANO,NO CORRESPONDE,-9.938782,-76.244047,DESPEJADO,COMERCIAL,TRAMO RECTO,PLANA,ASFALTADA,SIN_DATO,SIN_DATO,SIN_DATO,SIN_DATO,IMPRUDENCIA DEL CONDUCTOR,CONDUCIR EN ESTADO DE EBRIEDAD Y/O DROGADICCIÓN,,,,,,,,,,,,,,,,,,,,,,,,,100102,0.6180444460983137,74.03039022888252,77.03642562714263,10.109576076622472,1095.6415212894094,74635.5374732334,8209.057,1333.4779999999996,791.9770000000001,6083.602,1059.8589999999997,7149.198,12.910849565303295,2,1,1,1,0,26.0,26.0,26.0,1.0,0.0,1.0,1.0,1,0,0.0,0.0,0.0,1.0,0.0,1.0,0.0,1.0,1.0,0.0
A-2021-04-219,03/04/2021,10:30,ATROPELLO,1,0,1,LIMA,LIMA,SAN MARTIN DE PORRES,RURAL,AVENIDA,URBANO,NO CORRESPONDE,-12.015548,-77.052266,DESPEJADO,INDUSTRIAL,TRAMO RECTO,PLANA,ASFALTADA,SIN_DATO,SIN_DATO,SIN_DATO,SIN_DATO,IMPRUDENCIA DEL PEATÓN,OTRO (IMPRUDENCIA DEL PEATÓN),,,,,,,,,,,,,,,,,,,,,,,,,150135,0.7419979630670723,80.31822295927182,79.00446395716813,11.084203715652809,1554.6868971011318,739416.2413542903,7626.313,1683.4029999999998,1599.0829999999996,4343.827000000001,1814.875,5811.438000000001,23.797541485643194,2,1,0,1,0,47.0,47.0,47.0,1.0,1.0,0.0,0.0,1,0,0.0,0.0,0.0,1.0,0.0,1.0,0.0,1.0,0.0,0.0
A-2021-04-180,03/04/2021,13:40,DESPISTE,1,0,1,CUSCO,ACOMAYO,SANGARARA,RURAL,CARRETERA,SIN CLASIFICAR,SIN CLASIFICAR,-13.93799,-71.619028188,DESPEJADO,RURAL,CURVA,INCLINADA,TROCHA,SIN_DATO,SIN_DATO,SIN_DATO,SIN_DATO,NEGLIGENCIA DEL CONDUCTOR,OTRO (NEGLIGENCIA DEL CONDUCTOR),,,,,,,,,,,,,,,,,,,,,,,,,080207,0.2839733004600617,60.62202310654004,65.3437272939549,4.857201866936671,288.4908469332223,3215.259100642398,17779.13499998999,2097.3709999899993,2863.123,12818.640999999989,2878.713,14900.421999989987,16.19152450331032,2,1,0,0,1,29.0,29.0,29.0,1.0,1.0,0.0,0.0,1,0,0.0,1.0,0.0,0.0,1.0,0.0,0.0,1.0,0.0,0.0
A-2021-04-19,03/04/2021,13:40,ATROPELLO,1,0,1,ANCASH,YUNGAY,YUNGAY,RURAL,CARRETERA,NACIONAL,PE-3N,-9.12154631379743,-77.76274894606632,NUBLADO,RURAL,TRAMO RECTO,PLANA,ASFALTADA,SI,PREVENTIVA (P),INFORMATIVA (I),NO,IMPRUDENCIA DEL CONDUCTOR,EXCESO DE VELOCIDAD,9936.932,2.0,Pavimentado,Bueno,1.0,No concesionado,No corresponde,3830.0,9936.932,2.0,Pavimentado,Bueno,1.0,No concesionado,No corresponde,3830.0,9936.932,2.0,Pavimentado,Bueno,1.0,No concesionado,No corresponde,3830.0,022001,0.4225175571417921,72.0073136099048,61.38289654748469,6.311615395277217,572.3923378688387,21231.406852248394,10767.648000000001,1885.0630000000003,1222.721,7659.864000000001,2100.343,8667.305000000002,19.506051832303577,2,1,0,1,0,40.0,40.0,40.0,1.0,0.0,0.0,1.0,1,0,0.0,0.0,0.0,1.0,0.0,0.0,1.0,0.0,0.0,0.0
A-2021-04-17,04/04/2021,04:50,DESPISTE,1,7,1,ICA,ICA,SALAS,URBANA,CARRETERA,NACIONAL,PE-1S,-13.93082,-75.925659,DESPEJADO,RESIDENCIAL,TRAMO RECTO,PLANA,ASFALTADA,SIN_DATO,SIN_DATO,SIN_DATO,SIN_DATO,IMPRUDENCIA DEL CONDUCTOR,CONDUCIR EN ESTADO DE EBRIEDAD Y/O DROGADICCIÓN,6639.975,2.0,Pavimentado,Bueno,1.0,No concesionado,Eje Estructurante Sur,1616.0,6639.975,2.0,Pavimentado,Bueno,1.0,No concesionado,Eje Estructurante Sur,1616.0,6639.975,2.0,Pavimentado,Bueno,1.0,No concesionado,Eje Estructurante Sur,1616.0,110108,0.6053164595604621,78.88848309050202,67.63954639531094,9.133324993872453,1064.9426147896202,27932.19700214133,3721.461,698.1859999999996,744.866,2278.409,1102.9029999999996,2618.558,29.636290693359403,9,1,0,0,8,36.0,36.0,36.0,1.0,0.0,1.0,1.0,1,0,0.0,0.0,0.0,0.0,0.0,0.0,1.0,0.0,0.0,0.0
A-2021-04-311,04/04/2021,12:30,ATROPELLO,1,0,1,PIURA,SULLANA,SULLANA,URBANA,CALLE,URBANO,NO CORRESPONDE,-4.909915205679431,-80.68494015346894,DESPEJADO,RURAL,TRAMO RECTO,PLANA,AFIRMADO,SIN_DATO,SIN_DATO,SIN_DATO,SIN_DATO,IMPRUDENCIA DEL CONDUCTOR,OTRO (IMPRUDENCIA DEL CONDUCTOR),,,,,,,,,,,,,,,,,,,,,,,,,200601,0.5657000696312142,79.93504063107561,71.14438533384025,9.31841991972829,829.1233898514824,181599.81156316918,8965.846000060003,1782.4120000599992,636.9959999999999,6546.438000000004,2214.505000059999,6751.341000000004,24.699342371541725,2,1,0,1,0,34.0,34.0,34.0,1.0,0.0,0.0,1.0,1,0,0.0,1.0,0.0,0.0,1.0,0.0,0.0,1.0,1.0,1.0
A-2021-04-168,04/04/2021,14:45,CHOQUE,1,0,2,JUNIN,HUANCAYO,HUANCAYO,URBANA,JIRÓN,URBANO,NO CORRESPONDE,-12.0738047,-75.210433317,DESPEJADO,COMERCIAL,INTERSECCIÓN,PLANA,ASFALTADA,SIN_DATO,SIN_DATO,SIN_DATO,SIN_DATO,EN PROCESO DE INVESTIGACIÓN,NO CUENTA CON CAUSA ESPECIFICA,,,,,,,,,,,,,,,,,,,,,,,,,120101,0.6083413875375813,71.66982597817598,76.35118091119013,11.05243180238688,1046.538532645036,119236.36616702356,12264.545,1826.4639999999995,1105.5389999999998,9332.542000000001,1588.5359999999996,10676.009,12.952261987705208,2,2,0,0,0,48.5,24.0,73.0,1.0,1.0,0.0,1.0,2,0,0.0,0.0,0.0,1.0,1.0,0.0,0.0,0.0,1.0,0.0
A-2021-04-23,04/04/2021,17:20,CHOQUE,1,1,2,LA LIBERTAD,CHEPEN,PACANGA,RURAL,CARRETERA,NACIONAL,PE-1N,-7.156068,-79.444243,DESPEJADO,RURAL,TRAMO RECTO,PLANA,ASFALTADA,SIN_DATO,SIN_DATO,SIN_DATO,SIN_DATO,IMPRUDENCIA DEL CONDUCTOR,ADELANTAR INDEBIDAMENTE,6543.555,3.0,Pavimentado,Bueno,1.0,Autopista del Sol,Eje Estructurante Norte,1475.0,6543.555,3.0,Pavimentado,Bueno,1.0,Autopista del Sol,Eje Estructurante Norte,1475.0,6543.555,3.0,Pavimentado,Bueno,1.0,Autopista del Sol,Eje Estructurante Norte,1475.0,130402,0.5114727232493018,78.60606800160349,61.153108160372966,6.422343227671115,862.4189512831092,24701.19700214133,8931.828000000005,1335.5899999999997,1935.9830000000004,5660.255000000005,1219.309,7712.519000000005,13.651281686122923,2,2,0,0,0,52.0,52.0,52.0,1.0,0.0,0.0,0.0,2,0,0.0,1.0,0.0,1.0,1.0,0.0,1.0,1.0,1.0,0.0
A-2021-04-203,04/04/2021,17:30,DESPISTE,1,0,1,PIURA,AYABACA,PACAIPAMPA,RURAL,CARRETERA,NACIONAL,PE-1NR,-5.008129,-79.713425,DESPEJADO,RURAL,CURVA,INCLINADA,TROCHA,SIN_DATO,SIN_DATO,SIN_DATO,SIN_DATO,EN PROCESO DE INVESTIGACIÓN,NO CUENTA CON CAUSA ESPECIFICA,892.7650002999999,-1.0,Asfaltado económico,Bueno,0.0,No concesionado,No corresponde,790.0,892.7650002999999,-1.0,Asfaltado económico,Bueno,0.0,No concesionado,No corresponde,790.0,892.7650002999999,-1.0,Asfaltado económico,Bueno,0.0,No concesionado,No corresponde,790.0,200206,0.1900070040755593,67.02551393447025,31.739914268299977,3.0893428849540148,177.20702638341197,22544.957173447536,8965.846000060003,1782.4120000599992,636.9959999999999,6546.438000000004,2214.505000059999,6751.341000000004,24.699342371541725,1,1,0,0,0,63.0,63.0,63.0,1.0,0.0,0.0,0.0,1,0,0.0,0.0,0.0,0.0,0.0,0.0,0.0,0.0,0.0,0.0
A-2021-04-20,04/04/2021,19:00,CHOQUE,1,0,2,ANCASH,HUARAZ,TARICA,RURAL,CARRETERA,NACIONAL,PE-3N,-9.44103432558107,-77.54961201855198,NUBLADO,RURAL,CURVA,INCLINADA,ASFALTADA,NO,SIN_DATO,SIN_DATO,SI,IMPRUDENCIA DEL CONDUCTOR,INVASIÓN DE CARRIL,9936.932,2.0,Pavimentado,Bueno,1.0,No concesionado,No corresponde,3830.0,9936.932,2.0,Pavimentado,Bueno,1.0,No concesionado,No corresponde,3830.0,9936.932,2.0,Pavimentado,Bueno,1.0,No concesionado,No corresponde,3830.0,020112,0.44948408163020986,76.58174958748486,60.445329543866315,6.126030498705479,641.7825208069339,6289.884368308352,10767.648000000001,1885.0630000000003,1222.721,7659.864000000001,2100.343,8667.305000000002,19.506051832303577,2,2,0,0,0,46.5,41.0,52.0,1.0,0.0,0.0,1.0,2,0,0.0,1.0,0.0,0.0,1.0,0.0,1.0,0.0,1.0,0.0
A-2021-04-161,04/04/2021,21:00,DESPISTE,1,0,1,APURIMAC,ANDAHUAYLAS,TALAVERA,RURAL,CARRETERA,SIN CLASIFICAR,SIN CLASIFICAR,-13.5634716,-73.4540211,LLUVIOSO,RURAL,CURVA,INCLINADA,TROCHA,SIN_DATO,SIN_DATO,SIN_DATO,SIN_DATO,INFRAESTRUCTURA Y ENTORNO VIAL,SUPERFICIE DETERIORADA,,,,,,,,,,,,,,,,,,,,,,,,,030216,0.47931254275460045,75.37161635090715,71.73219271520676,7.118816891231773,658.761072373094,17232.488222698074,8358.971,1282.451,1298.0969999999998,5778.423,1432.683,6926.288,17.139466089785454,1,1,0,0,0,46.0,46.0,46.0,1.0,0.0,0.0,0.0,1,0,0.0,0.0,0.0,1.0,0.0,0.0,1.0,0.0,0.0,0.0
A-2021-04-26,04/04/2021,21:30,ATROPELLO,1,0,1,LIMA,HUAURA,VEGUETA,URBANA,CARRETERA,NACIONAL,PE-1N,-10.928013700836738,-77.65143687572593,DESPEJADO,ESCOLAR,TRAMO RECTO,PLANA,ASFALTADA,SI,PREVENTIVA (P),REGULADORA (R),NO,IMPRUDENCIA DEL PEATÓN,ESTADO DE EBRIEDAD Y/O DROGADICCIÓN,6543.555,3.0,Pavimentado,Bueno,1.0,Autopista del Sol,Eje Estructurante Norte,1475.0,6543.555,3.0,Pavimentado,Bueno,1.0,Autopista del Sol,Eje Estructurante Norte,1475.0,6543.555,3.0,Pavimentado,Bueno,1.0,Autopista del Sol,Eje Estructurante Norte,1475.0,150812,0.6058977644686256,75.86009868534626,65.24867654925505,8.328201694517173,1216.0018080234922,26242.524625267666,7626.313,1683.4029999999998,1599.0829999999996,4343.827000000001,1814.875,5811.438000000001,23.797541485643194,2,1,0,1,0,45.0,45.0,45.0,1.0,1.0,0.0,1.0,1,0,0.0,0.0,1.0,0.0,0.0,0.0,1.0,0.0,0.0,0.0
A-2021-04-24,04/04/2021,22:00,CHOQUE FUGA,1,0,1,CUSCO,CANCHIS,SAN PEDRO,URBANA,CARRETERA,NACIONAL,PE-3S,-14.184078,-71.351995,DESPEJADO,RURAL,TRAMO RECTO,PLANA,ASFALTADA,SIN_DATO,SIN_DATO,SIN_DATO,SIN_DATO,EN PROCESO DE INVESTIGACIÓN,NO CUENTA CON CAUSA ESPECIFICA,7586.903,2.0,Pavimentado,Bueno,1.0,No concesionado,CO 10: Abancay - Ayacucho- Huancayo- La Oroya,1198.0,7586.903,2.0,Pavimentado,Bueno,1.0,No concesionado,CO 10: Abancay - Ayacucho- Huancayo- La Oroya,1198.0,7586.903,2.0,Pavimentado,Bueno,1.0,No concesionado,CO 10: Abancay - Ayacucho- Huancayo- La Oroya,1198.0,080607,0.4107458749971457,72.1547719826022,75.11691677377222,6.84079438286104,455.9087564374382,2466.282655246253,17779.13499998999,2097.3709999899993,2863.123,12818.640999999989,2878.713,14900.421999989987,16.19152450331032,2,2,1,0,0,63.0,63.0,63.0,1.0,1.0,0.0,0.0,2,1,1.0,0.0,0.0,1.0,0.0,0.0,0.0,0.0,1.0,0.0
A-2021-04-199,05/04/2021,07:30,CHOQUE,1,6,2,HUANCAVELICA,HUAYTARA,PILPICHACA,RURAL,CARRETERA,NACIONAL,PE-28A,-13.44379,-74.964815,DESPEJADO,RURAL,TRAMO RECTO,PLANA,ASFALTADA,SIN_DATO,SIN_DATO,SIN_DATO,SIN_DATO,IMPRUDENCIA DEL CONDUCTOR,EXCESO DE VELOCIDAD,1679.5849999999998,2.0,Pavimentado,Regular,1.0,No concesionado,Corredor Los Libertadores,315.0,1679.5849999999998,2.0,Pavimentado,Regular,1.0,No concesionado,Corredor Los Libertadores,315.0,1679.5849999999998,2.0,Pavimentado,Regular,1.0,No concesionado,Corredor Los Libertadores,315.0,090607,0.2997946406100768,72.83003345209801,46.42647217987546,4.997510303405721,292.6881439974165,3327.8779443254816,8511.426,1445.3929999999996,2008.516,5057.516999999999,1879.5789999999997,6631.846999999998,22.083009357068956,7,2,0,0,5,37.0,24.0,50.0,1.0,0.0,1.0,1.0,2,0,0.0,0.0,0.0,1.0,0.0,1.0,0.0,0.0,0.0,0.0
A-2021-04-143,05/04/2021,13:55,ATROPELLO,1,0,0,CUSCO,CUSCO,SAN SEBASTIAN,URBANA,AVENIDA,URBANO,NO CORRESPONDE,-13.53252,-71.929495,DESPEJADO,RESIDENCIAL,TRAMO RECTO,PLANA,ASFALTADA,SIN_DATO,SIN_DATO,SIN_DATO,SIN_DATO,IMPRUDENCIA DEL PEATÓN,CRUCE INDEBIDO POR LA CALZADA,,,,,,,,,,,,,,,,,,,,,,,,,080105,0.6806292796157144,77.51447806142957,82.6599812385644,11.044400293146794,1245.5372385926626,131240.7944325482,17779.13499998999,2097.3709999899993,2863.123,12818.640999999989,2878.713,14900.421999989987,16.19152450331032,2,1,0,1,0,61.0,61.0,61.0,1.0,0.0,0.0,0.0,1,0,0.0,1.0,0.0,0.0,0.0,0.0,1.0,0.0,0.0,0.0
A-2021-04-100,05/04/2021,14:00,DESPISTE,5,2,1,ANCASH,BOLOGNESI,ANTONIO RAYMONDI,RURAL,CARRETERA,PROVINCIAL,AN-1240,-10.179600375182709,-77.47241302532659,SOLEADO,RURAL,CURVA,PLANA,AFIRMADO,SIN_DATO,SIN_DATO,SIN_DATO,SIN_DATO,IMPRUDENCIA DEL CONDUCTOR,EXCESO DE VELOCIDAD,,,,,,,,,,,,,,,,,,,,,,,,,020503,0.36982770922995856,75.50696542030133,58.315009794942405,5.770482626155436,401.8154218070398,931.1113490364024,10767.648000000001,1885.0630000000003,1222.721,7659.864000000001,2100.343,8667.305000000002,19.506051832303577,7,1,0,0,6,26.0,26.0,26.0,1.0,0.0,0.0,0.0,1,0,0.0,0.0,0.0,1.0,0.0,1.0,0.0,0.0,1.0,0.0
A-2021-04-28,05/04/2021,14:15,CHOQUE,1,1,2,CAJAMARCA,CAJAMARCA,CAJAMARCA,URBANA,JIRÓN,URBANO,NO CORRESPONDE,-7.15509546,-78.51223546,DESPEJADO,ESCOLAR,TRAMO RECTO,PLANA,CONCRETO,SI,PREVENTIVA (P),PREVENTIVA (P),SI,IMPRUDENCIA DEL CONDUCTOR,EXCESO DE VELOCIDAD,,,,,,,,,,,,,,,,,,,,,,,,,060101,0.6070175276741574,73.19224654097276,74.29530430690215,9.490386956642766,1117.141592366869,257380.9443254818,15935.565011852366,1733.9250000199986,935.692,13265.948011832368,2000.1670000199988,13935.398011832369,12.551591352627522,3,2,0,0,1,33.0,32.0,34.0,1.0,1.0,0.0,0.0,2,0,0.0,1.0,1.0,0.0,1.0,0.0,1.0,0.0,0.0,0.0
A-2021-04-116,05/04/2021,15:30,DESPISTE,6,8,1,PUNO,SANDIA,LIMBANI,RURAL,CARRETERA,DEPARTAMENTAL,PU-106,-14.133438,-69.683171,NUBLADO,RURAL,CURVA,INCLINADA,TROCHA,SIN_DATO,SIN_DATO,SIN_DATO,SIN_DATO,IMPRUDENCIA DEL CONDUCTOR,EXCESO DE VELOCIDAD,,,,,,,,,,,,,,,,,,,,,,,,,211203,0.4054636753271492,71.11425203779537,73.0954033909002,6.795262750488988,456.6079906513959,3926.3961456102784,13642.312999999998,2020.7790000000005,2354.117,9267.416999999998,3314.0520000000006,10328.260999999997,24.29244952817019,14,1,0,0,13,31.0,31.0,31.0,1.0,0.0,0.0,1.0,1,0,0.0,0.0,1.0,0.0,0.0,0.0,1.0,0.0,0.0,0.0
A-2021-04-60,05/04/2021,17:00,CHOQUE,1,0,2,AYACUCHO,HUAMANGA,CARMEN ALTO,RURAL,CARRETERA,NACIONAL,PE-3S,-13.2162044,-74.2269812,DESPEJADO,RURAL,CURVA,PLANA,ASFALTADA,SI,PREVENTIVA (P),PREVENTIVA (P),NO,IMPRUDENCIA DEL CONDUCTOR,CONDUCIR EN ESTADO DE EBRIEDAD Y/O DROGADICCIÓN,7586.903,2.0,Pavimentado,Bueno,1.0,No concesionado,CO 10: Abancay - Ayacucho- Huancayo- La Oroya,1198.0,7586.903,2.0,Pavimentado,Bueno,1.0,No concesionado,CO 10: Abancay - Ayacucho- Huancayo- La Oroya,1198.0,7586.903,2.0,Pavimentado,Bueno,1.0,No concesionado,CO 10: Abancay - Ayacucho- Huancayo- La Oroya,1198.0,050104,0.5305121431560528,73.7668210059112,68.45651702301488,8.941396366509018,806.7469451554633,27605.87794432548,12678.733000000004,1805.074000000001,1774.0339999999994,9099.625000000004,2485.375000000001,10193.358000000002,19.602707936195205,2,2,0,0,0,30.0,29.0,31.0,1.0,0.0,1.0,1.0,2,0,0.0,0.0,0.0,1.0,1.0,0.0,1.0,1.0,1.0,0.0
A-2021-04-41,05/04/2021,18:36,CHOQUE FUGA,1,0,1,JUNIN,SATIPO,MAZAMARI,RURAL,CARRETERA,NACIONAL,PE-5S,-11.30223695862583,-74.54661386778807,DESPEJADO,RURAL,CURVA,PLANA,ASFALTADA,SIN_DATO,SIN_DATO,SIN_DATO,SIN_DATO,EN PROCESO DE INVESTIGACIÓN,NO CUENTA CON CAUSA ESPECIFICA,5768.608,2.0,Proyectado,Información no disponible,0.0,No concesionado,No corresponde,365.0,5768.608,2.0,Proyectado,Información no disponible,0.0,No concesionado,No corresponde,365.0,5768.608,2.0,Proyectado,Información no disponible,0.0,No concesionado,No corresponde,365.0,120604,0.4285012061956566,75.41084938147766,60.01133023046341,7.293281496635318,514.084282951313,59216.39149500083,12264.545,1826.4639999999995,1105.5389999999998,9332.542000000001,1588.5359999999996,10676.009,12.952261987705208,2,2,0,0,0,47.0,44.0,50.0,1.0,0.0,0.0,0.0,2,0,0.0,0.0,0.0,1.0,1.0,0.0,1.0,0.0,0.0,0.0
A-2021-04-89,05/04/2021,20:30,DESPISTE,1,0,1,APURIMAC,COTABAMBAS,MARA,RURAL,CARRETERA,NACIONAL,PE-3SY,-14.065016610059931,-72.06663619986575,DESPEJADO,RURAL,SINUOSA,PLANA,ASFALTADA,SI,PREVENTIVA (P),PREVENTIVA (P),NO,IMPRUDENCIA DEL CONDUCTOR,OTRO (IMPRUDENCIA DEL CONDUCTOR),781.9099999999999,-1.0,Afirmado,Regular,0.0,No concesionado,No corresponde,75.0,781.9099999999999,-1.0,Afirmado,Regular,0.0,No concesionado,No corresponde,75.0,781.9099999999999,-1.0,Afirmado,Regular,0.0,No concesionado,No corresponde,75.0,030505,0.28900337578415547,71.08739551307794,72.02833342283576,4.396397733737986,248.45269054492059,5861.3361884368305,8358.971,1282.451,1298.0969999999998,5778.423,1432.683,6926.288,17.139466089785454,1,1,0,0,0,43.0,43.0,43.0,1.0,0.0,0.0,0.0,1,0,0.0,1.0,0.0,0.0,0.0,0.0,1.0,0.0,0.0,0.0
A-2021-04-27,06/04/2021,01:30,DESPISTE,1,1,1,CAJAMARCA,SAN PABLO,SAN BERNARDINO,RURAL,CARRETERA,NACIONAL,PE-08A,-7.165161,-78.83830201,LLUVIOSO,RURAL,CURVA,INCLINADA,ASFALTADA,SI,PREVENTIVA (P),SIN_DATO,SI,IMPRUDENCIA DEL CONDUCTOR,FATIGA Y/O CANSANCIO,372.674,2.0,Pavimentado,Bueno,1.0,Longitudinal de la Sierra - Tramo 2: Ciudad de Dios - Cajamarca - Chiple - Cajamarca - Trujillo - Dv. Chilete - Emp. PE-3N,No corresponde,66.0,372.674,2.0,Pavimentado,Bueno,1.0,Longitudinal de la Sierra - Tramo 2: Ciudad de Dios - Cajamarca - Chiple - Cajamarca - Trujillo - Dv. Chilete - Emp. PE-3N,No corresponde,66.0,372.674,2.0,Pavimentado,Bueno,1.0,Longitudinal de la Sierra - Tramo 2: Ciudad de Dios - Cajamarca - Chiple - Cajamarca - Trujillo - Dv. Chilete - Emp. PE-3N,No corresponde,66.0,061202,0.2737187302851982,67.63966633396905,40.953211486842825,3.7263390622442008,336.78785003448525,4122.6017130620985,15935.565011852366,1733.9250000199986,935.692,13265.948011832368,2000.1670000199988,13935.398011832369,12.551591352627522,2,1,0,0,1,22.0,22.0,22.0,1.0,1.0,0.0,1.0,1,0,0.0,0.0,0.0,1.0,0.0,1.0,0.0,0.0,1.0,0.0
A-2021-04-315,06/04/2021,05:00,CHOQUE,1,1,1,HUANUCO,HUANUCO,CHINCHAO,RURAL,CARRETERA,NACIONAL,PE-18A,-9.529889,-75.965192,LLUVIOSO,RURAL,SINUOSA,INCLINADA,ASFALTADA,SIN_DATO,SIN_DATO,SIN_DATO,SIN_DATO,IMPRUDENCIA DEL CONDUCTOR,ADELANTAR INDEBIDAMENTE,693.175,2.0,Pavimentado,Regular,0.0,No concesionado,CO 3: Lima - La Oroya- Cerro de Pasco- Hußnuco- Tingo María - Pucallpa,249.0,693.175,2.0,Pavimentado,Regular,0.0,No concesionado,CO 3: Lima - La Oroya- Cerro de Pasco- Hußnuco- Tingo María - Pucallpa,249.0,693.175,2.0,Pavimentado,Regular,0.0,No concesionado,CO 3: Lima - La Oroya- Cerro de Pasco- Hußnuco- Tingo María - Pucallpa,249.0,100103,0.30965499894312565,76.17431233061522,44.8813332706993,3.774794268602337,378.47949303176176,19256.764453961456,8209.057,1333.4779999999996,791.9770000000001,6083.602,1059.8589999999997,7149.198,12.910849565303295,4,2,0,0,2,34.5,33.0,36.0,1.0,0.0,0.0,1.0,2,0,0.0,1.0,0.0,1.0,0.0,1.0,1.0,0.0,1.0,0.0
A-2021-04-220,06/04/2021,10:20,CHOQUE,1,4,0,LIMA,LIMA,EL AGUSTINO,URBANA,AVENIDA,URBANO,NO CORRESPONDE,-12.054878,-77.004339,DESPEJADO,INDUSTRIAL,TRAMO RECTO,PLANA,ASFALTADA,SIN_DATO,SIN_DATO,SIN_DATO,SIN_DATO,EN PROCESO DE INVESTIGACIÓN,NO CUENTA CON CAUSA ESPECIFICA,,,,,,,,,,,,,,,,,,,,,,,,,150111,0.6970617810314195,81.40501156526744,73.5715154770137,9.635174408411393,1428.892506292977,203379.92719486082,7626.313,1683.4029999999998,1599.0829999999996,4343.827000000001,1814.875,5811.438000000001,23.797541485643194,7,3,0,0,4,46.0,46.0,46.0,1.0,0.0,0.0,0.0,3,0,0.0,0.0,1.0,1.0,1.0,0.0,1.0,0.0,0.0,0.0
A-2021-04-90,06/04/2021,12:15,ATROPELLO,1,0,1,PUNO,SAN ROMAN,CABANA,RURAL,CARRETERA,DEPARTAMENTAL,PU-121,-15.63747592480151,-70.3295756686597,DESPEJADO,RURAL,CURVA,PLANA,ASFALTADA,SIN_DATO,SIN_DATO,SIN_DATO,SIN_DATO,NEGLIGENCIA DEL CONDUCTOR,OTRO (NEGLIGENCIA DEL CONDUCTOR),,,,,,,,,,,,,,,,,,,,,,,,,211102,0.3295055776475686,72.2087445727939,72.62976900035994,6.627409791568738,260.5608856829442,4240.3019271948615,13642.312999999998,2020.7790000000005,2354.117,9267.416999999998,3314.0520000000006,10328.260999999997,24.29244952817019,2,1,0,1,0,28.0,28.0,28.0,1.0,0.0,0.0,0.0,1,0,0.0,0.0,0.0,1.0,0.0,0.0,1.0,1.0,1.0,0.0