CODIGO_SINIESTRO,FECHA SINIESTRO,HORA SINIESTRO,CLASE SINIESTRO,CANTIDAD DE FALLECIDOS,CANTIDAD DE LESIONADOS,CANTIDAD DE VEHICULOS DAÑADOS,DEPARTAMENTO,PROVINCIA,DISTRITO,ZONA,TIPO DE VÍA,RED VIAL,COD CARRETERA,COORDENADAS LATITUD,COORDENADAS  LONGITUD,CONDICIÓN CLIMÁTICA,ZONIFICACIÓN,CARACTERÍSTICAS DE VÍA,PERFIL LONGITUDINAL VÍA,SUPERFICIE DE CALZADA,¿EXISTE SEÑAL VERTICAL?,CLASIFICACIÓN DE LA SEÑAL VERTICAL Nº 1,CLASIFICACIÓN DE LA SEÑAL VERTICAL Nº 2,¿EXISTE SEÑAL HORIZONTAL?,CAUSA FACTOR PRINCIPAL,CAUSA ESPECÍFICA,MTC_RVN_LONGITUD_KM_x,MTC_RVN_N_CARRILES_MEDIANA_x,MTC_RVN_SUPERFICIE_DOMINANTE_x,MTC_RVN_ESTADO_DOMINANTE_x,MTC_RVN_ES_CONCESIONADA_x,MTC_RVN_CONCESION_PRINCIPAL_x,MTC_RVN_CORREDOR_LOGISTICO_x,MTC_RVN_N_TRAMOS_x,MTC_RVN_LONGITUD_KM_y,MTC_RVN_N_CARRILES_MEDIANA_y,MTC_RVN_SUPERFICIE_DOMINANTE_y,MTC_RVN_ESTADO_DOMINANTE_y,MTC_RVN_ES_CONCESIONADA_y,MTC_RVN_CONCESION_PRINCIPAL_y,MTC_RVN_CORREDOR_LOGISTICO_y,MTC_RVN_N_TRAMOS_y,MTC_RVN_LONGITUD_KM,MTC_RVN_N_CARRILES_MEDIANA,MTC_RVN_SUPERFICIE_DOMINANTE,MTC_RVN_ESTADO_DOMINANTE,MTC_RVN_ES_CONCESIONADA,MTC_RVN_CONCESION_PRINCIPAL,MTC_RVN_CORREDOR_LOGISTICO,MTC_RVN_N_TRAMOS,IDH_UBIGEO,IDH_2019,IDH_ESP_VIDA_2019,IDH_EDUC_SECUND_PCT_2019,IDH_ANIOS_EDUC_2019,IDH_INGRESO_PERCAP_2019,IDH_POBLACION_2019,MTC_DEP_RED_TOTAL_KM,MTC_DEP_NACIONAL_TOTAL_KM,MTC_DEP_DEPARTAMENTAL_TOTAL_KM,MTC_DEP_VECINAL_TOTAL_KM,MTC_DEP_PAV_TOTAL_KM,MTC_DEP_NO_PAV_TOTAL_KM,MTC_DEP_PCT_PAVIMENTADA,PER_TOTAL_PERSONAS,PER_N_CONDUCTORES,PER_N_CONDUCTORES_FUGADOS,PER_N_PEATONES,PER_N_PASAJEROS_OCUPANTES,PER_EDAD_COND_PROM,PER_EDAD_COND_MIN,PER_EDAD_COND_MAX,PER_ANY_COND_MASCULINO,PER_ANY_LIC_PROBLEMA,PER_ANY_DOSAJE_POS,PER_ANY_DOSAJE_EVALUADO,VEH_TOTAL,VEH_N_FUGADOS,VEH_ANY_FUGADO,VEH_ANY_CARGA,VEH_ANY_PUBLICO,VEH_ANY_PARTICULAR,VEH_ANY_MOTO,VEH_ANY_AUTO,VEH_ANY_CAMION_BUS,VEH_ANY_SOAT_PROBLEMA,VEH_ANY_CITV_PROBLEMA,VEH_ANY_SEGURO_PROBLEMA
A-2021-04-97,17/04/2021,22:50,CHOQUE,2,2,2,ICA,NASCA,VISTA ALEGRE,URBANA,CARRETERA,NACIONAL,PE-1S,-14.858588,-74.972278,DESPEJADO,RESIDENCIAL,TRAMO RECTO,PLANA,ASFALTADA,SI,PREVENTIVA (P),PREVENTIVA (P),NO,IMPRUDENCIA DEL CONDUCTOR,CONDUCIR EN ESTADO DE EBRIEDAD Y/O DROGADICCIÓN,6639.975,2.0,Pavimentado,Bueno,1.0,No concesionado,Eje Estructurante Sur,1616.0,6639.975,2.0,Pavimentado,Bueno,1.0,No concesionado,Eje Estructurante Sur,1616.0,6639.975,2.0,Pavimentado,Bueno,1.0,No concesionado,Eje Estructurante Sur,1616.0,,,,,,,,3721.461,698.1859999999996,744.866,2278.409,1102.9029999999996,2618.558,29.636290693359403,4,2,0,0,2,43.5,43.0,44.0,1.0,0.0,1.0,1.0,2,0,0.0,0.0,1.0,1.0,0.0,0.0,1.0,0.0,0.0,0.0
A-2021-04-107,18/04/2021,04:30,DESPISTE,1,0,1,CUSCO,CANAS,YANAOCA,RURAL,CARRETERA,DEPARTAMENTAL,CU-126,-14.233373,-71.432597,NUBLADO,RURAL,TRAMO RECTO,INCLINADA,AFIRMADO,SIN_DATO,SIN_DATO,SIN_DATO,SIN_DATO,NEGLIGENCIA DEL CONDUCTOR,OTRO (NEGLIGENCIA DEL CONDUCTOR),,,,,,,,,,,,,,,,,,,,,,,,,080501,0.28827509937067836,61.105307438693615,62.64723700455549,5.709419886190102,271.2955650853845,8821.728051391863,17779.13499998999,2097.3709999899993,2863.123,12818.640999999989,2878.713,14900.421999989987,16.19152450331032,2,1,0,0,1,19.0,19.0,19.0,1.0,1.0,0.0,0.0,1,0,0.0,0.0,0.0,1.0,1.0,0.0,0.0,1.0,1.0,0.0
A-2021-04-106,18/04/2021,05:00,ATROPELLO FUGA,1,0,0,TACNA,TACNA,LA YARADA LOS PALOS,RURAL,CARRETERA,PROVINCIAL,TA-643,-18.282521,-70.440696,NUBLADO,RURAL,TRAMO RECTO,PLANA,ASFALTADA,SI,PREVENTIVA (P),SIN_DATO,NO,IMPRUDENCIA DEL PEATÓN,ESTADO DE EBRIEDAD Y/O DROGADICCIÓN,,,,,,,,,,,,,,,,,,,,,,,,,230111,0.5551799999072031,75.37994385062687,62.699954828476905,7.065143842078104,1076.8792057258834,6114.0,2650.5719999999997,630.6729999999998,487.3610000000001,1532.5379999999998,1068.7019999999998,1581.87,40.31967439480987,1,0,0,1,0,,,,,,,,1,1,1.0,0.0,0.0,0.0,0.0,0.0,0.0,0.0,0.0,0.0
A-2021-04-115,18/04/2021,10:50,DESPISTE,1,0,1,PUNO,SAN ROMAN,CARACOTO,RURAL,CARRETERA,DEPARTAMENTAL,PU-120,-15.555315,-70.019694,DESPEJADO,RURAL,CURVA,PLANA,ASFALTADA,SI,PREVENTIVA (P),REGULADORA (R),SI,IMPRUDENCIA DEL CONDUCTOR,EXCESO DE VELOCIDAD,,,,,,,,,,,,,,,,,,,,,,,,,211104,0.36469295047798694,74.39003066237748,63.71456574957328,5.594162012040831,387.02852532514333,5552.2119914346895,13642.312999999998,2020.7790000000005,2354.117,9267.416999999998,3314.0520000000006,10328.260999999997,24.29244952817019,1,1,0,0,0,33.0,33.0,33.0,1.0,1.0,0.0,0.0,1,0,0.0,0.0,0.0,1.0,1.0,0.0,0.0,1.0,1.0,0.0
A-2021-04-109,18/04/2021,17:10,DESPISTE,1,0,1,AREQUIPA,AREQUIPA,CHIGUATA,RURAL,CARRETERA,NACIONAL,PE-34C,-16.408865127793135,-71.42158259761975,DESPEJADO,RURAL,CURVA,PLANA,ASFALTADA,NO,SIN_DATO,SIN_DATO,SI,IMPRUDENCIA DEL CONDUCTOR,OTRO (IMPRUDENCIA DEL CONDUCTOR),1101.78,1.0,Sin afirmar,Malo,0.0,No concesionado,No corresponde,202.0,1101.78,1.0,Sin afirmar,Malo,0.0,No concesionado,No corresponde,202.0,1101.78,1.0,Sin afirmar,Malo,0.0,No concesionado,No corresponde,202.0,040106,0.5190855925362763,79.39283977390295,72.48255180521485,7.936018582862833,714.5594676610276,3114.021413276231,10322.272,1495.2359999999999,1749.739,7077.2970000000005,2886.595,7435.677000000001,27.964725207783708,1,1,0,0,0,43.0,43.0,43.0,1.0,1.0,0.0,0.0,1,0,0.0,0.0,0.0,1.0,0.0,1.0,0.0,0.0,0.0,0.0
A-2021-04-156,18/04/2021,17:10,DESPISTE,3,0,2,JUNIN,YAULI,YAULI,RURAL,CARRETERA,NACIONAL,PE-22,-11.6130433,-76.0269168,LLUVIOSO,RURAL,PUENTE,PLANA,ASFALTADA,SI,REGULADORA (R),PREVENTIVA (P),SI,EN PROCESO DE INVESTIGACIÓN,NO CUENTA CON CAUSA ESPECIFICA,875.67,2.0,Pavimentado,Bueno,1.0,IIRSA Centro - Tramo 2: Pte. Ricardo Palma - La Oroya - Huancayo y La Oroya - Dv. Cerro de Pasco,Corredor Central,156.0,875.67,2.0,Pavimentado,Bueno,1.0,IIRSA Centro - Tramo 2: Pte. Ricardo Palma - La Oroya - Huancayo y La Oroya - Dv. Cerro de Pasco,Corredor Central,156.0,875.67,2.0,Pavimentado,Bueno,1.0,IIRSA Centro - Tramo 2: Pte. Ricardo Palma - La Oroya - Huancayo y La Oroya - Dv. Cerro de Pasco,Corredor Central,156.0,120810,0.7045048858113412,76.03866905687309,68.74554898563056,10.756160359254002,1573.7987000498822,4922.96573875803,12264.545,1826.4639999999995,1105.5389999999998,9332.542000000001,1588.5359999999996,10676.009,12.952261987705208,4,2,0,0,2,50.0,41.0,59.0,1.0,0.0,0.0,0.0,2,0,0.0,1.0,0.0,1.0,0.0,1.0,1.0,0.0,0.0,0.0
A-2021-04-103,19/04/2021,04:00,ATROPELLO FUGA,1,0,0,PIURA,PIURA,CATACAOS,RURAL,CARRETERA,NACIONAL,PE-1N,-5.228093,-80.653777,DESPEJADO,RURAL,TRAMO RECTO,PLANA,ASFALTADA,SI,INFORMATIVA (I),REGULADORA (R),NO,EN PROCESO DE INVESTIGACIÓN,NO CUENTA CON CAUSA ESPECIFICA,6543.555,3.0,Pavimentado,Bueno,1.0,Autopista del Sol,Eje Estructurante Norte,1475.0,6543.555,3.0,Pavimentado,Bueno,1.0,Autopista del Sol,Eje Estructurante Norte,1475.0,6543.555,3.0,Pavimentado,Bueno,1.0,Autopista del Sol,Eje Estructurante Norte,1475.0,200105,0.5034350778485951,78.14388603810477,62.515858390410315,7.698619805954479,731.8176685454189,76220.84796573877,8965.846000060003,1782.4120000599992,636.9959999999999,6546.438000000004,2214.505000059999,6751.341000000004,24.699342371541725,2,1,1,1,0,,,,0.0,0.0,0.0,0.0,1,1,1.0,0.0,0.0,0.0,0.0,0.0,0.0,1.0,1.0,0.0
A-2021-04-295,19/04/2021,17:22,ATROPELLO,1,0,0,SAN MARTIN,RIOJA,NUEVA CAJAMARCA,URBANA,JIRÓN,URBANO,NO CORRESPONDE,-5.944299,-77.302306,DESPEJADO,COMERCIAL,INTERSECCIÓN,PLANA,AFIRMADO,SIN_DATO,SIN_DATO,SIN_DATO,SIN_DATO,IMPRUDENCIA DEL CONDUCTOR,OTRO (IMPRUDENCIA DEL CONDUCTOR),,,,,,,,,,,,,,,,,,,,,,,,,220804,0.4789759027469384,73.43778249935497,54.01635312204597,6.285279694551369,847.2910954428505,47552.6295503212,5645.1359999999995,815.0759999999999,965.298,3864.7619999999997,1013.406,4631.73,17.95184385283189,2,1,0,1,0,51.0,51.0,51.0,1.0,0.0,0.0,0.0,1,0,0.0,0.0,0.0,1.0,0.0,0.0,1.0,0.0,0.0,0.0
A-2021-04-113,19/04/2021,19:00,ATROPELLO,1,0,2,LA LIBERTAD,TRUJILLO,HUANCHACO,RURAL,AVENIDA,URBANO,NO CORRESPONDE,-8.041961,-79.058879,DESPEJADO,RURAL,TRAMO RECTO,PLANA,ASFALTADA,SIN_DATO,SIN_DATO,SIN_DATO,SIN_DATO,IMPRUDENCIA DEL CONDUCTOR,OTRO (IMPRUDENCIA DEL CONDUCTOR),,,,,,,,,,,,,,,,,,,,,,,,,130104,0.583006771156836,78.2441938961209,62.24037484511178,8.807312392374042,1028.2282118265089,76607.295503212,8931.828000000005,1335.5899999999997,1935.9830000000004,5660.255000000005,1219.309,7712.519000000005,13.651281686122923,2,1,0,1,0,32.0,32.0,32.0,1.0,0.0,0.0,0.0,1,0,0.0,0.0,0.0,0.0,0.0,0.0,1.0,0.0,1.0,0.0
A-2021-04-245,19/04/2021,19:45,ATROPELLO,1,0,1,LIMA,LIMA,SANTIAGO DE SURCO,URBANA,CARRETERA,NACIONAL,PE-1S,-12.143660765494351,-76.98169504559282,DESPEJADO,INDUSTRIAL,TRAMO RECTO,PLANA,ASFALTADA,SIN_DATO,SIN_DATO,SIN_DATO,SIN_DATO,IMPRUDENCIA DEL PEATÓN,OTRO (IMPRUDENCIA DEL PEATÓN),6639.975,2.0,Pavimentado,Bueno,1.0,No concesionado,Eje Estructurante Sur,1616.0,6639.975,2.0,Pavimentado,Bueno,1.0,No concesionado,Eje Estructurante Sur,1616.0,6639.975,2.0,Pavimentado,Bueno,1.0,No concesionado,Eje Estructurante Sur,1616.0,150140,0.8017574897902351,80.48487267736287,78.74302427848284,13.156716040468266,1766.1488062170545,359776.608137045,7626.313,1683.4029999999998,1599.0829999999996,4343.827000000001,1814.875,5811.438000000001,23.797541485643194,2,1,0,1,0,38.0,38.0,38.0,1.0,0.0,0.0,0.0,1,0,0.0,0.0,0.0,1.0,0.0,1.0,0.0,0.0,0.0,0.0
A-2021-04-105,19/04/2021,19:50,DESPISTE,1,9,1,ICA,ICA,SAN JOSE DE LOS MOLINOS,RURAL,CARRETERA,NACIONAL,PE-1SC,-13.837511143746196,-75.55509477784405,DESPEJADO,RURAL,SINUOSA,PLANA,ASFALTADA,SIN_DATO,PREVENTIVA (P),SIN_DATO,SIN_DATO,INFRAESTRUCTURA Y ENTORNO VIAL,OTRO (INFRAESTRUCTURA Y ENTORNO VIAL),583.2950000000001,1.0,Asfaltado económico,Regular,0.0,No concesionado,No corresponde,248.0,583.2950000000001,1.0,Asfaltado económico,Regular,0.0,No concesionado,No corresponde,248.0,583.2950000000001,1.0,Asfaltado económico,Regular,0.0,No concesionado,No corresponde,248.0,110109,0.6267320904570742,78.75055145863993,77.68950629139908,9.132898531488795,1104.4394499003888,6644.670235546039,3721.461,698.1859999999996,744.866,2278.409,1102.9029999999996,2618.558,29.636290693359403,10,1,0,0,9,68.0,68.0,68.0,1.0,0.0,0.0,1.0,1,0,0.0,0.0,0.0,1.0,0.0,0.0,1.0,0.0,0.0,0.0
A-2021-04-181,19/04/2021,23:30,DESPISTE,1,0,1,CUSCO,ANTA,ANCAHUASI,RURAL,CARRETERA,SIN CLASIFICAR,SIN CLASIFICAR,-13.491315,-72.277111,DESPEJADO,RURAL,CURVA,INCLINADA,TROCHA,SIN_DATO,SIN_DATO,SIN_DATO,SIN_DATO,IMPRUDENCIA DEL CONDUCTOR,CONDUCIR EN ESTADO DE EBRIEDAD Y/O DROGADICCIÓN,,,,,,,,,,,,,,,,,,,,,,,,,080302,0.28111739608918834,77.11100763906057,59.78223574586323,5.012239116376277,206.45731953948768,6402.226980728051,17779.13499998999,2097.3709999899993,2863.123,12818.640999999989,2878.713,14900.421999989987,16.19152450331032,2,1,0,0,1,23.0,23.0,23.0,1.0,0.0,0.0,0.0,1,0,0.0,0.0,0.0,0.0,1.0,0.0,0.0,0.0,0.0,0.0
A-2021-04-165,20/04/2021,09:35,VOLCADURA,1,0,1,JUNIN,HUANCAYO,EL TAMBO,URBANA,AVENIDA,URBANO,NO CORRESPONDE,-12.055297,-75.212626,SOLEADO,INDUSTRIAL,TRAMO RECTO,INCLINADA,ASFALTADA,SIN_DATO,SIN_DATO,SIN_DATO,SIN_DATO,EN PROCESO DE INVESTIGACIÓN,NO CUENTA CON CAUSA ESPECIFICA,,,,,,,,,,,,,,,,,,,,,,,,,120114,0.6349620447591086,73.34739425042062,78.85040671556425,11.216598893401857,1118.0127433957432,167365.50535331905,12264.545,1826.4639999999995,1105.5389999999998,9332.542000000001,1588.5359999999996,10676.009,12.952261987705208,1,1,0,0,0,75.0,75.0,75.0,1.0,0.0,0.0,0.0,1,0,0.0,0.0,0.0,1.0,0.0,0.0,0.0,1.0,1.0,0.0
A-2021-04-212,20/04/2021,20:05,CHOQUE,2,3,2,LAMBAYEQUE,CHICLAYO,PATAPO,RURAL,CARRETERA,NACIONAL,PE-06A,-6.740117852627036,-79.67576966896017,DESPEJADO,RURAL,TRAMO RECTO,PLANA,ASFALTADA,SIN_DATO,SIN_DATO,SIN_DATO,SIN_DATO,EN PROCESO DE INVESTIGACIÓN,NO CUENTA CON CAUSA ESPECIFICA,919.085,2.0,Pavimentado,Regular,0.0,No concesionado,CO 16: Chiclayo - Cajamarca,218.0,919.085,2.0,Pavimentado,Regular,0.0,No concesionado,CO 16: Chiclayo - Cajamarca,218.0,919.085,2.0,Pavimentado,Regular,0.0,No concesionado,CO 16: Chiclayo - Cajamarca,218.0,140117,0.5368990377599975,81.14791216819076,67.58350560537582,7.829746599316162,796.0036204699745,23182.038543897215,3459.691,515.0619999999999,689.7280000000001,2254.901,703.3549999999999,2756.3360000000002,20.329994788551925,5,2,0,0,3,49.0,38.0,60.0,1.0,1.0,0.0,1.0,2,0,0.0,0.0,1.0,1.0,1.0,1.0,0.0,0.0,1.0,0.0
A-2021-04-121,21/04/2021,05:10,CHOQUE,1,0,2,ICA,ICA,SALAS,RURAL,CARRETERA,NACIONAL,PE-1S,-13.9346253,-75.870705217,DESPEJADO,RURAL,TRAMO RECTO,PLANA,ASFALTADA,SIN_DATO,SIN_DATO,SIN_DATO,SIN_DATO,IMPRUDENCIA DEL CONDUCTOR,OTRO (IMPRUDENCIA DEL CONDUCTOR),6639.975,2.0,Pavimentado,Bueno,1.0,No concesionado,Eje Estructurante Sur,1616.0,6639.975,2.0,Pavimentado,Bueno,1.0,No concesionado,Eje Estructurante Sur,1616.0,6639.975,2.0,Pavimentado,Bueno,1.0,No concesionado,Eje Estructurante Sur,1616.0,110108,0.6053164595604621,78.88848309050202,67.63954639531094,9.133324993872453,1064.9426147896202,27932.19700214133,3721.461,698.1859999999996,744.866,2278.409,1102.9029999999996,2618.558,29.636290693359403,2,2,0,0,0,41.5,32.0,51.0,1.0,0.0,0.0,1.0,3,1,1.0,1.0,0.0,1.0,1.0,0.0,1.0,0.0,1.0,0.0
A-2021-04-225,21/04/2021,05:56,DESPISTE,1,0,1,AREQUIPA,CAMANA,SAMUEL PASTOR,RURAL,CARRETERA,NACIONAL,PE-1S,-16.605183,-72.630501,LLUVIOSO,RURAL,CURVA,INCLINADA,ASFALTADA,NO,SIN_DATO,SIN_DATO,SI,INFRAESTRUCTURA Y ENTORNO VIAL,OTRO (INFRAESTRUCTURA Y ENTORNO VIAL),6639.975,2.0,Pavimentado,Bueno,1.0,No concesionado,Eje Estructurante Sur,1616.0,6639.975,2.0,Pavimentado,Bueno,1.0,No concesionado,Eje Estructurante Sur,1616.0,6639.975,2.0,Pavimentado,Bueno,1.0,No concesionado,Eje Estructurante Sur,1616.0,040208,0.6438160463426852,84.71218617950387,69.3595667037428,8.966372569949256,1152.2024707992498,16526.967880085653,10322.272,1495.2359999999999,1749.739,7077.2970000000005,2886.595,7435.677000000001,27.964725207783708,2,1,0,0,1,34.0,34.0,34.0,1.0,0.0,0.0,0.0,1,0,0.0,0.0,0.0,1.0,0.0,0.0,1.0,0.0,0.0,0.0
A-2021-04-309,21/04/2021,08:00,ATROPELLO,1,0,0,CALLAO,CALLAO,CARMEN DE LA LEGUA REYNOSO,URBANA,AVENIDA,URBANO,NO CORRESPONDE,-12.039089714698626,-77.09487395265722,DESPEJADO,RESIDENCIAL,TRAMO RECTO,PLANA,ASFALTADA,NO,SIN_DATO,SIN_DATO,SI,EN PROCESO DE INVESTIGACIÓN,NO CUENTA CON CAUSA ESPECIFICA,,,,,,,,,,,,,,,,,,,,,,,,,,,,,,,,51.58600000000001,44.68700000000001,6.899000000000001,0.0,49.838000000000015,1.748,96.61148373589734,2,1,0,1,0,36.0,36.0,36.0,1.0,0.0,0.0,0.0,1,0,0.0,1.0,0.0,0.0,0.0,0.0,1.0,0.0,0.0,0.0
A-2021-04-246,21/04/2021,10:00,ATROPELLO,1,0,1,LIMA,LIMA,SAN JUAN DE LURIGANCHO,URBANA,AVENIDA,URBANO,NO CORRESPONDE,-11.916645,-76.969383,DESPEJADO,COMERCIAL,TRAMO RECTO,PLANA,ASFALTADA,SIN_DATO,SIN_DATO,SIN_DATO,SIN_DATO,IMPRUDENCIA DEL PEATÓN,OTRO (IMPRUDENCIA DEL PEATÓN),,,,,,,,,,,,,,,,,,,,,,,,,150132,0.701053025277506,79.62867561460851,73.1469484600971,10.064317505194426,1464.6926161541437,1150285.0494171206,7626.313,1683.4029999999998,1599.0829999999996,4343.827000000001,1814.875,5811.438000000001,23.797541485643194,2,1,0,1,0,32.0,32.0,32.0,1.0,0.0,0.0,0.0,1,0,0.0,0.0,0.0,1.0,0.0,0.0,1.0,0.0,0.0,0.0
A-2021-04-313,21/04/2021,10:30,DESPISTE,2,0,1,HUANCAVELICA,CASTROVIRREYNA,TANTARA,RURAL,CARRETERA,DEPARTAMENTAL,HV-114,-13.15336,-75.64931,DESPEJADO,RURAL,SINUOSA,INCLINADA,CASCAJO/RIPIO,SIN_DATO,SIN_DATO,SIN_DATO,SIN_DATO,EN PROCESO DE INVESTIGACIÓN,NO CUENTA CON CAUSA ESPECIFICA,,,,,,,,,,,,,,,,,,,,,,,,,090412,0.43194872863366307,70.59723527683362,53.21296545556788,7.899489412244051,581.7829501469798,617.1498929336187,8511.426,1445.3929999999996,2008.516,5057.516999999999,1879.5789999999997,6631.846999999998,22.083009357068956,2,1,0,0,1,37.0,37.0,37.0,1.0,0.0,0.0,0.0,1,0,0.0,0.0,0.0,1.0,0.0,1.0,0.0,0.0,0.0,0.0
A-2021-04-218,21/04/2021,11:30,DESPISTE,1,1,1,HUANCAVELICA,CASTROVIRREYNA,ARMA,RURAL,CARRETERA,NACIONAL,PE-26,-13.185949,-75.572333,DESPEJADO,RURAL,CURVA,PLANA,ASFALTADA,SIN_DATO,SIN_DATO,SIN_DATO,SIN_DATO,EN PROCESO DE INVESTIGACIÓN,NO CUENTA CON CAUSA ESPECIFICA,1482.81,1.0,Asfaltado económico,Regular,0.0,No concesionado,Corredor Chincha - Huancavelica - Izcuchaca,270.0,1482.81,1.0,Asfaltado económico,Regular,0.0,No concesionado,Corredor Chincha - Huancavelica - Izcuchaca,270.0,1482.81,1.0,Asfaltado económico,Regular,0.0,No concesionado,Corredor Chincha - Huancavelica - Izcuchaca,270.0,090402,0.3350977923231871,68.89558289355473,47.343888383262595,6.105182048508107,369.6405022278763,1173.4582441113491,8511.426,1445.3929999999996,2008.516,5057.516999999999,1879.5789999999997,6631.846999999998,22.083009357068956,2,1,0,0,1,41.0,41.0,41.0,1.0,0.0,1.0,1.0,1,0,0.0,0.0,0.0,1.0,0.0,0.0,1.0,0.0,0.0,0.0
A-2021-04-291,21/04/2021,19:50,CHOQUE,1,2,2,LAMBAYEQUE,CHICLAYO,SAÑA,RURAL,CARRETERA,DEPARTAMENTAL,LA-116,-6.79093,-79.598616,DESPEJADO,RURAL,TRAMO RECTO,PLANA,ASFALTADA,SIN_DATO,SIN_DATO,SIN_DATO,SIN_DATO,EN PROCESO DE INVESTIGACIÓN,NO CUENTA CON CAUSA ESPECIFICA,,,,,,,,,,,,,,,,,,,,,,,,,140115,0.5269774463263404,80.68574196150158,64.40465614050751,7.841572542584764,777.5245054244522,9737.584582441114,3459.691,515.0619999999999,689.7280000000001,2254.901,703.3549999999999,2756.3360000000002,20.329994788551925,4,2,0,0,2,56.0,56.0,56.0,1.0,0.0,0.0,0.0,2,0,0.0,1.0,1.0,0.0,1.0,0.0,1.0,0.0,1.0,0.0
A-2021-04-129,21/04/2021,20:00,ATROPELLO,1,0,1,LAMBAYEQUE,CHICLAYO,PIMENTEL,URBANA,CARRETERA,NACIONAL,PE-1N,-6.7296316,-79.8883738,DESPEJADO,INDUSTRIAL,TRAMO RECTO,PLANA,ASFALTADA,SI,PREVENTIVA (P),REGULADORA (R),NO,EN PROCESO DE INVESTIGACIÓN,NO CUENTA CON CAUSA ESPECIFICA,6543.555,3.0,Pavimentado,Bueno,1.0,Autopista del Sol,Eje Estructurante Norte,1475.0,6543.555,3.0,Pavimentado,Bueno,1.0,Autopista del Sol,Eje Estructurante Norte,1475.0,6543.555,3.0,Pavimentado,Bueno,1.0,Autopista del Sol,Eje Estructurante Norte,1475.0,140112,0.582874900209372,79.91553229957624,74.28629633563499,9.98490789682274,850.0456977651463,50544.903640256955,3459.691,515.0619999999999,689.7280000000001,2254.901,703.3549999999999,2756.3360000000002,20.329994788551925,2,1,0,1,0,34.0,34.0,34.0,1.0,1.0,0.0,0.0,1,0,0.0,0.0,0.0,0.0,0.0,1.0,0.0,0.0,0.0,0.0
A-2021-04-301,21/04/2021,21:10,ATROPELLO,1,0,1,JUNIN,JUNIN,CARHUAMAYO,URBANA,CARRETERA,NACIONAL,PE-3N,-10.9311262,-76.0555103,DESPEJADO,COMERCIAL,TRAMO RECTO,PLANA,ASFALTADA,SI,REGULADORA (R),PREVENTIVA (P),NO,EN PROCESO DE INVESTIGACIÓN,NO CUENTA CON CAUSA ESPECIFICA,9936.932,2.0,Pavimentado,Bueno,1.0,No concesionado,No corresponde,3830.0,9936.932,2.0,Pavimentado,Bueno,1.0,No concesionado,No corresponde,3830.0,9936.932,2.0,Pavimentado,Bueno,1.0,No concesionado,No corresponde,3830.0,120502,0.4515021227868664,71.4196998727447,62.336219650226376,7.581270728582125,617.1133018029116,6161.010706638115,12264.545,1826.4639999999995,1105.5389999999998,9332.542000000001,1588.5359999999996,10676.009,12.952261987705208,2,1,0,1,0,36.0,36.0,36.0,1.0,0.0,0.0,1.0,1,0,0.0,1.0,0.0,0.0,0.0,0.0,1.0,0.0,1.0,0.0
A-2021-04-133,21/04/2021,22:15,ATROPELLO,1,0,1,TUMBES,TUMBES,TUMBES,URBANA,CARRETERA,NACIONAL,PE-1N,-3.568419150202117,-80.45914645042534,DESPEJADO,COMERCIAL,INTERSECCIÓN,PLANA,ASFALTADA,SI,PREVENTIVA (P),SIN_DATO,NO,IMPRUDENCIA DEL PEATÓN,OTRO (IMPRUDENCIA DEL PEATÓN),6543.555,3.0,Pavimentado,Bueno,1.0,Autopista del Sol,Eje Estructurante Norte,1475.0,6543.555,3.0,Pavimentado,Bueno,1.0,Autopista del Sol,Eje Estructurante Norte,1475.0,6543.555,3.0,Pavimentado,Bueno,1.0,Autopista del Sol,Eje Estructurante Norte,1475.0,240101,0.6025111043634478,77.63758231637303,72.22144062196868,9.791503225075061,998.9716590818762,109744.95931477516,1009.1009999999999,138.47399999999996,287.471,583.156,276.972,732.129,27.447401201663663,2,1,0,1,0,53.0,53.0,53.0,1.0,0.0,0.0,1.0,1,0,0.0,1.0,0.0,0.0,0.0,0.0,1.0,0.0,0.0,0.0
A-2021-04-128,22/04/2021,11:50,DESPISTE,3,0,2,LA LIBERTAD,VIRU,GUADALUPITO,RURAL,CARRETERA,NACIONAL,PE-1N,-8.960994,-78.628281,DESPEJADO,RURAL,TRAMO RECTO,PLANA,ASFALTADA,SIN_DATO,SIN_DATO,SIN_DATO,SIN_DATO,NEGLIGENCIA DEL CONDUCTOR,OTRO (NEGLIGENCIA DEL CONDUCTOR),6543.555,3.0,Pavimentado,Bueno,1.0,Autopista del Sol,Eje Estructurante Norte,1475.0,6543.555,3.0,Pavimentado,Bueno,1.0,Autopista del Sol,Eje Estructurante Norte,1475.0,6543.555,3.0,Pavimentado,Bueno,1.0,Autopista del Sol,Eje Estructurante Norte,1475.0,131203,0.4867987483268106,77.5825534369154,52.95148122709723,6.150547060309878,840.5788229266196,9838.736616702356,8931.828000000005,1335.5899999999997,1935.9830000000004,5660.255000000005,1219.309,7712.519000000005,13.651281686122923,3,1,0,0,2,62.0,62.0,62.0,1.0,0.0,0.0,0.0,1,0,0.0,0.0,0.0,1.0,0.0,1.0,0.0,0.0,0.0,0.0