CODIGO_SINIESTRO,FECHA SINIESTRO,HORA SINIESTRO,CLASE SINIESTRO,CANTIDAD DE FALLECIDOS,CANTIDAD DE LESIONADOS,CANTIDAD DE VEHICULOS DAÑADOS,DEPARTAMENTO,PROVINCIA,DISTRITO,ZONA,TIPO DE VÍA,RED VIAL,COD CARRETERA,COORDENADAS LATITUD,COORDENADAS  LONGITUD,CONDICIÓN CLIMÁTICA,ZONIFICACIÓN,CARACTERÍSTICAS DE VÍA,PERFIL LONGITUDINAL VÍA,SUPERFICIE DE CALZADA,¿EXISTE SEÑAL VERTICAL?,CLASIFICACIÓN DE LA SEÑAL VERTICAL Nº 1,CLASIFICACIÓN DE LA SEÑAL VERTICAL Nº 2,¿EXISTE SEÑAL HORIZONTAL?,CAUSA FACTOR PRINCIPAL,CAUSA ESPECÍFICA,MTC_RVN_LONGITUD_KM_x,MTC_RVN_N_CARRILES_MEDIANA_x,MTC_RVN_SUPERFICIE_DOMINANTE_x,MTC_RVN_ESTADO_DOMINANTE_x,MTC_RVN_ES_CONCESIONADA_x,MTC_RVN_CONCESION_PRINCIPAL_x,MTC_RVN_CORREDOR_LOGISTICO_x,MTC_RVN_N_TRAMOS_x,MTC_RVN_LONGITUD_KM_y,MTC_RVN_N_CARRILES_MEDIANA_y,MTC_RVN_SUPERFICIE_DOMINANTE_y,MTC_RVN_ESTADO_DOMINANTE_y,MTC_RVN_ES_CONCESIONADA_y,MTC_RVN_CONCESION_PRINCIPAL_y,MTC_RVN_CORREDOR_LOGISTICO_y,MTC_RVN_N_TRAMOS_y,MTC_RVN_LONGITUD_KM,MTC_RVN_N_CARRILES_MEDIANA,MTC_RVN_SUPERFICIE_DOMINANTE,MTC_RVN_ESTADO_DOMINANTE,MTC_RVN_ES_CONCESIONADA,MTC_RVN_CONCESION_PRINCIPAL,MTC_RVN_CORREDOR_LOGISTICO,MTC_RVN_N_TRAMOS,IDH_UBIGEO,IDH_2019,IDH_ESP_VIDA_2019,IDH_EDUC_SECUND_PCT_2019,IDH_ANIOS_EDUC_2019,IDH_INGRESO_PERCAP_2019,IDH_POBLACION_2019,MTC_DEP_RED_TOTAL_KM,MTC_DEP_NACIONAL_TOTAL_KM,MTC_DEP_DEPARTAMENTAL_TOTAL_KM,MTC_DEP_VECINAL_TOTAL_KM,MTC_DEP_PAV_TOTAL_KM,MTC_DEP_NO_PAV_TOTAL_KM,MTC_DEP_PCT_PAVIMENTADA,PER_TOTAL_PERSONAS,PER_N_CONDUCTORES,PER_N_CONDUCTORES_FUGADOS,PER_N_PEATONES,PER_N_PASAJEROS_OCUPANTES,PER_EDAD_COND_PROM,PER_EDAD_COND_MIN,PER_EDAD_COND_MAX,PER_ANY_COND_MASCULINO,PER_ANY_LIC_PROBLEMA,PER_ANY_DOSAJE_POS,PER_ANY_DOSAJE_EVALUADO,VEH_TOTAL,VEH_N_FUGADOS,VEH_ANY_FUGADO,VEH_ANY_CARGA,VEH_ANY_PUBLICO,VEH_ANY_PARTICULAR,VEH_ANY_MOTO,VEH_ANY_AUTO,VEH_ANY_CAMION_BUS,VEH_ANY_SOAT_PROBLEMA,VEH_ANY_CITV_PROBLEMA,VEH_ANY_SEGURO_PROBLEMA
A-2022-01-69,01/01/2022,06:04,DESPISTE,1,0,0,LIMA,LIMA,LA MOLINA,URBANA,AVENIDA,URBANO,NO CORRESPONDE,-12.063661,-76.952232,DESPEJADO,COMERCIAL,TRAMO RECTO,PLANA,ASFALTADA,SIN_DATO,SIN_DATO,SIN_DATO,SIN_DATO,EN PROCESO DE INVESTIGACIÓN,NO CUENTA CON CAUSA ESPECIFICA,,,,,,,,,,,,,,,,,,,,,,,,,150114,0.8452166148253858,80.64766902313956,78.16154022078278,14.700269515657656,1939.4672090018814,160839.29764453962,7626.313,1683.4029999999998,1599.0829999999996,4343.827000000001,1814.875,5811.438000000001,23.797541485643194,1,1,0,0,0,28.0,28.0,28.0,1.0,0.0,0.0,1.0,1,0,0.0,0.0,0.0,1.0,1.0,0.0,0.0,0.0,1.0,0.0
A-2022-01-53,01/01/2022,06:30,DESPISTE,1,1,1,CAJAMARCA,CHOTA,CHIMBAN,RURAL,CARRETERA,SIN CLASIFICAR,SIN CLASIFICAR,-6.282066,-78.481812,DESPEJADO,RURAL,CURVA,INCLINADA,AFIRMADO,SIN_DATO,SIN_DATO,SIN_DATO,SIN_DATO,EN PROCESO DE INVESTIGACIÓN,NO CUENTA CON CAUSA ESPECIFICA,,,,,,,,,,,,,,,,,,,,,,,,,060405,0.25899461860411976,76.09156185321413,31.816220509217047,4.494478493390021,239.679210678783,2738.584582441114,15935.565011852366,1733.9250000199986,935.692,13265.948011832368,2000.1670000199988,13935.398011832369,12.551591352627522,2,1,0,0,1,48.0,48.0,48.0,1.0,0.0,0.0,0.0,1,0,0.0,1.0,0.0,0.0,0.0,0.0,1.0,0.0,1.0,0.0
A-2022-01-154,01/01/2022,09:00,DESPISTE,1,0,1,LA LIBERTAD,TRUJILLO,HUANCHACO,URBANA,OTRO,URBANO,NO CORRESPONDE,-8.0816026258135,-79.11600389190302,DESPEJADO,RESIDENCIAL,PUENTE,PLANA,CONCRETO,SIN_DATO,SIN_DATO,SIN_DATO,SIN_DATO,EN PROCESO DE INVESTIGACIÓN,NO CUENTA CON CAUSA ESPECIFICA,,,,,,,,,,,,,,,,,,,,,,,,,130104,0.583006771156836,78.2441938961209,62.24037484511178,8.807312392374042,1028.2282118265089,76607.295503212,8931.828000000005,1335.5899999999997,1935.9830000000004,5660.255000000005,1219.309,7712.519000000005,13.651281686122923,1,1,0,0,0,50.0,50.0,50.0,1.0,0.0,0.0,0.0,1,0,0.0,0.0,0.0,1.0,1.0,0.0,0.0,1.0,1.0,1.0
A-2022-01-1,01/01/2022,18:30,DESPISTE,3,3,1,ANCASH,CORONGO,CORONGO,RURAL,CARRETERA,PROVINCIAL,AN-514,-8.575619341484126,-77.91582947335122,SIN_DATO,SIN_DATO,SIN_DATO,SIN_DATO,SIN_DATO,SIN_DATO,SIN_DATO,SIN_DATO,SIN_DATO,EN PROCESO DE INVESTIGACIÓN,NO CUENTA CON CAUSA ESPECIFICA,,,,,,,,,,,,,,,,,,,,,,,,,020901,0.36813810444983847,72.11733649129066,23.936061278124054,6.236157656996256,607.7091204562252,1271.539614561028,10767.648000000001,1885.0630000000003,1222.721,7659.864000000001,2100.343,8667.305000000002,19.506051832303577,6,1,0,0,5,53.0,53.0,53.0,1.0,0.0,0.0,0.0,1,0,0.0,0.0,0.0,1.0,0.0,1.0,0.0,1.0,1.0,1.0
A-2022-01-296,01/01/2022,18:57,ATROPELLO,1,2,1,JUNIN,HUANCAYO,HUANCAN,RURAL,CARRETERA,NACIONAL,PE-3S,-12.110581,-75.216347,DESPEJADO,RURAL,INTERSECCIÓN,PLANA,ASFALTADA,SI,PREVENTIVA (P),SIN_DATO,NO,IMPRUDENCIA DEL CONDUCTOR,EXCESO DE VELOCIDAD,7586.903,2.0,Pavimentado,Bueno,1.0,No concesionado,CO 10: Abancay - Ayacucho- Huancayo- La Oroya,1198.0,7586.903,2.0,Pavimentado,Bueno,1.0,No concesionado,CO 10: Abancay - Ayacucho- Huancayo- La Oroya,1198.0,7586.903,2.0,Pavimentado,Bueno,1.0,No concesionado,CO 10: Abancay - Ayacucho- Huancayo- La Oroya,1198.0,120119,0.4928687519261139,71.44878444957367,71.38203536953866,8.536671990950516,690.1106839322879,26022.21199143469,12264.545,1826.4639999999995,1105.5389999999998,9332.542000000001,1588.5359999999996,10676.009,12.952261987705208,4,1,0,3,0,22.0,22.0,22.0,1.0,1.0,0.0,0.0,1,0,0.0,0.0,0.0,1.0,0.0,1.0,0.0,0.0,1.0,0.0
A-2022-01-70,01/01/2022,23:00,ATROPELLO,1,0,0,LIMA,LIMA,PACHACAMAC,URBANA,CARRETERA,PROVINCIAL,LM-796,-12.104026430763833,-76.87641783945658,DESPEJADO,RURAL,TRAMO RECTO,PLANA,ASFALTADA,SIN_DATO,SIN_DATO,SIN_DATO,SIN_DATO,EN PROCESO DE INVESTIGACIÓN,NO CUENTA CON CAUSA ESPECIFICA,,,,,,,,,,,,,,,,,,,,,,,,,150123,0.6463106547105882,77.51872248135703,70.89234783689217,9.278997434434539,1279.2302833246192,140977.61456102785,7626.313,1683.4029999999998,1599.0829999999996,4343.827000000001,1814.875,5811.438000000001,23.797541485643194,3,2,0,1,0,39.0,35.0,43.0,1.0,0.0,0.0,1.0,2,0,0.0,1.0,1.0,0.0,1.0,0.0,1.0,0.0,1.0,1.0
A-2022-01-294,01/01/2022,23:05,CHOQUE,1,0,1,JUNIN,HUANCAYO,HUAYUCACHI,RURAL,CARRETERA,SIN CLASIFICAR,SIN CLASIFICAR,-12.147337,-75.235731,DESPEJADO,RURAL,TRAMO RECTO,PLANA,TROCHA,SIN_DATO,SIN_DATO,SIN_DATO,SIN_DATO,IMPRUDENCIA DEL CONDUCTOR,OTRO (IMPRUDENCIA DEL CONDUCTOR),,,,,,,,,,,,,,,,,,,,,,,,,120121,0.48690057050100766,71.27758642633061,70.98462759449653,8.427566649199576,675.919211630646,9077.69807280514,12264.545,1826.4639999999995,1105.5389999999998,9332.542000000001,1588.5359999999996,10676.009,12.952261987705208,3,2,0,1,0,23.0,23.0,23.0,1.0,0.0,1.0,1.0,2,0,0.0,0.0,1.0,0.0,0.0,1.0,1.0,0.0,1.0,0.0
A-2022-01-2,02/01/2022,05:00,ATROPELLO FUGA,1,0,1,ICA,ICA,SALAS,RURAL,CARRETERA,NACIONAL,PE-1S,-13.971056,-75.779005,NIEBLA,RURAL,INTERSECCIÓN,PLANA,ASFALTADA,SIN_DATO,SIN_DATO,SIN_DATO,SIN_DATO,EN PROCESO DE INVESTIGACIÓN,NO CUENTA CON CAUSA ESPECIFICA,6639.975,2.0,Pavimentado,Bueno,1.0,No concesionado,Eje Estructurante Sur,1616.0,6639.975,2.0,Pavimentado,Bueno,1.0,No concesionado,Eje Estructurante Sur,1616.0,6639.975,2.0,Pavimentado,Bueno,1.0,No concesionado,Eje Estructurante Sur,1616.0,110108,0.6053164595604621,78.88848309050202,67.63954639531094,9.133324993872453,1064.9426147896202,27932.19700214133,3721.461,698.1859999999996,744.866,2278.409,1102.9029999999996,2618.558,29.636290693359403,2,1,1,1,0,,,,0.0,0.0,0.0,0.0,1,1,1.0,0.0,0.0,0.0,0.0,0.0,0.0,0.0,0.0,1.0
A-2022-01-290,02/01/2022,09:15,DESPISTE,1,1,1,AREQUIPA,CAMANA,OCOÑA,RURAL,CARRETERA,PROVINCIAL,AR-535,-16.246854330244204,-73.15264523366587,DESPEJADO,RURAL,CURVA,INCLINADA,TROCHA,SIN_DATO,SIN_DATO,SIN_DATO,SIN_DATO,EN PROCESO DE INVESTIGACIÓN,NO CUENTA CON CAUSA ESPECIFICA,,,,,,,,,,,,,,,,,,,,,,,,,040206,0.6193008310774621,82.69408159482029,66.92621392177676,8.70769637174445,1102.1398098925033,4520.503211991434,10322.272,1495.2359999999999,1749.739,7077.2970000000005,2886.595,7435.677000000001,27.964725207783708,2,1,0,0,1,67.0,67.0,67.0,1.0,0.0,0.0,0.0,1,0,0.0,0.0,0.0,1.0,0.0,0.0,1.0,0.0,0.0,0.0
A-2022-01-167,02/01/2022,10:05,ATROPELLO,1,0,0,PUNO,SAN ROMAN,JULIACA,URBANA,OTRO,URBANO,NO CORRESPONDE,-15.48467909601851,-70.10789062701292,DESPEJADO,ESCOLAR,TRAMO RECTO,PLANA,TROCHA,SIN_DATO,SIN_DATO,SIN_DATO,SIN_DATO,IMPRUDENCIA DEL PEATÓN,OTRO (IMPRUDENCIA DEL PEATÓN),,,,,,,,,,,,,,,,,,,,,,,,,211101,0.5759734352119,73.55929462493827,78.89306383943827,10.174966342239475,888.1716010638444,232834.39603082248,13642.312999999998,2020.7790000000005,2354.117,9267.416999999998,3314.0520000000006,10328.260999999997,24.29244952817019,2,1,0,1,0,46.0,46.0,46.0,1.0,0.0,0.0,0.0,1,0,0.0,1.0,0.0,0.0,0.0,0.0,1.0,0.0,0.0,0.0
A-2022-01-278,02/01/2022,12:30,DESPISTE,1,2,1,AYACUCHO,HUAMANGA,ACOS VINCHOS,RURAL,CARRETERA,PROVINCIAL,AY-713,-13.115315,-74.093383,DESPEJADO,RURAL,CURVA,INCLINADA,AFIRMADO,SIN_DATO,SIN_DATO,SIN_DATO,SIN_DATO,IMPRUDENCIA DEL CONDUCTOR,EXCESO DE VELOCIDAD,,,,,,,,,,,,,,,,,,,,,,,,,050103,0.25500886930607336,70.4436353697424,41.73695619955871,3.6867753521276336,264.1841887539025,5787.284796573876,12678.733000000004,1805.074000000001,1774.0339999999994,9099.625000000004,2485.375000000001,10193.358000000002,19.602707936195205,3,1,0,0,2,31.0,31.0,31.0,0.0,1.0,0.0,1.0,1,0,0.0,0.0,0.0,1.0,0.0,0.0,1.0,1.0,1.0,1.0
A-2022-01-155,02/01/2022,16:00,DESPISTE,1,7,1,LA LIBERTAD,SANTIAGO DE CHUCO,QUIRUVILCA,RURAL,CARRETERA,NACIONAL,PE-3N,-8.105542,-78.296194,DESPEJADO,RURAL,TRAMO RECTO,INCLINADA,AFIRMADO,SIN_DATO,SIN_DATO,SIN_DATO,SIN_DATO,NEGLIGENCIA DEL CONDUCTOR,CONDUCIR CON FALLAS DE FRENOS,9936.932,2.0,Pavimentado,Bueno,1.0,No concesionado,No corresponde,3830.0,9936.932,2.0,Pavimentado,Bueno,1.0,No concesionado,No corresponde,3830.0,9936.932,2.0,Pavimentado,Bueno,1.0,No concesionado,No corresponde,3830.0,131006,0.43208839365672586,76.718936301794,43.003289188979466,6.269065613037991,662.0777072841523,13167.552462526766,8931.828000000005,1335.5899999999997,1935.9830000000004,5660.255000000005,1219.309,7712.519000000005,13.651281686122923,9,1,0,0,8,31.0,31.0,31.0,1.0,0.0,0.0,0.0,1,0,0.0,1.0,0.0,0.0,0.0,0.0,1.0,0.0,0.0,0.0
A-2022-01-228,02/01/2022,18:45,ATROPELLO,1,0,1,CUSCO,CANCHIS,TINTA,RURAL,CARRETERA,NACIONAL,PE-3S,-14.121408,-71.41428,DESPEJADO,RURAL,CURVA,PLANA,ASFALTADA,SIN_DATO,SIN_DATO,SIN_DATO,SIN_DATO,IMPRUDENCIA DEL PEATÓN,ESTADO DE EBRIEDAD Y/O DROGADICCIÓN,7586.903,2.0,Pavimentado,Bueno,1.0,No concesionado,CO 10: Abancay - Ayacucho- Huancayo- La Oroya,1198.0,7586.903,2.0,Pavimentado,Bueno,1.0,No concesionado,CO 10: Abancay - Ayacucho- Huancayo- La Oroya,1198.0,7586.903,2.0,Pavimentado,Bueno,1.0,No concesionado,CO 10: Abancay - Ayacucho- Huancayo- La Oroya,1198.0,080608,0.43371735621046414,75.15065004139942,79.9974723492709,7.143524482711378,473.53488899316744,5193.304068522484,17779.13499998999,2097.3709999899993,2863.123,12818.640999999989,2878.713,14900.421999989987,16.19152450331032,2,1,0,1,0,59.0,59.0,59.0,1.0,0.0,0.0,1.0,1,0,0.0,0.0,1.0,0.0,0.0,0.0,1.0,0.0,0.0,0.0
A-2022-01-300,02/01/2022,19:30,ATROPELLO FUGA,1,0,1,LA LIBERTAD,TRUJILLO,HUANCHACO,URBANA,AVENIDA,URBANO,NO CORRESPONDE,-8.032351,-79.061989,DESPEJADO,COMERCIAL,TRAMO RECTO,PLANA,ASFALTADA,SIN_DATO,SIN_DATO,SIN_DATO,SIN_DATO,EN PROCESO DE INVESTIGACIÓN,NO CUENTA CON CAUSA ESPECIFICA,,,,,,,,,,,,,,,,,,,,,,,,,130104,0.583006771156836,78.2441938961209,62.24037484511178,8.807312392374042,1028.2282118265089,76607.295503212,8931.828000000005,1335.5899999999997,1935.9830000000004,5660.255000000005,1219.309,7712.519000000005,13.651281686122923,2,1,1,1,0,,,,0.0,0.0,0.0,0.0,1,1,1.0,0.0,0.0,0.0,0.0,0.0,0.0,0.0,0.0,1.0
A-2022-01-343,02/01/2022,20:15,CHOQUE,1,0,2,TACNA,TACNA,CORONEL GREGORIO ALBARRACIN LANCHIPA,RURAL,OTRO,URBANO,NO CORRESPONDE,-18.111547741646653,-70.2575237198779,DESPEJADO,RURAL,TRAMO RECTO,PLANA,AFIRMADO,SIN_DATO,SIN_DATO,SIN_DATO,SIN_DATO,IMPRUDENCIA DEL CONDUCTOR,CONDUCIR EN ESTADO DE EBRIEDAD Y/O DROGADICCIÓN,,,,,,,,,,,,,,,,,,,,,,,,,,,,,,,,2650.5719999999997,630.6729999999998,487.3610000000001,1532.5379999999998,1068.7019999999998,1581.87,40.31967439480987,2,2,0,0,0,53.0,39.0,67.0,1.0,1.0,1.0,1.0,2,0,0.0,0.0,0.0,1.0,0.0,0.0,1.0,0.0,0.0,1.0
A-2022-01-142,03/01/2022,00:10,ATROPELLO,1,0,1,PUNO,SAN ROMAN,SAN MIGUEL,URBANA,AVENIDA,URBANO,NO CORRESPONDE,-15.471991294492025,-70.12311970961198,DESPEJADO,COMERCIAL,INTERSECCIÓN,PLANA,ASFALTADA,SIN_DATO,SIN_DATO,SIN_DATO,SIN_DATO,IMPRUDENCIA DEL CONDUCTOR,CONDUCIR EN ESTADO DE EBRIEDAD Y/O DROGADICCIÓN,,,,,,,,,,,,,,,,,,,,,,,,,211105,0.5225679967471315,73.87568641139362,79.22999870887685,8.745562804731529,728.6643223924281,65445.28409703769,13642.312999999998,2020.7790000000005,2354.117,9267.416999999998,3314.0520000000006,10328.260999999997,24.29244952817019,2,1,0,1,0,28.0,28.0,28.0,1.0,0.0,1.0,1.0,1,0,0.0,0.0,0.0,1.0,0.0,1.0,0.0,0.0,0.0,0.0
A-2022-01-64,03/01/2022,08:30,DESPISTE,1,1,1,APURIMAC,CHINCHEROS,CHINCHEROS,RURAL,CARRETERA,PROVINCIAL,AP-541,-13.578622,-73.710652,NUBLADO,RURAL,TRAMO RECTO,PLANA,AFIRMADO,SIN_DATO,SIN_DATO,SIN_DATO,SIN_DATO,IMPRUDENCIA DEL CONDUCTOR,EXCESO DE VELOCIDAD,,,,,,,,,,,,,,,,,,,,,,,,,030601,0.4192164217293653,68.17945161913431,60.59110843196562,7.127031141345839,564.301368975115,6209.351177730193,8358.971,1282.451,1298.0969999999998,5778.423,1432.683,6926.288,17.139466089785454,3,1,0,0,2,38.0,38.0,38.0,1.0,0.0,0.0,0.0,1,0,0.0,0.0,0.0,1.0,0.0,0.0,1.0,0.0,1.0,0.0
A-2022-01-73,03/01/2022,19:00,CHOQUE,1,0,0,LIMA,LIMA,CHORRILLOS,URBANA,CARRETERA,NACIONAL,PE-1S,-12.221114594425702,-76.97614819371015,DESPEJADO,ESCOLAR,INTERSECCIÓN,PLANA,ASFALTADA,SIN_DATO,SIN_DATO,SIN_DATO,SIN_DATO,EN PROCESO DE INVESTIGACIÓN,NO CUENTA CON CAUSA ESPECIFICA,6639.975,2.0,Pavimentado,Bueno,1.0,No concesionado,Eje Estructurante Sur,1616.0,6639.975,2.0,Pavimentado,Bueno,1.0,No concesionado,Eje Estructurante Sur,1616.0,6639.975,2.0,Pavimentado,Bueno,1.0,No concesionado,Eje Estructurante Sur,1616.0,150108,0.7583553928164398,79.82595632107274,76.7651270103073,11.46351379457763,1662.7771470294063,333655.3618843683,7626.313,1683.4029999999998,1599.0829999999996,4343.827000000001,1814.875,5811.438000000001,23.797541485643194,2,2,0,0,0,49.0,45.0,53.0,1.0,0.0,0.0,1.0,2,0,0.0,1.0,0.0,1.0,0.0,1.0,1.0,0.0,0.0,0.0
A-2022-01-7,03/01/2022,19:45,CHOQUE,1,0,2,SAN MARTIN,MOYOBAMBA,MOYOBAMBA,RURAL,CARRETERA,NACIONAL,PE-5N,-6.082243,-76.884668,DESPEJADO,RURAL,CURVA,INCLINADA,ASFALTADA,SIN_DATO,SIN_DATO,SIN_DATO,SIN_DATO,EN PROCESO DE INVESTIGACIÓN,NO CUENTA CON CAUSA ESPECIFICA,7758.33400008,2.0,Pavimentado,Bueno,1.0,No concesionado,Corredor IIRSA Norte,2133.0,7758.33400008,2.0,Pavimentado,Bueno,1.0,No concesionado,Corredor IIRSA Norte,2133.0,7758.33400008,2.0,Pavimentado,Bueno,1.0,No concesionado,Corredor IIRSA Norte,2133.0,220101,0.5294800468051228,72.46713251445857,60.50982579904599,7.757161651692042,952.984823255978,86435.21199143468,5645.1359999999995,815.0759999999999,965.298,3864.7619999999997,1013.406,4631.73,17.95184385283189,2,2,0,0,0,52.5,46.0,59.0,1.0,0.0,0.0,0.0,2,0,0.0,1.0,1.0,0.0,1.0,1.0,0.0,0.0,1.0,0.0
A-2022-01-54,03/01/2022,21:10,DESPISTE,1,1,1,CAJAMARCA,CONTUMAZA,YONAN,RURAL,CARRETERA,NACIONAL,PE-08,-7.240266,-79.057652,DESPEJADO,RURAL,CURVA,INCLINADA,ASFALTADA,SIN_DATO,SIN_DATO,SIN_DATO,SIN_DATO,EN PROCESO DE INVESTIGACIÓN,NO CUENTA CON CAUSA ESPECIFICA,887.28,2.0,Pavimentado,Bueno,1.0,Longitudinal de la Sierra - Tramo 2: Ciudad de Dios - Cajamarca - Chiple - Cajamarca - Trujillo - Dv. Chilete - Emp. PE-3N,Corredor Ciudad de Dios - Cajamarca - Chachapoyas,155.0,887.28,2.0,Pavimentado,Bueno,1.0,Longitudinal de la Sierra - Tramo 2: Ciudad de Dios - Cajamarca - Chiple - Cajamarca - Trujillo - Dv. Chilete - Emp. PE-3N,Corredor Ciudad de Dios - Cajamarca - Chachapoyas,155.0,887.28,2.0,Pavimentado,Bueno,1.0,Longitudinal de la Sierra - Tramo 2: Ciudad de Dios - Cajamarca - Chiple - Cajamarca - Trujillo - Dv. Chilete - Emp. PE-3N,Corredor Ciudad de Dios - Cajamarca - Chachapoyas,155.0,060508,0.5563774842369664,73.07406660240972,65.2611721745993,7.77984257932775,1045.7361851012442,7379.728051391864,15935.565011852366,1733.9250000199986,935.692,13265.948011832368,2000.1670000199988,13935.398011832369,12.551591352627522,2,1,0,0,1,53.0,53.0,53.0,1.0,0.0,0.0,0.0,1,0,0.0,1.0,0.0,0.0,0.0,0.0,1.0,0.0,0.0,0.0
A-2022-01-229,03/01/2022,21:40,ATROPELLO,1,0,1,CUSCO,CUSCO,SAYLLA,RURAL,CARRETERA,NACIONAL,PE-3S,-13.55588917373734,-71.85594867584527,DESPEJADO,ESCOLAR,TRAMO RECTO,PLANA,ASFALTADA,SIN_DATO,SIN_DATO,SIN_DATO,SIN_DATO,IMPRUDENCIA DEL PEATÓN,ESTADO DE EBRIEDAD Y/O DROGADICCIÓN,7586.903,2.0,Pavimentado,Bueno,1.0,No concesionado,CO 10: Abancay - Ayacucho- Huancayo- La Oroya,1198.0,7586.903,2.0,Pavimentado,Bueno,1.0,No concesionado,CO 10: Abancay - Ayacucho- Huancayo- La Oroya,1198.0,7586.903,2.0,Pavimentado,Bueno,1.0,No concesionado,CO 10: Abancay - Ayacucho- Huancayo- La Oroya,1198.0,080107,0.5196848738299176,77.87933372563211,69.4675909511807,8.375864983409588,727.1162363854935,6457.1220556745175,17779.13499998999,2097.3709999899993,2863.123,12818.640999999989,2878.713,14900.421999989987,16.19152450331032,2,1,0,1,0,37.0,37.0,37.0,1.0,0.0,0.0,1.0,1,0,0.0,0.0,0.0,1.0,0.0,1.0,0.0,0.0,1.0,0.0
A-2022-01-89,03/01/2022,22:00,CHOQUE,1,0,0,LIMA,LIMA,PUENTE PIEDRA,URBANA,CARRETERA,NACIONAL,PE-1N,-11.890384903545833,-77.06837829493487,DESPEJADO,COMERCIAL,TRAMO RECTO,PLANA,ASFALTADA,SIN_DATO,SIN_DATO,SIN_DATO,SIN_DATO,EN PROCESO DE INVESTIGACIÓN,NO CUENTA CON CAUSA ESPECIFICA,6543.555,3.0,Pavimentado,Bueno,1.0,Autopista del Sol,Eje Estructurante Norte,1475.0,6543.555,3.0,Pavimentado,Bueno,1.0,Autopista del Sol,Eje Estructurante Norte,1475.0,6543.555,3.0,Pavimentado,Bueno,1.0,Autopista del Sol,Eje Estructurante Norte,1475.0,150125,0.6632628912836565,79.15155564666024,73.19223743118206,9.629669813837666,1289.452647666346,383699.2119914347,7626.313,1683.4029999999998,1599.0829999999996,4343.827000000001,1814.875,5811.438000000001,23.797541485643194,2,2,0,0,0,45.0,32.0,58.0,1.0,1.0,0.0,1.0,2,0,0.0,1.0,0.0,1.0,1.0,0.0,1.0,0.0,1.0,0.0
A-2022-01-330,04/01/2022,03:00,VOLCADURA,1,1,1,HUANUCO,PACHITEA,PANAO,RURAL,CARRETERA,NACIONAL,PE-18B,-9.902059,-75.999937,DESPEJADO,RURAL,TRAMO RECTO,INCLINADA,TROCHA,SIN_DATO,SIN_DATO,SIN_DATO,SIN_DATO,IMPRUDENCIA DEL CONDUCTOR,EXCESO DE VELOCIDAD,926.7690000000002,2.0,Proyectado,Regular,0.0,No concesionado,No corresponde,124.0,926.7690000000002,2.0,Proyectado,Regular,0.0,No concesionado,No corresponde,124.0,926.7690000000002,2.0,Proyectado,Regular,0.0,No concesionado,No corresponde,124.0,100801,0.24881014156168826,69.007841453463,38.256630661929826,3.4615469428359247,279.6678169043749,22296.955032119917,8209.057,1333.4779999999996,791.9770000000001,6083.602,1059.8589999999997,7149.198,12.910849565303295,2,1,0,0,1,27.0,27.0,27.0,1.0,0.0,0.0,0.0,1,0,0.0,0.0,0.0,1.0,0.0,1.0,0.0,0.0,0.0,0.0
A-2022-01-90,04/01/2022,10:45,ATROPELLO,1,0,0,LIMA,LIMA,SAN MARTIN DE PORRES,URBANA,CARRETERA,NACIONAL,PE-1N,-12.02323,-77.058815,DESPEJADO,COMERCIAL,TRAMO RECTO,PLANA,ASFALTADA,SIN_DATO,SIN_DATO,SIN_DATO,SIN_DATO,EN PROCESO DE INVESTIGACIÓN,NO CUENTA CON CAUSA ESPECIFICA,6543.555,3.0,Pavimentado,Bueno,1.0,Autopista del Sol,Eje Estructurante Norte,1475.0,6543.555,3.0,Pavimentado,Bueno,1.0,Autopista del Sol,Eje Estructurante Norte,1475.0,6543.555,3.0,Pavimentado,Bueno,1.0,Autopista del Sol,Eje Estructurante Norte,1475.0,150135,0.7419979630670723,80.31822295927182,79.00446395716813,11.084203715652809,1554.6868971011318,739416.2413542903,7626.313,1683.4029999999998,1599.0829999999996,4343.827000000001,1814.875,5811.438000000001,23.797541485643194,2,1,0,1,0,51.0,51.0,51.0,1.0,1.0,0.0,1.0,1,0,0.0,0.0,0.0,1.0,0.0,0.0,1.0,0.0,1.0,0.0
A-2022-01-323,04/01/2022,17:50,CHOQUE,1,4,2,HUANUCO,HUANUCO,CHINCHAO,RURAL,CARRETERA,NACIONAL,PE-18A,-9.577413,-76.024176,DESPEJADO,RURAL,CURVA,INCLINADA,ASFALTADA,SIN_DATO,SIN_DATO,SIN_DATO,SIN_DATO,IMPRUDENCIA DEL CONDUCTOR,EXCESO DE VELOCIDAD,693.175,2.0,Pavimentado,Regular,0.0,No concesionado,CO 3: Lima - La Oroya- Cerro de Pasco- Hußnuco- Tingo María - Pucallpa,249.0,693.175,2.0,Pavimentado,Regular,0.0,No concesionado,CO 3: Lima - La Oroya- Cerro de Pasco- Hußnuco- Tingo María - Pucallpa,249.0,693.175,2.0,Pavimentado,Regular,0.0,No concesionado,CO 3: Lima - La Oroya- Cerro de Pasco- Hußnuco- Tingo María - Pucallpa,249.0,100103,0.30965499894312565,76.17431233061522,44.8813332706993,3.774794268602337,378.47949303176176,19256.764453961456,8209.057,1333.4779999999996,791.9770000000001,6083.602,1059.8589999999997,7149.198,12.910849565303295,6,2,0,0,4,56.0,55.0,57.0,1.0,0.0,0.0,1.0,2,0,0.0,1.0,0.0,0.0,0.0,1.0,1.0,0.0,1.0,0.0