CODIGO_SINIESTRO,FECHA SINIESTRO,HORA SINIESTRO,CLASE SINIESTRO,CANTIDAD DE FALLECIDOS,CANTIDAD DE LESIONADOS,CANTIDAD DE VEHICULOS DAÑADOS,DEPARTAMENTO,PROVINCIA,DISTRITO,ZONA,TIPO DE VÍA,RED VIAL,COD CARRETERA,COORDENADAS LATITUD,COORDENADAS  LONGITUD,CONDICIÓN CLIMÁTICA,ZONIFICACIÓN,CARACTERÍSTICAS DE VÍA,PERFIL LONGITUDINAL VÍA,SUPERFICIE DE CALZADA,¿EXISTE SEÑAL VERTICAL?,CLASIFICACIÓN DE LA SEÑAL VERTICAL Nº 1,CLASIFICACIÓN DE LA SEÑAL VERTICAL Nº 2,¿EXISTE SEÑAL HORIZONTAL?,CAUSA FACTOR PRINCIPAL,CAUSA ESPECÍFICA,MTC_RVN_LONGITUD_KM_x,MTC_RVN_N_CARRILES_MEDIANA_x,MTC_RVN_SUPERFICIE_DOMINANTE_x,MTC_RVN_ESTADO_DOMINANTE_x,MTC_RVN_ES_CONCESIONADA_x,MTC_RVN_CONCESION_PRINCIPAL_x,MTC_RVN_CORREDOR_LOGISTICO_x,MTC_RVN_N_TRAMOS_x,MTC_RVN_LONGITUD_KM_y,MTC_RVN_N_CARRILES_MEDIANA_y,MTC_RVN_SUPERFICIE_DOMINANTE_y,MTC_RVN_ESTADO_DOMINANTE_y,MTC_RVN_ES_CONCESIONADA_y,MTC_RVN_CONCESION_PRINCIPAL_y,MTC_RVN_CORREDOR_LOGISTICO_y,MTC_RVN_N_TRAMOS_y,MTC_RVN_LONGITUD_KM,MTC_RVN_N_CARRILES_MEDIANA,MTC_RVN_SUPERFICIE_DOMINANTE,MTC_RVN_ESTADO_DOMINANTE,MTC_RVN_ES_CONCESIONADA,MTC_RVN_CONCESION_PRINCIPAL,MTC_RVN_CORREDOR_LOGISTICO,MTC_RVN_N_TRAMOS,IDH_UBIGEO,IDH_2019,IDH_ESP_VIDA_2019,IDH_EDUC_SECUND_PCT_2019,IDH_ANIOS_EDUC_2019,IDH_INGRESO_PERCAP_2019,IDH_POBLACION_2019,MTC_DEP_RED_TOTAL_KM,MTC_DEP_NACIONAL_TOTAL_KM,MTC_DEP_DEPARTAMENTAL_TOTAL_KM,MTC_DEP_VECINAL_TOTAL_KM,MTC_DEP_PAV_TOTAL_KM,MTC_DEP_NO_PAV_TOTAL_KM,MTC_DEP_PCT_PAVIMENTADA,PER_TOTAL_PERSONAS,PER_N_CONDUCTORES,PER_N_CONDUCTORES_FUGADOS,PER_N_PEATONES,PER_N_PASAJEROS_OCUPANTES,PER_EDAD_COND_PROM,PER_EDAD_COND_MIN,PER_EDAD_COND_MAX,PER_ANY_COND_MASCULINO,PER_ANY_LIC_PROBLEMA,PER_ANY_DOSAJE_POS,PER_ANY_DOSAJE_EVALUADO,VEH_TOTAL,VEH_N_FUGADOS,VEH_ANY_FUGADO,VEH_ANY_CARGA,VEH_ANY_PUBLICO,VEH_ANY_PARTICULAR,VEH_ANY_MOTO,VEH_ANY_AUTO,VEH_ANY_CAMION_BUS,VEH_ANY_SOAT_PROBLEMA,VEH_ANY_CITV_PROBLEMA,VEH_ANY_SEGURO_PROBLEMA
A-2022-08-252,01/08/2022,05:30,DESPISTE,1,3,1,JUNIN,TARMA,PALCA,RURAL,CARRETERA,PROVINCIAL,JU-604,-11.305549996282144,-75.5701446138607,LLUVIOSO,RURAL,OTRO,INCLINADA,TROCHA,SIN_DATO,SIN_DATO,SIN_DATO,SIN_DATO,IMPRUDENCIA DEL CONDUCTOR,OTRO (IMPRUDENCIA DEL CONDUCTOR),,,,,,,,,,,,,,,,,,,,,,,,,120706,0.3785310516079165,75.33519212039768,49.9039428717292,5.362207673258474,485.4204518607064,4754.987152034261,12264.545,1826.4639999999995,1105.5389999999998,9332.542000000001,1588.5359999999996,10676.009,12.952261987705208,4,1,0,0,3,60.0,60.0,60.0,1.0,0.0,0.0,0.0,1,0,0.0,0.0,0.0,1.0,0.0,0.0,1.0,0.0,0.0,0.0
A-2022-08-6,01/08/2022,06:00,CHOQUE,1,0,1,LA LIBERTAD,VIRU,VIRU,RURAL,CARRETERA,NACIONAL,PE-1N,-8.471488042913176,-78.71155052733202,DESPEJADO,RURAL,TRAMO RECTO,PLANA,ASFALTADA,SIN_DATO,SIN_DATO,SIN_DATO,SIN_DATO,IMPRUDENCIA DEL CONDUCTOR,ADELANTAR INDEBIDAMENTE,6543.555,3.0,Pavimentado,Bueno,1.0,Autopista del Sol,Eje Estructurante Norte,1475.0,6543.555,3.0,Pavimentado,Bueno,1.0,Autopista del Sol,Eje Estructurante Norte,1475.0,6543.555,3.0,Pavimentado,Bueno,1.0,Autopista del Sol,Eje Estructurante Norte,1475.0,131201,0.5051395598219868,77.13285387085847,51.52067479184955,6.715328807318118,900.900383457586,67612.41755888652,8931.828000000005,1335.5899999999997,1935.9830000000004,5660.255000000005,1219.309,7712.519000000005,13.651281686122923,2,2,0,0,0,46.0,26.0,66.0,1.0,1.0,0.0,0.0,2,0,0.0,1.0,0.0,1.0,1.0,0.0,1.0,1.0,0.0,0.0
A-2022-08-44,01/08/2022,16:30,CHOQUE,1,0,2,CUSCO,URUBAMBA,MARAS,RURAL,CARRETERA,NACIONAL,PE-28F,-13.375879,-72.11607,DESPEJADO,RURAL,SINUOSA,INCLINADA,ASFALTADA,SI,PREVENTIVA (P),PREVENTIVA (P),SI,IMPRUDENCIA DEL CONDUCTOR,INVASIÓN DE CARRIL,254.65999999999997,2.0,Pavimentado,Bueno,0.0,No concesionado,Alimentador del corredor logístico 04,93.0,254.65999999999997,2.0,Pavimentado,Bueno,0.0,No concesionado,Alimentador del corredor logístico 04,93.0,254.65999999999997,2.0,Pavimentado,Bueno,0.0,No concesionado,Alimentador del corredor logístico 04,93.0,081305,0.3091216969737358,74.65060422099381,55.22072068185886,5.263703320136043,274.74794688505597,5268.858672376874,17779.13499998999,2097.3709999899993,2863.123,12818.640999999989,2878.713,14900.421999989987,16.19152450331032,2,2,0,0,0,27.0,25.0,29.0,1.0,1.0,0.0,1.0,2,0,0.0,0.0,0.0,1.0,1.0,1.0,0.0,0.0,1.0,0.0
A-2022-08-127,02/08/2022,01:00,ATROPELLO FUGA,2,0,0,PUNO,SAN ROMAN,CABANA,RURAL,CARRETERA,NACIONAL,PE-34A,-15.562104,-70.24031,DESPEJADO,RURAL,TRAMO RECTO,PLANA,ASFALTADA,SIN_DATO,SIN_DATO,SIN_DATO,SIN_DATO,IMPRUDENCIA DEL PEATÓN,CRUCE INDEBIDO POR LA CALZADA,1504.4250000000002,2.0,Pavimentado,Bueno,1.0,IIRSA Sur - Tramo 5: Matarani - Azángaro - Ilo,Corredor Matarani - Arequipa - Juliaca,241.0,1504.4250000000002,2.0,Pavimentado,Bueno,1.0,IIRSA Sur - Tramo 5: Matarani - Azángaro - Ilo,Corredor Matarani - Arequipa - Juliaca,241.0,1504.4250000000002,2.0,Pavimentado,Bueno,1.0,IIRSA Sur - Tramo 5: Matarani - Azángaro - Ilo,Corredor Matarani - Arequipa - Juliaca,241.0,211102,0.3295055776475686,72.2087445727939,72.62976900035994,6.627409791568738,260.5608856829442,4240.3019271948615,13642.312999999998,2020.7790000000005,2354.117,9267.416999999998,3314.0520000000006,10328.260999999997,24.29244952817019,3,1,1,2,0,,,,0.0,0.0,0.0,0.0,1,1,1.0,0.0,0.0,0.0,0.0,0.0,0.0,0.0,0.0,1.0
A-2022-08-171,02/08/2022,03:45,DESPISTE,1,0,1,PIURA,PIURA,VEINTISEIS DE OCTUBRE,URBANA,CARRETERA,NACIONAL,PE-1N,-5.178632,-80.666543,DESPEJADO,INDUSTRIAL,TRAMO RECTO,PLANA,ASFALTADA,SIN_DATO,SIN_DATO,SIN_DATO,SIN_DATO,EN PROCESO DE INVESTIGACIÓN,NO CUENTA CON CAUSA ESPECIFICA,6543.555,3.0,Pavimentado,Bueno,1.0,Autopista del Sol,Eje Estructurante Norte,1475.0,6543.555,3.0,Pavimentado,Bueno,1.0,Autopista del Sol,Eje Estructurante Norte,1475.0,6543.555,3.0,Pavimentado,Bueno,1.0,Autopista del Sol,Eje Estructurante Norte,1475.0,200115,0.5997462042553465,78.40793944726823,72.26811532412637,9.714064362322326,976.3169831713307,183875.0,8965.846000060003,1782.4120000599992,636.9959999999999,6546.438000000004,2214.505000059999,6751.341000000004,24.699342371541725,2,1,0,0,1,28.0,28.0,28.0,1.0,0.0,1.0,1.0,1,0,0.0,0.0,1.0,0.0,1.0,0.0,0.0,1.0,1.0,0.0
A-2022-08-1,02/08/2022,06:35,CHOQUE,1,0,2,CALLAO,CALLAO,CALLAO,URBANA,AVENIDA,URBANO,NO CORRESPONDE,-12.049842714505225,-77.11416269059485,DESPEJADO,INDUSTRIAL,TRAMO RECTO,PLANA,ASFALTADA,SI,PREVENTIVA (P),SIN_DATO,SI,NEGLIGENCIA DEL CONDUCTOR,OTRO (NEGLIGENCIA DEL CONDUCTOR),,,,,,,,,,,,,,,,,,,,,,,,,,,,,,,,51.58600000000001,44.68700000000001,6.899000000000001,0.0,49.838000000000015,1.748,96.61148373589734,2,2,0,0,0,51.0,29.0,73.0,1.0,0.0,0.0,0.0,2,0,0.0,1.0,0.0,0.0,0.0,0.0,1.0,0.0,1.0,0.0
A-2022-08-18,02/08/2022,07:15,CHOQUE,1,1,2,LA LIBERTAD,TRUJILLO,LAREDO,URBANA,CARRETERA,NACIONAL,PE-10A,-8.112546,-78.999485,DESPEJADO,INDUSTRIAL,TRAMO RECTO,PLANA,ASFALTADA,SIN_DATO,SIN_DATO,SIN_DATO,SIN_DATO,EN PROCESO DE INVESTIGACIÓN,NO CUENTA CON CAUSA ESPECIFICA,610.6099999999999,2.0,Pavimentado,Bueno,1.0,Longitudinal de la Sierra - Tramo 2: Ciudad de Dios - Cajamarca - Chiple - Cajamarca - Trujillo - Dv. Chilete - Emp. PE-3N,Corredor Trujillo - Huamachuco - Cajamarca,100.0,610.6099999999999,2.0,Pavimentado,Bueno,1.0,Longitudinal de la Sierra - Tramo 2: Ciudad de Dios - Cajamarca - Chiple - Cajamarca - Trujillo - Dv. Chilete - Emp. PE-3N,Corredor Trujillo - Huamachuco - Cajamarca,100.0,610.6099999999999,2.0,Pavimentado,Bueno,1.0,Longitudinal de la Sierra - Tramo 2: Ciudad de Dios - Cajamarca - Chiple - Cajamarca - Trujillo - Dv. Chilete - Emp. PE-3N,Corredor Trujillo - Huamachuco - Cajamarca,100.0,130106,0.5929579484728337,80.24150924632623,64.75837382721711,8.51830466766158,1043.4182142665845,34739.39614561028,8931.828000000005,1335.5899999999997,1935.9830000000004,5660.255000000005,1219.309,7712.519000000005,13.651281686122923,3,2,0,0,1,41.0,38.0,44.0,1.0,1.0,0.0,0.0,2,0,0.0,1.0,0.0,1.0,1.0,0.0,1.0,0.0,0.0,0.0
A-2022-08-244,02/08/2022,23:00,VOLCADURA,1,0,1,PIURA,SULLANA,SULLANA,RURAL,CARRETERA,PROVINCIAL,PI-579,-4.791,-80.556,DESPEJADO,RURAL,TRAMO RECTO,PLANA,ASFALTADA,SIN_DATO,SIN_DATO,SIN_DATO,SIN_DATO,EN PROCESO DE INVESTIGACIÓN,NO CUENTA CON CAUSA ESPECIFICA,,,,,,,,,,,,,,,,,,,,,,,,,200601,0.5657000696312142,79.93504063107561,71.14438533384025,9.31841991972829,829.1233898514824,181599.81156316918,8965.846000060003,1782.4120000599992,636.9959999999999,6546.438000000004,2214.505000059999,6751.341000000004,24.699342371541725,1,1,0,0,0,29.0,29.0,29.0,1.0,0.0,0.0,0.0,1,0,0.0,0.0,0.0,1.0,0.0,0.0,1.0,1.0,1.0,1.0
A-2022-08-175,03/08/2022,18:40,ATROPELLO,1,0,1,ANCASH,SANTA,CHIMBOTE,RURAL,CARRETERA,SIN CLASIFICAR,SIN CLASIFICAR,-9.024249928576673,-78.55449104182941,DESPEJADO,RURAL,TRAMO RECTO,PLANA,ASFALTADA,SIN_DATO,SIN_DATO,SIN_DATO,SIN_DATO,EN PROCESO DE INVESTIGACIÓN,NO CUENTA CON CAUSA ESPECIFICA,,,,,,,,,,,,,,,,,,,,,,,,,021801,0.6138280897610826,78.84695742989106,71.99259200326753,9.438855747011283,1055.78291711923,196830.83083511778,10767.648000000001,1885.0630000000003,1222.721,7659.864000000001,2100.343,8667.305000000002,19.506051832303577,2,1,0,1,0,20.0,20.0,20.0,1.0,1.0,0.0,1.0,1,0,0.0,0.0,0.0,1.0,1.0,0.0,0.0,1.0,1.0,0.0
A-2022-08-19,04/08/2022,01:15,ATROPELLO FUGA,1,0,1,LA LIBERTAD,TRUJILLO,HUANCHACO,RURAL,CARRETERA,NACIONAL,PE-1N,-8.120221,-79.084022,DESPEJADO,RURAL,TRAMO RECTO,PLANA,ASFALTADA,SIN_DATO,SIN_DATO,SIN_DATO,SIN_DATO,EN PROCESO DE INVESTIGACIÓN,NO CUENTA CON CAUSA ESPECIFICA,6543.555,3.0,Pavimentado,Bueno,1.0,Autopista del Sol,Eje Estructurante Norte,1475.0,6543.555,3.0,Pavimentado,Bueno,1.0,Autopista del Sol,Eje Estructurante Norte,1475.0,6543.555,3.0,Pavimentado,Bueno,1.0,Autopista del Sol,Eje Estructurante Norte,1475.0,130104,0.583006771156836,78.2441938961209,62.24037484511178,8.807312392374042,1028.2282118265089,76607.295503212,8931.828000000005,1335.5899999999997,1935.9830000000004,5660.255000000005,1219.309,7712.519000000005,13.651281686122923,2,1,1,1,0,,,,0.0,0.0,0.0,0.0,1,1,1.0,0.0,0.0,0.0,0.0,0.0,0.0,0.0,0.0,1.0
A-2022-08-64,04/08/2022,03:00,ATROPELLO,1,1,1,LAMBAYEQUE,CHICLAYO,LA VICTORIA,URBANA,CARRETERA,DEPARTAMENTAL,LA-111,-6.79779,-79.83071,LLUVIOSO,RESIDENCIAL,TRAMO RECTO,PLANA,ASFALTADA,SIN_DATO,SIN_DATO,SIN_DATO,SIN_DATO,EN PROCESO DE INVESTIGACIÓN,NO CUENTA CON CAUSA ESPECIFICA,,,,,,,,,,,,,,,,,,,,,,,,,140106,0.5698121065713132,80.7750211042815,73.24532007426484,9.611369875155264,807.8835749369007,96903.36830835117,3459.691,515.0619999999999,689.7280000000001,2254.901,703.3549999999999,2756.3360000000002,20.329994788551925,2,1,0,1,0,26.0,26.0,26.0,1.0,0.0,0.0,1.0,1,0,0.0,0.0,0.0,1.0,0.0,1.0,0.0,0.0,1.0,0.0
A-2022-08-176,04/08/2022,09:00,DESPISTE,1,1,1,ANCASH,PALLASCA,SANTA ROSA,RURAL,CARRETERA,NACIONAL,PE-3N,-8.45605682708533,-78.08144758808645,DESPEJADO,RURAL,SINUOSA,INCLINADA,AFIRMADO,SIN_DATO,SIN_DATO,SIN_DATO,SIN_DATO,EN PROCESO DE INVESTIGACIÓN,NO CUENTA CON CAUSA ESPECIFICA,9936.932,2.0,Pavimentado,Bueno,1.0,No concesionado,No corresponde,3830.0,9936.932,2.0,Pavimentado,Bueno,1.0,No concesionado,No corresponde,3830.0,9936.932,2.0,Pavimentado,Bueno,1.0,No concesionado,No corresponde,3830.0,021510,0.3722974997516898,67.45507393568946,64.80163714958552,6.09136934652773,441.2208093961441,860.4582441113491,10767.648000000001,1885.0630000000003,1222.721,7659.864000000001,2100.343,8667.305000000002,19.506051832303577,2,1,0,0,1,49.0,49.0,49.0,1.0,0.0,0.0,1.0,1,0,0.0,1.0,0.0,0.0,0.0,0.0,1.0,0.0,0.0,0.0
A-2022-08-170,04/08/2022,15:00,ATROPELLO,1,0,1,LIMA,LIMA,LA VICTORIA,URBANA,AVENIDA,URBANO,NO CORRESPONDE,-12.06438623872198,-77.02921847721872,DESPEJADO,COMERCIAL,INTERSECCIÓN,PLANA,ASFALTADA,NO,SIN_DATO,SIN_DATO,SI,EN PROCESO DE INVESTIGACIÓN,NO CUENTA CON CAUSA ESPECIFICA,,,,,,,,,,,,,,,,,,,,,,,,,150115,0.7141594849782824,79.90829932185413,74.79179886803175,10.522504814235937,1482.4793645077045,156887.87152034263,7626.313,1683.4029999999998,1599.0829999999996,4343.827000000001,1814.875,5811.438000000001,23.797541485643194,2,1,0,1,0,43.0,43.0,43.0,1.0,0.0,0.0,0.0,1,0,0.0,0.0,1.0,0.0,0.0,0.0,1.0,0.0,0.0,0.0
A-2022-08-192,04/08/2022,19:30,CHOQUE FUGA,1,0,1,CAJAMARCA,SAN IGNACIO,CHIRINOS,RURAL,CARRETERA,NACIONAL,PE-5N,-5.358821,-78.791773,DESPEJADO,RURAL,TRAMO RECTO,PLANA,ASFALTADA,SIN_DATO,SIN_DATO,SIN_DATO,SIN_DATO,EN PROCESO DE INVESTIGACIÓN,NO CUENTA CON CAUSA ESPECIFICA,7758.33400008,2.0,Pavimentado,Bueno,1.0,No concesionado,Corredor IIRSA Norte,2133.0,7758.33400008,2.0,Pavimentado,Bueno,1.0,No concesionado,Corredor IIRSA Norte,2133.0,7758.33400008,2.0,Pavimentado,Bueno,1.0,No concesionado,Corredor IIRSA Norte,2133.0,060902,0.3892940905457197,75.5719627800036,47.674888718003544,5.313057380273734,537.3986971669038,13817.460385438972,15935.565011852366,1733.9250000199986,935.692,13265.948011832368,2000.1670000199988,13935.398011832369,12.551591352627522,2,2,0,0,0,25.0,25.0,25.0,1.0,1.0,0.0,0.0,2,0,0.0,1.0,0.0,1.0,1.0,0.0,1.0,0.0,0.0,1.0
A-2022-08-2,04/08/2022,23:00,CAÍDA DE PASAJERO,1,1,1,CALLAO,CALLAO,VENTANILLA,URBANA,CARRETERA,NACIONAL,PE-20,-11.889928212601054,-77.12605166149483,DESPEJADO,INDUSTRIAL,OTRO,PLANA,CONCRETO,SIN_DATO,SIN_DATO,SIN_DATO,SIN_DATO,EN PROCESO DE INVESTIGACIÓN,NO CUENTA CON CAUSA ESPECIFICA,139.23,-1.0,Pavimentado,Bueno,0.0,No concesionado,No corresponde,69.0,139.23,-1.0,Pavimentado,Bueno,0.0,No concesionado,No corresponde,69.0,139.23,-1.0,Pavimentado,Bueno,0.0,No concesionado,No corresponde,69.0,,,,,,,,51.58600000000001,44.68700000000001,6.899000000000001,0.0,49.838000000000015,1.748,96.61148373589734,2,1,0,0,1,22.0,22.0,22.0,1.0,1.0,0.0,1.0,1,0,0.0,0.0,1.0,0.0,0.0,0.0,1.0,1.0,1.0,1.0
A-2022-08-177,05/08/2022,04:30,ATROPELLO,1,0,1,ANCASH,CASMA,CASMA,RURAL,CARRETERA,NACIONAL,PE-1N,-9.480335188456207,-78.29283734231547,DESPEJADO,RURAL,TRAMO RECTO,INCLINADA,ASFALTADA,SI,REGULADORA (R),SIN_DATO,NO,EN PROCESO DE INVESTIGACIÓN,NO CUENTA CON CAUSA ESPECIFICA,6543.555,3.0,Pavimentado,Bueno,1.0,Autopista del Sol,Eje Estructurante Norte,1475.0,6543.555,3.0,Pavimentado,Bueno,1.0,Autopista del Sol,Eje Estructurante Norte,1475.0,6543.555,3.0,Pavimentado,Bueno,1.0,Autopista del Sol,Eje Estructurante Norte,1475.0,020801,0.5873460606982213,78.04758132038613,65.8701248560095,8.596987164492063,1041.0659985770535,35482.29764453961,10767.648000000001,1885.0630000000003,1222.721,7659.864000000001,2100.343,8667.305000000002,19.506051832303577,2,1,0,1,0,42.0,42.0,42.0,1.0,0.0,0.0,1.0,1,0,0.0,0.0,0.0,0.0,0.0,0.0,1.0,0.0,1.0,0.0
A-2022-08-20,05/08/2022,09:00,DESPISTE,5,0,1,LA LIBERTAD,GRAN CHIMU,SAYAPULLO,RURAL,CARRETERA,DEPARTAMENTAL,LI-106,-7.596694,-78.484544,DESPEJADO,RURAL,CURVA,PLANA,AFIRMADO,SIN_DATO,SIN_DATO,SIN_DATO,SIN_DATO,IMPRUDENCIA DEL CONDUCTOR,CONDUCIR EN ESTADO DE EBRIEDAD Y/O DROGADICCIÓN,,,,,,,,,,,,,,,,,,,,,,,,,131104,0.34268738197799486,75.81813000053027,29.83795624511669,4.401613571184507,535.935806912797,7009.668094218416,8931.828000000005,1335.5899999999997,1935.9830000000004,5660.255000000005,1219.309,7712.519000000005,13.651281686122923,5,1,0,0,4,33.0,33.0,33.0,1.0,1.0,0.0,0.0,1,0,0.0,1.0,0.0,0.0,0.0,0.0,1.0,0.0,0.0,0.0
A-2022-08-94,05/08/2022,13:10,CHOQUE,1,2,2,MADRE DE DIOS,MANU,MANU,RURAL,CARRETERA,DEPARTAMENTAL,MD-103,-12.8429806,-71.3652383,SOLEADO,RURAL,CURVA,PLANA,ASFALTADA,SIN_DATO,SIN_DATO,SIN_DATO,SIN_DATO,IMPRUDENCIA DEL CONDUCTOR,CONDUCIR EN ESTADO DE EBRIEDAD Y/O DROGADICCIÓN,,,,,,,,,,,,,,,,,,,,,,,,,170201,0.5463073647192098,74.79448830372067,57.21338118948044,8.137461854839495,993.3756077789103,1430.343505006335,2090.3909999999996,399.431,340.02099999999996,1350.9389999999996,493.82399999999996,1596.5669999999996,23.62352306338862,4,2,0,0,2,37.0,34.0,40.0,1.0,1.0,1.0,1.0,2,0,0.0,0.0,0.0,1.0,1.0,0.0,0.0,1.0,1.0,1.0
A-2022-08-25,05/08/2022,14:30,DESPISTE,1,1,1,APURIMAC,ANDAHUAYLAS,KISHUARA,RURAL,CARRETERA,NACIONAL,PE-3S,-13.691124,-73.169512,LLUVIOSO,RURAL,CURVA,PLANA,ASFALTADA,SI,PREVENTIVA (P),REGULADORA (R),SI,IMPRUDENCIA DEL CONDUCTOR,EXCESO DE VELOCIDAD,7586.903,2.0,Pavimentado,Bueno,1.0,No concesionado,CO 10: Abancay - Ayacucho- Huancayo- La Oroya,1198.0,7586.903,2.0,Pavimentado,Bueno,1.0,No concesionado,CO 10: Abancay - Ayacucho- Huancayo- La Oroya,1198.0,7586.903,2.0,Pavimentado,Bueno,1.0,No concesionado,CO 10: Abancay - Ayacucho- Huancayo- La Oroya,1198.0,030207,0.28395172828600257,77.85737304722083,62.75483969163876,3.9288863488445376,243.85288035830445,7665.13704496788,8358.971,1282.451,1298.0969999999998,5778.423,1432.683,6926.288,17.139466089785454,3,1,0,0,2,39.0,39.0,39.0,1.0,0.0,0.0,0.0,1,0,0.0,0.0,0.0,1.0,0.0,1.0,0.0,0.0,0.0,0.0
A-2022-08-169,05/08/2022,18:50,CHOQUE,1,0,2,LIMA,LIMA,SANTA ANITA,URBANA,AVENIDA,URBANO,NO CORRESPONDE,-12.040577742625416,-76.9827142759373,DESPEJADO,COMERCIAL,INTERSECCIÓN,PLANA,ASFALTADA,SIN_DATO,SIN_DATO,SIN_DATO,SIN_DATO,EN PROCESO DE INVESTIGACIÓN,NO CUENTA CON CAUSA ESPECIFICA,,,,,,,,,,,,,,,,,,,,,,,,,150137,0.7347309224519117,80.70014842215761,76.47981423089655,10.519505095866096,1571.8150981252256,229834.53104925054,7626.313,1683.4029999999998,1599.0829999999996,4343.827000000001,1814.875,5811.438000000001,23.797541485643194,2,2,0,0,0,56.0,54.0,58.0,1.0,0.0,0.0,0.0,2,0,0.0,0.0,1.0,0.0,1.0,1.0,0.0,1.0,1.0,0.0
A-2022-08-41,05/08/2022,23:00,FERROVIARIO,1,0,1,CUSCO,CUSCO,CUSCO,URBANA,OTRO,URBANO,NO CORRESPONDE,-13.5060126,-72.0000045,DESPEJADO,RURAL,CURVA,INCLINADA,AFIRMADO,SI,PREVENTIVA (P),SIN_DATO,NO,IMPRUDENCIA DEL PEATÓN,ESTADO DE EBRIEDAD Y/O DROGADICCIÓN,,,,,,,,,,,,,,,,,,,,,,,,,080101,0.659083927657813,75.61465237849653,81.09709385188002,11.294406746128049,1171.1134172238742,122604.71092077087,17779.13499998999,2097.3709999899993,2863.123,12818.640999999989,2878.713,14900.421999989987,16.19152450331032,2,1,0,1,0,64.0,64.0,64.0,1.0,0.0,0.0,1.0,1,0,0.0,0.0,0.0,0.0,0.0,0.0,0.0,0.0,1.0,0.0
A-2022-08-210,06/08/2022,02:00,DESPISTE,1,2,1,AYACUCHO,PAUCAR DEL SARA SARA,PAUSA,RURAL,CARRETERA,NACIONAL,PE-32C,-15.31144,-73.34788,DESPEJADO,RURAL,CURVA,PLANA,TROCHA,SIN_DATO,SIN_DATO,SIN_DATO,SIN_DATO,IMPRUDENCIA DEL CONDUCTOR,CONDUCIR EN ESTADO DE EBRIEDAD Y/O DROGADICCIÓN,363.38200000000006,-1.0,Asfaltado económico,Regular,0.0,No concesionado,No corresponde,57.0,363.38200000000006,-1.0,Asfaltado económico,Regular,0.0,No concesionado,No corresponde,57.0,363.38200000000006,-1.0,Asfaltado económico,Regular,0.0,No concesionado,No corresponde,57.0,050801,0.5195415199437885,75.49542185909227,58.359282327436134,8.456506800217879,820.3133165336449,2875.329764453961,12678.733000000004,1805.074000000001,1774.0339999999994,9099.625000000004,2485.375000000001,10193.358000000002,19.602707936195205,3,1,0,0,2,47.0,47.0,47.0,1.0,1.0,0.0,0.0,1,0,0.0,1.0,0.0,0.0,0.0,0.0,1.0,0.0,0.0,0.0
A-2022-08-3,06/08/2022,02:11,CHOQUE,1,1,2,AREQUIPA,AREQUIPA,SAN JUAN DE TARUCANI,RURAL,CARRETERA,NACIONAL,PE-34A,-16.005391,-71.270422,DESPEJADO,RURAL,TRAMO RECTO,PLANA,ASFALTADA,NO,SIN_DATO,SIN_DATO,SI,EN PROCESO DE INVESTIGACIÓN,NO CUENTA CON CAUSA ESPECIFICA,1504.4250000000002,2.0,Pavimentado,Bueno,1.0,IIRSA Sur - Tramo 5: Matarani - Azángaro - Ilo,Corredor Matarani - Arequipa - Juliaca,241.0,1504.4250000000002,2.0,Pavimentado,Bueno,1.0,IIRSA Sur - Tramo 5: Matarani - Azángaro - Ilo,Corredor Matarani - Arequipa - Juliaca,241.0,1504.4250000000002,2.0,Pavimentado,Bueno,1.0,IIRSA Sur - Tramo 5: Matarani - Azángaro - Ilo,Corredor Matarani - Arequipa - Juliaca,241.0,040119,0.46852805056453484,81.83746865987648,70.74305753660312,6.037751599761188,617.4715908037651,1751.8736616702354,10322.272,1495.2359999999999,1749.739,7077.2970000000005,2886.595,7435.677000000001,27.964725207783708,4,2,0,0,2,54.5,45.0,64.0,1.0,0.0,0.0,0.0,2,0,0.0,1.0,1.0,0.0,0.0,0.0,1.0,0.0,0.0,0.0
A-2022-08-209,06/08/2022,07:20,DESPISTE,1,1,1,LIMA,HUAURA,HUAURA,URBANA,CARRETERA,DEPARTAMENTAL,LM-101,-11.06668,-77.59831,DESPEJADO,RESIDENCIAL,TRAMO RECTO,PLANA,ASFALTADA,SIN_DATO,SIN_DATO,SIN_DATO,SIN_DATO,IMPRUDENCIA DEL CONDUCTOR,CONDUCIR EN ESTADO DE EBRIEDAD Y/O DROGADICCIÓN,,,,,,,,,,,,,,,,,,,,,,,,,150806,0.644332113046051,78.61218205687396,70.04798203155518,8.919818005352203,1280.219555520582,36044.03426124197,7626.313,1683.4029999999998,1599.0829999999996,4343.827000000001,1814.875,5811.438000000001,23.797541485643194,2,1,0,0,1,20.0,20.0,20.0,1.0,1.0,0.0,0.0,1,0,0.0,0.0,0.0,1.0,1.0,0.0,0.0,0.0,0.0,0.0