CODIGO_SINIESTRO,FECHA SINIESTRO,HORA SINIESTRO,CLASE SINIESTRO,CANTIDAD DE FALLECIDOS,CANTIDAD DE LESIONADOS,CANTIDAD DE VEHICULOS DAÑADOS,DEPARTAMENTO,PROVINCIA,DISTRITO,ZONA,TIPO DE VÍA,RED VIAL,COD CARRETERA,COORDENADAS LATITUD,COORDENADAS  LONGITUD,CONDICIÓN CLIMÁTICA,ZONIFICACIÓN,CARACTERÍSTICAS DE VÍA,PERFIL LONGITUDINAL VÍA,SUPERFICIE DE CALZADA,¿EXISTE SEÑAL VERTICAL?,CLASIFICACIÓN DE LA SEÑAL VERTICAL Nº 1,CLASIFICACIÓN DE LA SEÑAL VERTICAL Nº 2,¿EXISTE SEÑAL HORIZONTAL?,CAUSA FACTOR PRINCIPAL,CAUSA ESPECÍFICA,MTC_RVN_LONGITUD_KM_x,MTC_RVN_N_CARRILES_MEDIANA_x,MTC_RVN_SUPERFICIE_DOMINANTE_x,MTC_RVN_ESTADO_DOMINANTE_x,MTC_RVN_ES_CONCESIONADA_x,MTC_RVN_CONCESION_PRINCIPAL_x,MTC_RVN_CORREDOR_LOGISTICO_x,MTC_RVN_N_TRAMOS_x,MTC_RVN_LONGITUD_KM_y,MTC_RVN_N_CARRILES_MEDIANA_y,MTC_RVN_SUPERFICIE_DOMINANTE_y,MTC_RVN_ESTADO_DOMINANTE_y,MTC_RVN_ES_CONCESIONADA_y,MTC_RVN_CONCESION_PRINCIPAL_y,MTC_RVN_CORREDOR_LOGISTICO_y,MTC_RVN_N_TRAMOS_y,MTC_RVN_LONGITUD_KM,MTC_RVN_N_CARRILES_MEDIANA,MTC_RVN_SUPERFICIE_DOMINANTE,MTC_RVN_ESTADO_DOMINANTE,MTC_RVN_ES_CONCESIONADA,MTC_RVN_CONCESION_PRINCIPAL,MTC_RVN_CORREDOR_LOGISTICO,MTC_RVN_N_TRAMOS,IDH_UBIGEO,IDH_2019,IDH_ESP_VIDA_2019,IDH_EDUC_SECUND_PCT_2019,IDH_ANIOS_EDUC_2019,IDH_INGRESO_PERCAP_2019,IDH_POBLACION_2019,MTC_DEP_RED_TOTAL_KM,MTC_DEP_NACIONAL_TOTAL_KM,MTC_DEP_DEPARTAMENTAL_TOTAL_KM,MTC_DEP_VECINAL_TOTAL_KM,MTC_DEP_PAV_TOTAL_KM,MTC_DEP_NO_PAV_TOTAL_KM,MTC_DEP_PCT_PAVIMENTADA,PER_TOTAL_PERSONAS,PER_N_CONDUCTORES,PER_N_CONDUCTORES_FUGADOS,PER_N_PEATONES,PER_N_PASAJEROS_OCUPANTES,PER_EDAD_COND_PROM,PER_EDAD_COND_MIN,PER_EDAD_COND_MAX,PER_ANY_COND_MASCULINO,PER_ANY_LIC_PROBLEMA,PER_ANY_DOSAJE_POS,PER_ANY_DOSAJE_EVALUADO,VEH_TOTAL,VEH_N_FUGADOS,VEH_ANY_FUGADO,VEH_ANY_CARGA,VEH_ANY_PUBLICO,VEH_ANY_PARTICULAR,VEH_ANY_MOTO,VEH_ANY_AUTO,VEH_ANY_CAMION_BUS,VEH_ANY_SOAT_PROBLEMA,VEH_ANY_CITV_PROBLEMA,VEH_ANY_SEGURO_PROBLEMA
A-2022-12-103,06/12/2022,04:00,ATROPELLO FUGA,1,0,1,APURIMAC,CHINCHEROS,CHINCHEROS,RURAL,CARRETERA,NACIONAL,PE-3S,-13.500488,-73.808641,DESPEJADO,RURAL,TRAMO RECTO,PLANA,ASFALTADA,SI,PREVENTIVA (P),SIN_DATO,SI,IMPRUDENCIA DEL CONDUCTOR,OTRO (IMPRUDENCIA DEL CONDUCTOR),7586.903,2.0,Pavimentado,Bueno,1.0,No concesionado,CO 10: Abancay - Ayacucho- Huancayo- La Oroya,1198.0,7586.903,2.0,Pavimentado,Bueno,1.0,No concesionado,CO 10: Abancay - Ayacucho- Huancayo- La Oroya,1198.0,7586.903,2.0,Pavimentado,Bueno,1.0,No concesionado,CO 10: Abancay - Ayacucho- Huancayo- La Oroya,1198.0,030601,0.4192164217293653,68.17945161913431,60.59110843196562,7.127031141345839,564.301368975115,6209.351177730193,8358.971,1282.451,1298.0969999999998,5778.423,1432.683,6926.288,17.139466089785454,2,1,1,1,0,,,,0.0,0.0,0.0,0.0,1,1,1.0,0.0,0.0,0.0,0.0,0.0,0.0,0.0,0.0,1.0
A-2022-12-109,06/12/2022,06:50,CHOQUE,1,3,2,LAMBAYEQUE,CHICLAYO,MONSEFU,RURAL,CARRETERA,NACIONAL,PE-1N,-6.8444147,-79.8293059,DESPEJADO,RURAL,TRAMO RECTO,PLANA,ASFALTADA,SIN_DATO,SIN_DATO,SIN_DATO,SIN_DATO,EN PROCESO DE INVESTIGACIÓN,NO CUENTA CON CAUSA ESPECIFICA,6543.555,3.0,Pavimentado,Bueno,1.0,Autopista del Sol,Eje Estructurante Norte,1475.0,6543.555,3.0,Pavimentado,Bueno,1.0,Autopista del Sol,Eje Estructurante Norte,1475.0,6543.555,3.0,Pavimentado,Bueno,1.0,Autopista del Sol,Eje Estructurante Norte,1475.0,140108,0.4741120956135246,82.20413595948395,63.9148290245543,7.357156496189524,585.9356712133833,32071.66595289079,3459.691,515.0619999999999,689.7280000000001,2254.901,703.3549999999999,2756.3360000000002,20.329994788551925,5,2,0,0,3,35.5,23.0,48.0,1.0,0.0,0.0,0.0,2,0,0.0,0.0,1.0,0.0,1.0,0.0,1.0,0.0,1.0,1.0
A-2022-12-211,06/12/2022,07:05,CHOQUE,1,1,2,ICA,CHINCHA,CHINCHA BAJA,RURAL,CARRETERA,NACIONAL,PE-1SE,-13.50844825,-76.18486274,DESPEJADO,RURAL,TRAMO RECTO,PLANA,ASFALTADA,SIN_DATO,SIN_DATO,SIN_DATO,SIN_DATO,IMPRUDENCIA DEL CONDUCTOR,OTRO (IMPRUDENCIA DEL CONDUCTOR),205.54999999999995,-1.0,Pavimentado,Bueno,1.0,Red Vial N° 6 - Tramo Vial: Puente Pucusana - Cerro Azul  Ica,Eje Estructurante Sur,15.0,205.54999999999995,-1.0,Pavimentado,Bueno,1.0,Red Vial N° 6 - Tramo Vial: Puente Pucusana - Cerro Azul  Ica,Eje Estructurante Sur,15.0,205.54999999999995,-1.0,Pavimentado,Bueno,1.0,Red Vial N° 6 - Tramo Vial: Puente Pucusana - Cerro Azul  Ica,Eje Estructurante Sur,15.0,110204,0.575108675542622,80.48751485041296,69.97733945104977,8.91411717811534,891.3032819289404,12460.550321199144,3721.461,698.1859999999996,744.866,2278.409,1102.9029999999996,2618.558,29.636290693359403,2,2,0,0,0,51.0,46.0,56.0,1.0,0.0,0.0,0.0,2,0,0.0,1.0,0.0,0.0,0.0,0.0,1.0,0.0,0.0,0.0
A-2022-12-173,06/12/2022,08:20,DESPISTE,1,0,1,HUANUCO,PACHITEA,PANAO,RURAL,CARRETERA,NACIONAL,PE-18B,-9.89185574757498,-75.97310896254768,DESPEJADO,RURAL,CURVA,INCLINADA,ASFALTADA,SI,REGULADORA (R),SIN_DATO,NO,IMPRUDENCIA DEL CONDUCTOR,FATIGA Y/O CANSANCIO,926.7690000000002,2.0,Proyectado,Regular,0.0,No concesionado,No corresponde,124.0,926.7690000000002,2.0,Proyectado,Regular,0.0,No concesionado,No corresponde,124.0,926.7690000000002,2.0,Proyectado,Regular,0.0,No concesionado,No corresponde,124.0,100801,0.24881014156168826,69.007841453463,38.256630661929826,3.4615469428359247,279.6678169043749,22296.955032119917,8209.057,1333.4779999999996,791.9770000000001,6083.602,1059.8589999999997,7149.198,12.910849565303295,1,1,0,0,0,37.0,37.0,37.0,1.0,1.0,0.0,1.0,1,0,0.0,0.0,0.0,1.0,0.0,1.0,0.0,0.0,1.0,0.0
A-2022-12-140,06/12/2022,10:00,DESPISTE,1,0,1,LIMA,LIMA,MIRAFLORES,URBANA,OTRO,URBANO,NO CORRESPONDE,-12.124395043907858,-77.04037845797377,DESPEJADO,COMERCIAL,TRAMO RECTO,PLANA,ASFALTADA,SI,REGULADORA (R),SIN_DATO,SI,EN PROCESO DE INVESTIGACIÓN,NO CUENTA CON CAUSA ESPECIFICA,,,,,,,,,,,,,,,,,,,,,,,,,150122,0.8326399351216524,80.31446032722859,77.78409882620639,13.965074159802281,1925.7868972542446,87898.66595289079,7626.313,1683.4029999999998,1599.0829999999996,4343.827000000001,1814.875,5811.438000000001,23.797541485643194,1,1,0,0,0,39.0,39.0,39.0,1.0,0.0,0.0,0.0,1,0,0.0,0.0,0.0,1.0,1.0,0.0,0.0,0.0,1.0,0.0
A-2022-12-150,06/12/2022,11:20,ATROPELLO,1,0,1,LIMA,LIMA,SAN ISIDRO,URBANA,AVENIDA,URBANO,NO CORRESPONDE,-12.091149255233129,-77.00845235698405,DESPEJADO,COMERCIAL,TRAMO RECTO,PLANA,ASFALTADA,SIN_DATO,SIN_DATO,SIN_DATO,SIN_DATO,EN PROCESO DE INVESTIGACIÓN,NO CUENTA CON CAUSA ESPECIFICA,,,,,,,,,,,,,,,,,,,,,,,,,150131,0.7888324174847985,80.35414029442592,78.47021861578261,13.858205769646709,1641.6552926623544,53212.441113490364,7626.313,1683.4029999999998,1599.0829999999996,4343.827000000001,1814.875,5811.438000000001,23.797541485643194,4,3,0,1,0,33.0,30.0,39.0,1.0,0.0,0.0,0.0,3,0,0.0,1.0,1.0,0.0,0.0,0.0,1.0,1.0,0.0,0.0
A-2022-12-26,06/12/2022,16:40,CHOQUE,1,3,3,CUSCO,QUISPICANCHI,OROPESA,RURAL,CARRETERA,NACIONAL,PE-3S,-13.595739065519709,-71.78046881939404,DESPEJADO,RURAL,TRAMO RECTO,PLANA,ASFALTADA,SI,REGULADORA (R),SIN_DATO,SI,IMPRUDENCIA DEL CONDUCTOR,OTRO (IMPRUDENCIA DEL CONDUCTOR),7586.903,2.0,Pavimentado,Bueno,1.0,No concesionado,CO 10: Abancay - Ayacucho- Huancayo- La Oroya,1198.0,7586.903,2.0,Pavimentado,Bueno,1.0,No concesionado,CO 10: Abancay - Ayacucho- Huancayo- La Oroya,1198.0,7586.903,2.0,Pavimentado,Bueno,1.0,No concesionado,CO 10: Abancay - Ayacucho- Huancayo- La Oroya,1198.0,081211,0.5065580412535501,64.79370905469777,77.15417383818448,8.35812941450031,844.3117831870799,8658.316916488222,17779.13499998999,2097.3709999899993,2863.123,12818.640999999989,2878.713,14900.421999989987,16.19152450331032,7,4,0,0,3,43.0,35.0,57.0,1.0,0.0,0.0,0.0,4,1,1.0,0.0,0.0,1.0,0.0,1.0,1.0,0.0,0.0,1.0
A-2022-12-83,06/12/2022,16:40,CHOQUE,1,0,1,ANCASH,SANTA,NUEVO CHIMBOTE,URBANA,AVENIDA,URBANO,NO CORRESPONDE,-9.118276868,-78.52968191,DESPEJADO,COMERCIAL,INTERSECCIÓN,PLANA,ASFALTADA,SIN_DATO,SIN_DATO,SIN_DATO,SIN_DATO,EN PROCESO DE INVESTIGACIÓN,NO CUENTA CON CAUSA ESPECIFICA,,,,,,,,,,,,,,,,,,,,,,,,,021809,0.6459598096056908,78.63908715089502,73.94922643905556,10.615650526897664,1131.8657131941532,175440.59743040687,10767.648000000001,1885.0630000000003,1222.721,7659.864000000001,2100.343,8667.305000000002,19.506051832303577,2,2,0,0,0,58.5,57.0,60.0,1.0,0.0,0.0,0.0,2,0,0.0,0.0,0.0,0.0,0.0,1.0,0.0,1.0,1.0,1.0
A-2022-12-20,06/12/2022,19:20,CHOQUE,1,0,2,CUSCO,ESPINAR,ESPINAR,URBANA,CARRETERA,DEPARTAMENTAL,CU-130,-14.783971,-71.4111533,NUBLADO,RESIDENCIAL,TRAMO RECTO,PLANA,ASFALTADA,SI,INFORMATIVA (I),SIN_DATO,SI,IMPRUDENCIA DEL CONDUCTOR,EXCESO DE VELOCIDAD,,,,,,,,,,,,,,,,,,,,,,,,,080801,0.553052655456334,69.21726434550523,74.04128761826507,8.709280027519238,977.6848841665503,33976.192719486084,17779.13499998999,2097.3709999899993,2863.123,12818.640999999989,2878.713,14900.421999989987,16.19152450331032,3,2,0,0,1,32.0,27.0,37.0,1.0,0.0,0.0,1.0,2,0,0.0,0.0,0.0,1.0,1.0,0.0,1.0,1.0,1.0,1.0
A-2022-12-146,06/12/2022,20:40,ATROPELLO,1,0,1,MOQUEGUA,MARISCAL NIETO,MOQUEGUA,URBANA,CARRETERA,NACIONAL,PE-36A,-17.193508550840217,-70.91759698233433,SIN_DATO,SIN_DATO,SIN_DATO,SIN_DATO,SIN_DATO,SIN_DATO,SIN_DATO,SIN_DATO,SIN_DATO,EN PROCESO DE INVESTIGACIÓN,NO CUENTA CON CAUSA ESPECIFICA,1529.105,2.0,Pavimentado,Bueno,1.0,No concesionado,Corredor Ilo - Moquegua - Desaguadero,200.0,1529.105,2.0,Pavimentado,Bueno,1.0,No concesionado,Corredor Ilo - Moquegua - Desaguadero,200.0,1529.105,2.0,Pavimentado,Bueno,1.0,No concesionado,Corredor Ilo - Moquegua - Desaguadero,200.0,180101,0.7019393796398946,77.75173796903684,74.13909206921859,10.843210004831542,1446.2028877191838,64680.35760171306,2949.174,470.28500000000025,903.055,1575.834,866.4460000000004,2082.728,29.37927704503025,2,1,0,1,0,38.0,38.0,38.0,1.0,0.0,0.0,0.0,1,0,0.0,0.0,0.0,1.0,0.0,1.0,0.0,0.0,0.0,0.0
A-2022-12-7,07/12/2022,05:00,CHOQUE,1,0,2,ICA,ICA,PARCONA,URBANA,CARRETERA,PROVINCIAL,IC-653,-14.067722,-75.683214,DESPEJADO,RESIDENCIAL,TRAMO RECTO,PLANA,ASFALTADA,SIN_DATO,SIN_DATO,SIN_DATO,SIN_DATO,EN PROCESO DE INVESTIGACIÓN,NO CUENTA CON CAUSA ESPECIFICA,,,,,,,,,,,,,,,,,,,,,,,,,110106,0.616344289610642,80.7965682315964,78.0945097589989,10.478110468164347,933.3636045670845,54312.192719486084,3721.461,698.1859999999996,744.866,2278.409,1102.9029999999996,2618.558,29.636290693359403,2,2,0,0,0,56.0,24.0,88.0,1.0,0.0,0.0,1.0,2,0,0.0,0.0,0.0,1.0,1.0,0.0,0.0,0.0,0.0,1.0
A-2022-12-64,07/12/2022,08:10,DESPISTE,1,0,1,LA LIBERTAD,OTUZCO,OTUZCO,RURAL,CARRETERA,NACIONAL,PE-10A,-7.961210168746557,-78.636891555716,DESPEJADO,RURAL,TRAMO RECTO,PLANA,ASFALTADA,SIN_DATO,SIN_DATO,SIN_DATO,SIN_DATO,NEGLIGENCIA DEL CONDUCTOR,CONDUCIR CON FALLAS DE FRENOS,610.6099999999999,2.0,Pavimentado,Bueno,1.0,Longitudinal de la Sierra - Tramo 2: Ciudad de Dios - Cajamarca - Chiple - Cajamarca - Trujillo - Dv. Chilete - Emp. PE-3N,Corredor Trujillo - Huamachuco - Cajamarca,100.0,610.6099999999999,2.0,Pavimentado,Bueno,1.0,Longitudinal de la Sierra - Tramo 2: Ciudad de Dios - Cajamarca - Chiple - Cajamarca - Trujillo - Dv. Chilete - Emp. PE-3N,Corredor Trujillo - Huamachuco - Cajamarca,100.0,610.6099999999999,2.0,Pavimentado,Bueno,1.0,Longitudinal de la Sierra - Tramo 2: Ciudad de Dios - Cajamarca - Chiple - Cajamarca - Trujillo - Dv. Chilete - Emp. PE-3N,Corredor Trujillo - Huamachuco - Cajamarca,100.0,130601,0.38098230477969053,74.4473973089921,51.51705644975158,5.622573590650768,479.1502137748447,26695.141327623125,8931.828000000005,1335.5899999999997,1935.9830000000004,5660.255000000005,1219.309,7712.519000000005,13.651281686122923,2,1,0,0,1,46.0,46.0,46.0,1.0,0.0,0.0,0.0,1,0,0.0,0.0,0.0,1.0,0.0,0.0,1.0,0.0,1.0,0.0
A-2022-12-94,07/12/2022,13:35,CHOQUE,2,0,5,PIURA,SECHURA,SECHURA,RURAL,CARRETERA,NACIONAL,PE-1N,-6.0892981,-80.5001784,DESPEJADO,RURAL,TRAMO RECTO,PLANA,ASFALTADA,SIN_DATO,SIN_DATO,SIN_DATO,SIN_DATO,EN PROCESO DE INVESTIGACIÓN,NO CUENTA CON CAUSA ESPECIFICA,6543.555,3.0,Pavimentado,Bueno,1.0,Autopista del Sol,Eje Estructurante Norte,1475.0,6543.555,3.0,Pavimentado,Bueno,1.0,Autopista del Sol,Eje Estructurante Norte,1475.0,6543.555,3.0,Pavimentado,Bueno,1.0,Autopista del Sol,Eje Estructurante Norte,1475.0,200801,0.48607246937011667,72.15814961491549,57.86687952143938,7.507596134322599,781.8218439197168,48691.10064239828,8965.846000060003,1782.4120000599992,636.9959999999999,6546.438000000004,2214.505000059999,6751.341000000004,24.699342371541725,5,5,0,0,0,49.2,33.0,66.0,1.0,0.0,0.0,1.0,5,0,0.0,1.0,0.0,1.0,0.0,0.0,1.0,0.0,1.0,0.0
A-2022-12-35,07/12/2022,15:33,VOLCADURA,1,2,1,ANCASH,HUARAZ,INDEPENDENCIA,RURAL,CARRETERA,NACIONAL,PE-14,-9.528202970424427,-77.54444130242483,DESPEJADO,RURAL,SINUOSA,INCLINADA,ASFALTADA,SIN_DATO,SIN_DATO,SIN_DATO,SIN_DATO,EN PROCESO DE INVESTIGACIÓN,NO CUENTA CON CAUSA ESPECIFICA,729.0909999999999,1.0,Pavimentado,Bueno,0.0,No concesionado,Alimentador del corredor logístico 13,195.0,729.0909999999999,1.0,Pavimentado,Bueno,0.0,No concesionado,Alimentador del corredor logístico 13,195.0,729.0909999999999,1.0,Pavimentado,Bueno,0.0,No concesionado,Alimentador del corredor logístico 13,195.0,020105,0.5849977076393457,75.29860916717843,73.3703897539794,9.670945225325228,958.0920369809884,78605.04710920772,10767.648000000001,1885.0630000000003,1222.721,7659.864000000001,2100.343,8667.305000000002,19.506051832303577,3,1,0,0,2,20.0,20.0,20.0,1.0,0.0,0.0,0.0,1,0,0.0,0.0,1.0,0.0,1.0,0.0,0.0,0.0,1.0,0.0
A-2022-12-9,07/12/2022,19:00,DESPISTE,1,0,1,PUNO,CHUCUITO,KELLUYO,RURAL,CARRETERA,SIN CLASIFICAR,SIN CLASIFICAR,-16.758,-69.325,DESPEJADO,RURAL,CURVA,PLANA,TROCHA,SIN_DATO,SIN_DATO,SIN_DATO,SIN_DATO,IMPRUDENCIA DEL CONDUCTOR,EXCESO DE VELOCIDAD,,,,,,,,,,,,,,,,,,,,,,,,,210404,0.33954254152664654,75.63312664085699,79.14276868152973,8.009431562906503,229.36973523840712,20389.451820128477,13642.312999999998,2020.7790000000005,2354.117,9267.416999999998,3314.0520000000006,10328.260999999997,24.29244952817019,1,1,0,0,0,42.0,42.0,42.0,1.0,1.0,0.0,0.0,1,0,0.0,0.0,0.0,1.0,1.0,0.0,0.0,1.0,1.0,1.0
A-2022-12-100,07/12/2022,20:30,ATROPELLO,1,0,1,AMAZONAS,UTCUBAMBA,JAMALCA,RURAL,CARRETERA,NACIONAL,PE-5N,-5.883872401994309,-78.20081233978273,DESPEJADO,RURAL,SINUOSA,PLANA,ASFALTADA,SIN_DATO,SIN_DATO,SIN_DATO,SIN_DATO,EN PROCESO DE INVESTIGACIÓN,NO CUENTA CON CAUSA ESPECIFICA,7758.33400008,2.0,Pavimentado,Bueno,1.0,No concesionado,Corredor IIRSA Norte,2133.0,7758.33400008,2.0,Pavimentado,Bueno,1.0,No concesionado,Corredor IIRSA Norte,2133.0,7758.33400008,2.0,Pavimentado,Bueno,1.0,No concesionado,Corredor IIRSA Norte,2133.0,010705,0.40759970775013077,70.99108840660561,53.37495146767511,4.844033710793106,678.7937779833102,6951.764453961456,3903.7320000000004,1155.121,585.018,2163.5930000000003,943.591,2960.1410000000005,24.17151074920102,2,1,0,1,0,45.0,45.0,45.0,1.0,0.0,0.0,0.0,1,0,0.0,0.0,1.0,0.0,0.0,0.0,1.0,0.0,0.0,0.0
A-2022-12-120,08/12/2022,01:30,DESPISTE,1,6,1,CAJAMARCA,CHOTA,COCHABAMBA,RURAL,CARRETERA,PROVINCIAL,CA-844,-6.49356833,-78.87548333,DESPEJADO,RURAL,CURVA,INCLINADA,AFIRMADO,SIN_DATO,SIN_DATO,SIN_DATO,SIN_DATO,NEGLIGENCIA DEL CONDUCTOR,OTRO (NEGLIGENCIA DEL CONDUCTOR),,,,,,,,,,,,,,,,,,,,,,,,,060407,0.3011301347839704,71.97114344661169,54.49911076138603,4.057283312480806,327.11652498407375,5264.304068522484,15935.565011852366,1733.9250000199986,935.692,13265.948011832368,2000.1670000199988,13935.398011832369,12.551591352627522,8,1,0,0,7,40.0,40.0,40.0,1.0,1.0,0.0,0.0,1,0,0.0,0.0,0.0,1.0,0.0,0.0,1.0,1.0,1.0,0.0
A-2022-12-141,08/12/2022,04:50,DESPISTE,1,0,1,LIMA,LIMA,CHORRILLOS,URBANA,AVENIDA,URBANO,NO CORRESPONDE,-12.1961847637265,-77.00054599573585,DESPEJADO,COMERCIAL,TRAMO RECTO,PLANA,ASFALTADA,SIN_DATO,SIN_DATO,SIN_DATO,SIN_DATO,EN PROCESO DE INVESTIGACIÓN,NO CUENTA CON CAUSA ESPECIFICA,,,,,,,,,,,,,,,,,,,,,,,,,150108,0.7583553928164398,79.82595632107274,76.7651270103073,11.46351379457763,1662.7771470294063,333655.3618843683,7626.313,1683.4029999999998,1599.0829999999996,4343.827000000001,1814.875,5811.438000000001,23.797541485643194,1,1,0,0,0,49.0,49.0,49.0,1.0,1.0,0.0,0.0,1,0,0.0,0.0,0.0,1.0,1.0,0.0,0.0,0.0,1.0,0.0
A-2022-12-234,08/12/2022,09:30,ESPECIAL,1,0,1,AYACUCHO,LUCANAS,PUQUIO,RURAL,CARRETERA,NACIONAL,PE-30A,-14.64194,-74.047936,DESPEJADO,RURAL,CURVA,INCLINADA,ASFALTADA,SI,PREVENTIVA (P),REGULADORA (R),NO,INFRAESTRUCTURA Y ENTORNO VIAL,OTRO (INFRAESTRUCTURA Y ENTORNO VIAL),2238.6850000000004,2.0,Pavimentado,Bueno,1.0,IIRSA Sur - Tramo 1: San Juan de Marcona - Urcos,Corredor Nazca - Cusco,115.0,2238.6850000000004,2.0,Pavimentado,Bueno,1.0,IIRSA Sur - Tramo 1: San Juan de Marcona - Urcos,Corredor Nazca - Cusco,115.0,2238.6850000000004,2.0,Pavimentado,Bueno,1.0,IIRSA Sur - Tramo 1: San Juan de Marcona - Urcos,Corredor Nazca - Cusco,115.0,050601,0.49507312492599126,69.7513864790014,70.34316166495033,8.507044598707784,730.72460938826,14073.599571734474,12678.733000000004,1805.074000000001,1774.0339999999994,9099.625000000004,2485.375000000001,10193.358000000002,19.602707936195205,2,1,0,1,0,28.0,28.0,28.0,1.0,0.0,0.0,1.0,1,0,0.0,1.0,0.0,0.0,0.0,0.0,1.0,0.0,1.0,0.0
A-2022-12-42,08/12/2022,13:00,VOLCADURA,2,2,1,CUSCO,LA CONVENCION,HUAYOPATA,RURAL,CARRETERA,NACIONAL,PE-28B,-13.124599798851245,-72.33221523548895,DESPEJADO,RURAL,CURVA,INCLINADA,ASFALTADA,SI,PREVENTIVA (P),SIN_DATO,SI,EN PROCESO DE INVESTIGACIÓN,NO CUENTA CON CAUSA ESPECIFICA,3447.8009999999995,1.0,Pavimentado,Regular,0.0,No concesionado,Corredor Ayacucho - Quellouno - Quillabamba,1109.0,3447.8009999999995,1.0,Pavimentado,Regular,0.0,No concesionado,Corredor Ayacucho - Quellouno - Quillabamba,1109.0,3447.8009999999995,1.0,Pavimentado,Regular,0.0,No concesionado,Corredor Ayacucho - Quellouno - Quillabamba,1109.0,080903,0.4706944943299555,76.79406176595778,61.64424635983724,7.141255198110581,653.4175319142125,3282.6252676659524,17779.13499998999,2097.3709999899993,2863.123,12818.640999999989,2878.713,14900.421999989987,16.19152450331032,4,1,0,0,3,30.0,30.0,30.0,1.0,0.0,0.0,1.0,1,0,0.0,0.0,0.0,1.0,0.0,1.0,0.0,0.0,0.0,0.0
A-2022-12-119,08/12/2022,14:00,DESPISTE,1,1,1,CAJAMARCA,CHOTA,COCHABAMBA,RURAL,CARRETERA,NACIONAL,PE-3N,-6.49894333,-78.82061,DESPEJADO,RURAL,CURVA,PLANA,ASFALTADA,SI,PREVENTIVA (P),REGULADORA (R),SI,EN PROCESO DE INVESTIGACIÓN,NO CUENTA CON CAUSA ESPECIFICA,9936.932,2.0,Pavimentado,Bueno,1.0,No concesionado,No corresponde,3830.0,9936.932,2.0,Pavimentado,Bueno,1.0,No concesionado,No corresponde,3830.0,9936.932,2.0,Pavimentado,Bueno,1.0,No concesionado,No corresponde,3830.0,060407,0.3011301347839704,71.97114344661169,54.49911076138603,4.057283312480806,327.11652498407375,5264.304068522484,15935.565011852366,1733.9250000199986,935.692,13265.948011832368,2000.1670000199988,13935.398011832369,12.551591352627522,2,1,0,0,1,52.0,52.0,52.0,1.0,0.0,0.0,0.0,1,0,0.0,1.0,0.0,0.0,0.0,0.0,1.0,0.0,1.0,0.0
A-2022-12-13,08/12/2022,22:40,CHOQUE,3,6,2,PUNO,PUNO,PICHACANI,RURAL,CARRETERA,PROVINCIAL,PU-1097,-16.19722114894739,-70.13273287750263,LLUVIOSO,RURAL,TRAMO RECTO,PLANA,ASFALTADA,SIN_DATO,SIN_DATO,SIN_DATO,SIN_DATO,IMPRUDENCIA DEL CONDUCTOR,VEHÍCULO MAL ESTACIONADO,,,,,,,,,,,,,,,,,,,,,,,,,210111,0.32792268882418557,68.17036545870775,72.54908010508095,6.085205709416528,293.1898870593515,5184.3083511777295,13642.312999999998,2020.7790000000005,2354.117,9267.416999999998,3314.0520000000006,10328.260999999997,24.29244952817019,11,2,0,2,7,59.5,54.0,65.0,1.0,0.0,0.0,0.0,2,0,0.0,0.0,1.0,0.0,0.0,0.0,1.0,0.0,0.0,0.0
A-2022-12-102,08/12/2022,23:20,DESPISTE,1,0,1,PUNO,HUANCANE,TARACO,RURAL,CARRETERA,NACIONAL,PE-34H,-15.299009076997503,-69.98580957023911,DESPEJADO,RURAL,TRAMO RECTO,PLANA,ASFALTADA,SIN_DATO,SIN_DATO,SIN_DATO,SIN_DATO,IMPRUDENCIA DEL CONDUCTOR,EXCESO DE VELOCIDAD,1762.84,2.0,Asfaltado económico,Bueno,0.0,No concesionado,No corresponde,485.0,1762.84,2.0,Asfaltado económico,Bueno,0.0,No concesionado,No corresponde,485.0,1762.84,2.0,Asfaltado económico,Bueno,0.0,No concesionado,No corresponde,485.0,210607,0.3120136684565522,74.56643070176949,67.13828218150482,6.277409990126978,231.9912855577296,12390.518201284798,13642.312999999998,2020.7790000000005,2354.117,9267.416999999998,3314.0520000000006,10328.260999999997,24.29244952817019,1,1,0,0,0,30.0,30.0,30.0,1.0,0.0,0.0,0.0,1,0,0.0,0.0,0.0,1.0,1.0,0.0,0.0,1.0,1.0,1.0
A-2022-12-31,09/12/2022,01:00,DESPISTE,1,0,1,ICA,ICA,SALAS,RURAL,CARRETERA,NACIONAL,PE-1S,-13.931783,-75.914188,DESPEJADO,RURAL,TRAMO RECTO,PLANA,ASFALTADA,SIN_DATO,SIN_DATO,SIN_DATO,SIN_DATO,EN PROCESO DE INVESTIGACIÓN,NO CUENTA CON CAUSA ESPECIFICA,6639.975,2.0,Pavimentado,Bueno,1.0,No concesionado,Eje Estructurante Sur,1616.0,6639.975,2.0,Pavimentado,Bueno,1.0,No concesionado,Eje Estructurante Sur,1616.0,6639.975,2.0,Pavimentado,Bueno,1.0,No concesionado,Eje Estructurante Sur,1616.0,110108,0.6053164595604621,78.88848309050202,67.63954639531094,9.133324993872453,1064.9426147896202,27932.19700214133,3721.461,698.1859999999996,744.866,2278.409,1102.9029999999996,2618.558,29.636290693359403,1,1,0,0,0,30.0,30.0,30.0,1.0,0.0,0.0,0.0,1,0,0.0,0.0,0.0,1.0,1.0,0.0,0.0,1.0,1.0,1.0