CODIGO_SINIESTRO,FECHA SINIESTRO,HORA SINIESTRO,CLASE SINIESTRO,CANTIDAD DE FALLECIDOS,CANTIDAD DE LESIONADOS,CANTIDAD DE VEHICULOS DAÑADOS,DEPARTAMENTO,PROVINCIA,DISTRITO,ZONA,TIPO DE VÍA,RED VIAL,COD CARRETERA,COORDENADAS LATITUD,COORDENADAS  LONGITUD,CONDICIÓN CLIMÁTICA,ZONIFICACIÓN,CARACTERÍSTICAS DE VÍA,PERFIL LONGITUDINAL VÍA,SUPERFICIE DE CALZADA,¿EXISTE SEÑAL VERTICAL?,CLASIFICACIÓN DE LA SEÑAL VERTICAL Nº 1,CLASIFICACIÓN DE LA SEÑAL VERTICAL Nº 2,¿EXISTE SEÑAL HORIZONTAL?,CAUSA FACTOR PRINCIPAL,CAUSA ESPECÍFICA,MTC_RVN_LONGITUD_KM_x,MTC_RVN_N_CARRILES_MEDIANA_x,MTC_RVN_SUPERFICIE_DOMINANTE_x,MTC_RVN_ESTADO_DOMINANTE_x,MTC_RVN_ES_CONCESIONADA_x,MTC_RVN_CONCESION_PRINCIPAL_x,MTC_RVN_CORREDOR_LOGISTICO_x,MTC_RVN_N_TRAMOS_x,MTC_RVN_LONGITUD_KM_y,MTC_RVN_N_CARRILES_MEDIANA_y,MTC_RVN_SUPERFICIE_DOMINANTE_y,MTC_RVN_ESTADO_DOMINANTE_y,MTC_RVN_ES_CONCESIONADA_y,MTC_RVN_CONCESION_PRINCIPAL_y,MTC_RVN_CORREDOR_LOGISTICO_y,MTC_RVN_N_TRAMOS_y,MTC_RVN_LONGITUD_KM,MTC_RVN_N_CARRILES_MEDIANA,MTC_RVN_SUPERFICIE_DOMINANTE,MTC_RVN_ESTADO_DOMINANTE,MTC_RVN_ES_CONCESIONADA,MTC_RVN_CONCESION_PRINCIPAL,MTC_RVN_CORREDOR_LOGISTICO,MTC_RVN_N_TRAMOS,IDH_UBIGEO,IDH_2019,IDH_ESP_VIDA_2019,IDH_EDUC_SECUND_PCT_2019,IDH_ANIOS_EDUC_2019,IDH_INGRESO_PERCAP_2019,IDH_POBLACION_2019,MTC_DEP_RED_TOTAL_KM,MTC_DEP_NACIONAL_TOTAL_KM,MTC_DEP_DEPARTAMENTAL_TOTAL_KM,MTC_DEP_VECINAL_TOTAL_KM,MTC_DEP_PAV_TOTAL_KM,MTC_DEP_NO_PAV_TOTAL_KM,MTC_DEP_PCT_PAVIMENTADA,PER_TOTAL_PERSONAS,PER_N_CONDUCTORES,PER_N_CONDUCTORES_FUGADOS,PER_N_PEATONES,PER_N_PASAJEROS_OCUPANTES,PER_EDAD_COND_PROM,PER_EDAD_COND_MIN,PER_EDAD_COND_MAX,PER_ANY_COND_MASCULINO,PER_ANY_LIC_PROBLEMA,PER_ANY_DOSAJE_POS,PER_ANY_DOSAJE_EVALUADO,VEH_TOTAL,VEH_N_FUGADOS,VEH_ANY_FUGADO,VEH_ANY_CARGA,VEH_ANY_PUBLICO,VEH_ANY_PARTICULAR,VEH_ANY_MOTO,VEH_ANY_AUTO,VEH_ANY_CAMION_BUS,VEH_ANY_SOAT_PROBLEMA,VEH_ANY_CITV_PROBLEMA,VEH_ANY_SEGURO_PROBLEMA
A-2022-12-37,24/12/2022,08:15,ATROPELLO,1,0,1,ICA,PISCO,INDEPENDENCIA,RURAL,CARRETERA,NACIONAL,PE-28A,-13.709045,-75.9864218,DESPEJADO,RURAL,TRAMO RECTO,PLANA,ASFALTADA,SIN_DATO,SIN_DATO,SIN_DATO,SIN_DATO,EN PROCESO DE INVESTIGACIÓN,NO CUENTA CON CAUSA ESPECIFICA,1679.5849999999998,2.0,Pavimentado,Regular,1.0,No concesionado,Corredor Los Libertadores,315.0,1679.5849999999998,2.0,Pavimentado,Regular,1.0,No concesionado,Corredor Los Libertadores,315.0,1679.5849999999998,2.0,Pavimentado,Regular,1.0,No concesionado,Corredor Los Libertadores,315.0,110504,0.5368583996363854,74.61272186125923,72.26825466878516,8.4069286474868,830.4721109449902,14789.134903640255,3721.461,698.1859999999996,744.866,2278.409,1102.9029999999996,2618.558,29.636290693359403,2,1,0,1,0,30.0,30.0,30.0,1.0,0.0,0.0,1.0,1,0,0.0,0.0,0.0,1.0,0.0,0.0,1.0,0.0,1.0,0.0
A-2022-12-93,24/12/2022,08:45,ATROPELLO,1,0,1,LAMBAYEQUE,LAMBAYEQUE,MOTUPE,RURAL,CARRETERA,NACIONAL,PE-1NJ,-6.2305182,-79.7133815,DESPEJADO,RURAL,TRAMO RECTO,PLANA,ASFALTADA,SIN_DATO,SIN_DATO,SIN_DATO,SIN_DATO,EN PROCESO DE INVESTIGACIÓN,NO CUENTA CON CAUSA ESPECIFICA,1305.18,2.0,Pavimentado,Bueno,1.0,Eje Multimodal Amazonas Norte,Corredor IIRSA Norte,163.0,1305.18,2.0,Pavimentado,Bueno,1.0,Eje Multimodal Amazonas Norte,Corredor IIRSA Norte,163.0,1305.18,2.0,Pavimentado,Bueno,1.0,Eje Multimodal Amazonas Norte,Corredor IIRSA Norte,163.0,140307,0.49746742184188525,75.93907983080418,58.3357972839862,7.69595447676265,761.2908213145297,28734.96573875803,3459.691,515.0619999999999,689.7280000000001,2254.901,703.3549999999999,2756.3360000000002,20.329994788551925,2,1,0,1,0,32.0,32.0,32.0,1.0,1.0,0.0,0.0,1,0,0.0,0.0,0.0,1.0,0.0,1.0,0.0,0.0,1.0,0.0
A-2022-12-178,24/12/2022,17:00,CHOQUE,1,1,3,LIMA,HUAURA,HUACHO,RURAL,CARRETERA,NACIONAL,PE-1N,-11.18402,-77.57669,DESPEJADO,RURAL,TRAMO RECTO,PLANA,ASFALTADA,SIN_DATO,SIN_DATO,SIN_DATO,SIN_DATO,IMPRUDENCIA DEL CONDUCTOR,EXCESO DE VELOCIDAD,6543.555,3.0,Pavimentado,Bueno,1.0,Autopista del Sol,Eje Estructurante Norte,1475.0,6543.555,3.0,Pavimentado,Bueno,1.0,Autopista del Sol,Eje Estructurante Norte,1475.0,6543.555,3.0,Pavimentado,Bueno,1.0,Autopista del Sol,Eje Estructurante Norte,1475.0,150801,0.7327345537337897,78.20903814342847,76.31492653513806,13.642917835589472,1405.6698219039215,62016.218415417556,7626.313,1683.4029999999998,1599.0829999999996,4343.827000000001,1814.875,5811.438000000001,23.797541485643194,4,3,0,0,1,44.0,32.0,50.0,1.0,0.0,1.0,1.0,3,0,0.0,0.0,0.0,1.0,0.0,1.0,1.0,0.0,0.0,0.0
A-2022-12-39,24/12/2022,20:02,CHOQUE FUGA,1,0,1,PUNO,CHUCUITO,DESAGUADERO,RURAL,CARRETERA,NACIONAL,PE-36A,-16.618889,-69.149559,DESPEJADO,RURAL,TRAMO RECTO,PLANA,ASFALTADA,SIN_DATO,SIN_DATO,SIN_DATO,SIN_DATO,EN PROCESO DE INVESTIGACIÓN,NO CUENTA CON CAUSA ESPECIFICA,1529.105,2.0,Pavimentado,Bueno,1.0,No concesionado,Corredor Ilo - Moquegua - Desaguadero,200.0,1529.105,2.0,Pavimentado,Bueno,1.0,No concesionado,Corredor Ilo - Moquegua - Desaguadero,200.0,1529.105,2.0,Pavimentado,Bueno,1.0,No concesionado,Corredor Ilo - Moquegua - Desaguadero,200.0,210402,0.42411604604640296,74.28732425011668,75.63340579586843,8.070404038634907,431.1198673050291,28095.749464668093,13642.312999999998,2020.7790000000005,2354.117,9267.416999999998,3314.0520000000006,10328.260999999997,24.29244952817019,2,2,1,0,0,57.0,57.0,57.0,1.0,1.0,0.0,0.0,2,1,1.0,0.0,0.0,1.0,1.0,0.0,0.0,1.0,0.0,1.0
A-2022-12-169,25/12/2022,02:45,ATROPELLO FUGA,1,0,1,LIMA,LIMA,SANTIAGO DE SURCO,URBANA,CARRETERA,NACIONAL,PE-1S,-12.144819356636646,-76.98190654884502,DESPEJADO,COMERCIAL,TRAMO RECTO,PLANA,ASFALTADA,SIN_DATO,SIN_DATO,SIN_DATO,SIN_DATO,EN PROCESO DE INVESTIGACIÓN,NO CUENTA CON CAUSA ESPECIFICA,6639.975,2.0,Pavimentado,Bueno,1.0,No concesionado,Eje Estructurante Sur,1616.0,6639.975,2.0,Pavimentado,Bueno,1.0,No concesionado,Eje Estructurante Sur,1616.0,6639.975,2.0,Pavimentado,Bueno,1.0,No concesionado,Eje Estructurante Sur,1616.0,150140,0.8017574897902351,80.48487267736287,78.74302427848284,13.156716040468266,1766.1488062170545,359776.608137045,7626.313,1683.4029999999998,1599.0829999999996,4343.827000000001,1814.875,5811.438000000001,23.797541485643194,2,1,1,1,0,,,,0.0,0.0,0.0,0.0,1,1,1.0,0.0,0.0,0.0,0.0,0.0,0.0,0.0,0.0,1.0
A-2022-12-207,25/12/2022,06:10,DESPISTE,2,0,1,JUNIN,JAUJA,CURICACA,RURAL,CARRETERA,NACIONAL,PE-3S,-11.81465824504324,-75.62874008771473,DESPEJADO,RURAL,TRAMO RECTO,PLANA,ASFALTADA,NO,SIN_DATO,SIN_DATO,SI,IMPRUDENCIA DEL CONDUCTOR,OTRO (IMPRUDENCIA DEL CONDUCTOR),7586.903,2.0,Pavimentado,Bueno,1.0,No concesionado,CO 10: Abancay - Ayacucho- Huancayo- La Oroya,1198.0,7586.903,2.0,Pavimentado,Bueno,1.0,No concesionado,CO 10: Abancay - Ayacucho- Huancayo- La Oroya,1198.0,7586.903,2.0,Pavimentado,Bueno,1.0,No concesionado,CO 10: Abancay - Ayacucho- Huancayo- La Oroya,1198.0,120406,0.4545643050211295,68.73444804749025,55.05670880126828,7.076811092931955,737.237129067086,1424.8051391862955,12264.545,1826.4639999999995,1105.5389999999998,9332.542000000001,1588.5359999999996,10676.009,12.952261987705208,2,1,0,0,1,25.0,25.0,25.0,1.0,0.0,0.0,0.0,1,0,0.0,0.0,0.0,1.0,0.0,1.0,0.0,0.0,0.0,0.0
A-2022-12-170,25/12/2022,07:30,DESPISTE,1,0,1,LIMA,LIMA,BARRANCO,URBANA,AUTOPISTA,URBANO,NO CORRESPONDE,-12.139128988004243,-77.02745275937706,DESPEJADO,COMERCIAL,CURVA,INCLINADA,ASFALTADA,SIN_DATO,SIN_DATO,SIN_DATO,SIN_DATO,EN PROCESO DE INVESTIGACIÓN,NO CUENTA CON CAUSA ESPECIFICA,,,,,,,,,,,,,,,,,,,,,,,,,150104,0.8207642838213052,80.14976904502905,78.34721798827678,12.592455139231284,1956.55173075211,27481.5653104925,7626.313,1683.4029999999998,1599.0829999999996,4343.827000000001,1814.875,5811.438000000001,23.797541485643194,1,1,0,0,0,35.0,35.0,35.0,1.0,0.0,0.0,0.0,1,0,0.0,0.0,0.0,1.0,1.0,0.0,0.0,0.0,1.0,0.0
A-2022-12-196,25/12/2022,08:15,CHOQUE,1,1,2,PIURA,PIURA,CATACAOS,RURAL,CARRETERA,NACIONAL,PE-1N,-5.233518,-80.645968,DESPEJADO,RURAL,TRAMO RECTO,PLANA,ASFALTADA,SIN_DATO,SIN_DATO,SIN_DATO,SIN_DATO,IMPRUDENCIA DEL CONDUCTOR,EXCESO DE VELOCIDAD,6543.555,3.0,Pavimentado,Bueno,1.0,Autopista del Sol,Eje Estructurante Norte,1475.0,6543.555,3.0,Pavimentado,Bueno,1.0,Autopista del Sol,Eje Estructurante Norte,1475.0,6543.555,3.0,Pavimentado,Bueno,1.0,Autopista del Sol,Eje Estructurante Norte,1475.0,200105,0.5034350778485951,78.14388603810477,62.515858390410315,7.698619805954479,731.8176685454189,76220.84796573877,8965.846000060003,1782.4120000599992,636.9959999999999,6546.438000000004,2214.505000059999,6751.341000000004,24.699342371541725,2,2,0,0,0,28.0,22.0,34.0,1.0,1.0,0.0,1.0,2,0,0.0,0.0,0.0,1.0,1.0,1.0,0.0,0.0,1.0,0.0
A-2022-12-38,25/12/2022,08:41,ATROPELLO,1,0,1,ICA,PISCO,PISCO,URBANA,AVENIDA,URBANO,NO CORRESPONDE,-13.71781184364795,-76.1953913975266,DESPEJADO,RESIDENCIAL,INTERSECCIÓN,PLANA,ASFALTADA,SIN_DATO,SIN_DATO,SIN_DATO,SIN_DATO,EN PROCESO DE INVESTIGACIÓN,NO CUENTA CON CAUSA ESPECIFICA,,,,,,,,,,,,,,,,,,,,,,,,,110501,0.5876128251369682,76.40783657687089,72.44948426378424,10.42636694091524,914.8835608305218,58924.95503211991,3721.461,698.1859999999996,744.866,2278.409,1102.9029999999996,2618.558,29.636290693359403,2,1,0,1,0,45.0,45.0,45.0,1.0,1.0,1.0,1.0,1,0,0.0,0.0,0.0,1.0,0.0,0.0,1.0,0.0,1.0,0.0
A-2022-12-168,25/12/2022,16:30,CHOQUE,1,0,1,LIMA,LIMA,LIMA,URBANA,AVENIDA,URBANO,NO CORRESPONDE,-12.044994952836248,-77.04283697391459,DESPEJADO,COMERCIAL,INTERSECCIÓN,PLANA,ASFALTADA,SIN_DATO,SIN_DATO,SIN_DATO,SIN_DATO,EN PROCESO DE INVESTIGACIÓN,NO CUENTA CON CAUSA ESPECIFICA,,,,,,,,,,,,,,,,,,,,,,,,,150101,0.7646845961658533,80.23682119426338,77.96082737891015,12.014176158371615,1633.787715186093,250806.0877944326,7626.313,1683.4029999999998,1599.0829999999996,4343.827000000001,1814.875,5811.438000000001,23.797541485643194,3,2,0,0,1,53.5,50.0,57.0,1.0,1.0,0.0,0.0,2,0,0.0,0.0,1.0,0.0,1.0,0.0,1.0,0.0,1.0,1.0
A-2022-12-213,25/12/2022,21:00,CHOQUE,2,0,1,JUNIN,TARMA,SAN PEDRO DE CAJAS,RURAL,CARRETERA,DEPARTAMENTAL,JU-105,-11.255772483987002,-75.82256735949572,DESPEJADO,RURAL,CURVA,PLANA,TROCHA,SIN_DATO,SIN_DATO,SIN_DATO,SIN_DATO,IMPRUDENCIA DEL CONDUCTOR,EXCESO DE VELOCIDAD,,,,,,,,,,,,,,,,,,,,,,,,,120708,0.3806721892335712,78.77245225217325,56.81421208719683,5.9201016186922875,408.70034160859785,4341.336188436831,12264.545,1826.4639999999995,1105.5389999999998,9332.542000000001,1588.5359999999996,10676.009,12.952261987705208,3,2,0,0,1,18.5,18.0,19.0,1.0,1.0,0.0,0.0,2,0,0.0,0.0,0.0,1.0,1.0,1.0,0.0,1.0,1.0,1.0
A-2022-12-185,25/12/2022,22:30,ATROPELLO,1,0,1,PIURA,PIURA,VEINTISEIS DE OCTUBRE,URBANA,OTRO,URBANO,NO CORRESPONDE,-5.182306321297527,-80.65152538203908,DESPEJADO,COMERCIAL,OTRO,PLANA,ASFALTADA,SIN_DATO,SIN_DATO,SIN_DATO,SIN_DATO,IMPRUDENCIA DEL PEATÓN,ESTADO DE EBRIEDAD Y/O DROGADICCIÓN,,,,,,,,,,,,,,,,,,,,,,,,,200115,0.5997462042553465,78.40793944726823,72.26811532412637,9.714064362322326,976.3169831713307,183875.0,8965.846000060003,1782.4120000599992,636.9959999999999,6546.438000000004,2214.505000059999,6751.341000000004,24.699342371541725,2,1,0,1,0,63.0,63.0,63.0,1.0,0.0,0.0,1.0,1,0,0.0,0.0,1.0,0.0,0.0,0.0,1.0,0.0,0.0,0.0
A-2022-12-45,25/12/2022,23:37,DESPISTE,1,0,1,AREQUIPA,CAYLLOMA,MAJES,RURAL,CARRETERA,PROVINCIAL,AR-733,-16.353223,-72.149276,DESPEJADO,RURAL,TRAMO RECTO,PLANA,TROCHA,SIN_DATO,SIN_DATO,SIN_DATO,SIN_DATO,EN PROCESO DE INVESTIGACIÓN,NO CUENTA CON CAUSA ESPECIFICA,,,,,,,,,,,,,,,,,,,,,,,,,040520,0.6077843615696785,76.53072135400231,69.81276959706165,8.77367759087771,1135.5159013374657,74658.55888650964,10322.272,1495.2359999999999,1749.739,7077.2970000000005,2886.595,7435.677000000001,27.964725207783708,1,1,0,0,0,39.0,39.0,39.0,1.0,1.0,0.0,0.0,1,0,0.0,0.0,0.0,1.0,0.0,1.0,0.0,0.0,0.0,0.0
A-2022-12-171,26/12/2022,14:30,ATROPELLO,1,0,1,LIMA,LIMA,SAN JUAN DE LURIGANCHO,URBANA,AVENIDA,URBANO,NO CORRESPONDE,-12.029394015701405,-77.01166679892997,DESPEJADO,COMERCIAL,TRAMO RECTO,PLANA,ASFALTADA,SIN_DATO,SIN_DATO,SIN_DATO,SIN_DATO,EN PROCESO DE INVESTIGACIÓN,NO CUENTA CON CAUSA ESPECIFICA,,,,,,,,,,,,,,,,,,,,,,,,,150132,0.701053025277506,79.62867561460851,73.1469484600971,10.064317505194426,1464.6926161541437,1150285.0494171206,7626.313,1683.4029999999998,1599.0829999999996,4343.827000000001,1814.875,5811.438000000001,23.797541485643194,2,1,0,1,0,22.0,22.0,22.0,1.0,1.0,0.0,0.0,1,0,0.0,0.0,0.0,1.0,1.0,0.0,0.0,0.0,0.0,0.0
A-2022-12-131,26/12/2022,15:56,CHOQUE,1,0,1,CALLAO,CALLAO,CALLAO,URBANA,CARRETERA,NACIONAL,PE-20,-11.9439428,-77.1315501,DESPEJADO,COMERCIAL,TRAMO RECTO,PLANA,ASFALTADA,NO,SIN_DATO,SIN_DATO,SI,EN PROCESO DE INVESTIGACIÓN,NO CUENTA CON CAUSA ESPECIFICA,139.23,-1.0,Pavimentado,Bueno,0.0,No concesionado,No corresponde,69.0,139.23,-1.0,Pavimentado,Bueno,0.0,No concesionado,No corresponde,69.0,139.23,-1.0,Pavimentado,Bueno,0.0,No concesionado,No corresponde,69.0,,,,,,,,51.58600000000001,44.68700000000001,6.899000000000001,0.0,49.838000000000015,1.748,96.61148373589734,2,2,0,0,0,41.0,33.0,49.0,1.0,1.0,0.0,0.0,2,0,0.0,0.0,0.0,1.0,0.0,0.0,1.0,0.0,1.0,0.0
A-2022-12-41,26/12/2022,22:00,CHOQUE,1,1,3,AREQUIPA,AREQUIPA,LA JOYA,RURAL,CARRETERA,NACIONAL,PE-1S,-16.5619253,-71.8240875,DESPEJADO,RURAL,TRAMO RECTO,PLANA,ASFALTADA,SIN_DATO,SIN_DATO,SIN_DATO,SIN_DATO,EN PROCESO DE INVESTIGACIÓN,NO CUENTA CON CAUSA ESPECIFICA,6639.975,2.0,Pavimentado,Bueno,1.0,No concesionado,Eje Estructurante Sur,1616.0,6639.975,2.0,Pavimentado,Bueno,1.0,No concesionado,Eje Estructurante Sur,1616.0,6639.975,2.0,Pavimentado,Bueno,1.0,No concesionado,Eje Estructurante Sur,1616.0,040108,0.6105481451420971,78.10653088113892,68.35418098658066,8.411557426919764,1158.5430895193692,35025.678800856535,10322.272,1495.2359999999999,1749.739,7077.2970000000005,2886.595,7435.677000000001,27.964725207783708,4,3,0,0,1,42.333333333333336,37.0,51.0,1.0,1.0,0.0,0.0,3,0,0.0,1.0,0.0,1.0,1.0,0.0,1.0,1.0,1.0,1.0
A-2022-12-186,27/12/2022,04:00,CHOQUE,2,4,1,JUNIN,JAUJA,PACCHA,URBANA,CARRETERA,NACIONAL,PE-3S,-11.825113,-75.499218,DESPEJADO,RURAL,CURVA,PLANA,ASFALTADA,NO,SIN_DATO,SIN_DATO,SI,IMPRUDENCIA DEL CONDUCTOR,INVASIÓN DE CARRIL,7586.903,2.0,Pavimentado,Bueno,1.0,No concesionado,CO 10: Abancay - Ayacucho- Huancayo- La Oroya,1198.0,7586.903,2.0,Pavimentado,Bueno,1.0,No concesionado,CO 10: Abancay - Ayacucho- Huancayo- La Oroya,1198.0,7586.903,2.0,Pavimentado,Bueno,1.0,No concesionado,CO 10: Abancay - Ayacucho- Huancayo- La Oroya,1198.0,120423,0.4537761960868171,70.05121833794033,65.44353104603425,6.899166529295571,667.7730538806488,1267.952890792291,12264.545,1826.4639999999995,1105.5389999999998,9332.542000000001,1588.5359999999996,10676.009,12.952261987705208,8,2,0,0,6,37.0,31.0,43.0,1.0,0.0,0.0,0.0,2,0,0.0,0.0,1.0,0.0,0.0,0.0,1.0,0.0,1.0,0.0
A-2022-12-210,27/12/2022,04:40,DESPISTE,1,1,1,MADRE DE DIOS,TAMBOPATA,LAS PIEDRAS,RURAL,CARRETERA,NACIONAL,PE-30C,-12.175021,-69.114092,SIN_DATO,SIN_DATO,SIN_DATO,SIN_DATO,SIN_DATO,SIN_DATO,SIN_DATO,SIN_DATO,SIN_DATO,EN PROCESO DE INVESTIGACIÓN,NO CUENTA CON CAUSA ESPECIFICA,3263.58,2.0,Pavimentado,Bueno,1.0,IIRSA Sur - Tramo 3: Inambari - Iñapari,Corredor Cusco - Puerto Maldonado - Iñapari,566.0,3263.58,2.0,Pavimentado,Bueno,1.0,IIRSA Sur - Tramo 3: Inambari - Iñapari,Corredor Cusco - Puerto Maldonado - Iñapari,566.0,3263.58,2.0,Pavimentado,Bueno,1.0,IIRSA Sur - Tramo 3: Inambari - Iñapari,Corredor Cusco - Puerto Maldonado - Iñapari,566.0,170103,0.525748215792057,74.03823732580896,58.20048721039922,8.141897025119901,894.6823580853445,9162.706638115633,2090.3909999999996,399.431,340.02099999999996,1350.9389999999996,493.82399999999996,1596.5669999999996,23.62352306338862,2,1,0,0,1,49.0,49.0,49.0,1.0,0.0,0.0,0.0,1,0,0.0,0.0,0.0,1.0,0.0,1.0,0.0,0.0,0.0,0.0
A-2022-12-122,27/12/2022,05:50,CHOQUE,2,3,2,CAJAMARCA,CAJAMARCA,MAGDALENA,RURAL,CARRETERA,NACIONAL,PE-08,-7.27770333,-78.59512833,SOLEADO,RURAL,CURVA,PLANA,ASFALTADA,NO,SIN_DATO,SIN_DATO,SI,EN PROCESO DE INVESTIGACIÓN,NO CUENTA CON CAUSA ESPECIFICA,887.28,2.0,Pavimentado,Bueno,1.0,Longitudinal de la Sierra - Tramo 2: Ciudad de Dios - Cajamarca - Chiple - Cajamarca - Trujillo - Dv. Chilete - Emp. PE-3N,Corredor Ciudad de Dios - Cajamarca - Chachapoyas,155.0,887.28,2.0,Pavimentado,Bueno,1.0,Longitudinal de la Sierra - Tramo 2: Ciudad de Dios - Cajamarca - Chiple - Cajamarca - Trujillo - Dv. Chilete - Emp. PE-3N,Corredor Ciudad de Dios - Cajamarca - Chachapoyas,155.0,887.28,2.0,Pavimentado,Bueno,1.0,Longitudinal de la Sierra - Tramo 2: Ciudad de Dios - Cajamarca - Chiple - Cajamarca - Trujillo - Dv. Chilete - Emp. PE-3N,Corredor Ciudad de Dios - Cajamarca - Chachapoyas,155.0,060109,0.3499131122933449,74.39401817945264,56.628054482488196,4.625294965690104,417.1826098657696,8462.284796573875,15935.565011852366,1733.9250000199986,935.692,13265.948011832368,2000.1670000199988,13935.398011832369,12.551591352627522,5,2,0,0,3,50.0,37.0,63.0,1.0,0.0,0.0,0.0,2,0,0.0,1.0,0.0,1.0,0.0,1.0,1.0,0.0,0.0,0.0
A-2022-12-174,27/12/2022,18:50,CHOQUE,1,0,3,CUSCO,CANCHIS,CHECACUPE,RURAL,CARRETERA,NACIONAL,PE-3S,-14.046643,-71.447767,LLUVIOSO,RURAL,CURVA,PLANA,ASFALTADA,SI,PREVENTIVA (P),SIN_DATO,SI,IMPRUDENCIA DEL CONDUCTOR,EXCESO DE VELOCIDAD,7586.903,2.0,Pavimentado,Bueno,1.0,No concesionado,CO 10: Abancay - Ayacucho- Huancayo- La Oroya,1198.0,7586.903,2.0,Pavimentado,Bueno,1.0,No concesionado,CO 10: Abancay - Ayacucho- Huancayo- La Oroya,1198.0,7586.903,2.0,Pavimentado,Bueno,1.0,No concesionado,CO 10: Abancay - Ayacucho- Huancayo- La Oroya,1198.0,080602,0.3409107564841972,74.2782790389362,69.85088681249269,5.816184127144114,302.53841952167744,4833.456102783726,17779.13499998999,2097.3709999899993,2863.123,12818.640999999989,2878.713,14900.421999989987,16.19152450331032,3,3,0,0,0,51.0,47.0,56.0,1.0,1.0,0.0,1.0,3,0,0.0,1.0,0.0,1.0,0.0,1.0,1.0,0.0,0.0,0.0
A-2022-12-53,27/12/2022,23:00,CHOQUE,2,0,3,TACNA,TACNA,SAMA,RURAL,CARRETERA,NACIONAL,PE-1SD,-18.127199,-70.708028,DESPEJADO,RURAL,TRAMO RECTO,PLANA,ASFALTADA,SIN_DATO,SIN_DATO,SIN_DATO,SIN_DATO,IMPRUDENCIA DEL CONDUCTOR,OTRO (IMPRUDENCIA DEL CONDUCTOR),1926.94,2.0,Pavimentado,Bueno,1.0,No concesionado,No corresponde,393.0,1926.94,2.0,Pavimentado,Bueno,1.0,No concesionado,No corresponde,393.0,1926.94,2.0,Pavimentado,Bueno,1.0,No concesionado,No corresponde,393.0,230109,0.5526222945995614,74.2498786138685,70.50025041365525,8.75355945120394,897.5682559826355,2956.51391862955,2650.5719999999997,630.6729999999998,487.3610000000001,1532.5379999999998,1068.7019999999998,1581.87,40.31967439480987,4,3,0,0,1,47.333333333333336,36.0,67.0,1.0,0.0,0.0,1.0,3,0,0.0,1.0,0.0,0.0,0.0,0.0,1.0,0.0,0.0,0.0
A-2022-12-74,28/12/2022,06:20,CHOQUE,1,1,2,LA LIBERTAD,TRUJILLO,VICTOR LARCO HERRERA,RURAL,CARRETERA,NACIONAL,PE-1N,-8.133712,-79.064233,DESPEJADO,RURAL,TRAMO RECTO,PLANA,ASFALTADA,SIN_DATO,SIN_DATO,SIN_DATO,SIN_DATO,IMPRUDENCIA DEL CONDUCTOR,EXCESO DE VELOCIDAD,6543.555,3.0,Pavimentado,Bueno,1.0,Autopista del Sol,Eje Estructurante Norte,1475.0,6543.555,3.0,Pavimentado,Bueno,1.0,Autopista del Sol,Eje Estructurante Norte,1475.0,6543.555,3.0,Pavimentado,Bueno,1.0,Autopista del Sol,Eje Estructurante Norte,1475.0,130111,0.7531641124604342,80.00312647864715,76.99495003849329,11.742569192588208,1599.6362666139996,66889.78372591006,8931.828000000005,1335.5899999999997,1935.9830000000004,5660.255000000005,1219.309,7712.519000000005,13.651281686122923,3,2,0,0,1,35.5,25.0,46.0,1.0,1.0,0.0,0.0,2,0,0.0,1.0,0.0,1.0,1.0,0.0,0.0,0.0,0.0,1.0
A-2022-12-214,28/12/2022,08:30,CHOQUE,1,0,1,JUNIN,CHANCHAMAYO,SAN RAMON,RURAL,CARRETERA,NACIONAL,PE-22B,-11.11006265592424,-75.3426289488776,DESPEJADO,RURAL,CURVA,PLANA,ASFALTADA,SIN_DATO,SIN_DATO,SIN_DATO,SIN_DATO,IMPRUDENCIA DEL CONDUCTOR,INVASIÓN DE CARRIL,600.0300000000001,2.0,Pavimentado,Bueno,0.0,No concesionado,CO 17: La Oroya - Tarma- La Merced- Satipo,178.0,600.0300000000001,2.0,Pavimentado,Bueno,0.0,No concesionado,CO 17: La Oroya - Tarma- La Merced- Satipo,178.0,600.0300000000001,2.0,Pavimentado,Bueno,0.0,No concesionado,CO 17: La Oroya - Tarma- La Merced- Satipo,178.0,120305,0.5524312122883903,74.69278428872114,62.924176307590606,8.661674602491013,944.9757327320937,25835.76017130621,12264.545,1826.4639999999995,1105.5389999999998,9332.542000000001,1588.5359999999996,10676.009,12.952261987705208,2,2,0,0,0,55.0,55.0,55.0,1.0,0.0,0.0,0.0,2,0,0.0,1.0,0.0,1.0,1.0,0.0,1.0,0.0,1.0,0.0