CODIGO_SINIESTRO,FECHA SINIESTRO,HORA SINIESTRO,CLASE SINIESTRO,CANTIDAD DE FALLECIDOS,CANTIDAD DE LESIONADOS,CANTIDAD DE VEHICULOS DAÑADOS,DEPARTAMENTO,PROVINCIA,DISTRITO,ZONA,TIPO DE VÍA,RED VIAL,COD CARRETERA,COORDENADAS LATITUD,COORDENADAS  LONGITUD,CONDICIÓN CLIMÁTICA,ZONIFICACIÓN,CARACTERÍSTICAS DE VÍA,PERFIL LONGITUDINAL VÍA,SUPERFICIE DE CALZADA,¿EXISTE SEÑAL VERTICAL?,CLASIFICACIÓN DE LA SEÑAL VERTICAL Nº 1,CLASIFICACIÓN DE LA SEÑAL VERTICAL Nº 2,¿EXISTE SEÑAL HORIZONTAL?,CAUSA FACTOR PRINCIPAL,CAUSA ESPECÍFICA,MTC_RVN_LONGITUD_KM_x,MTC_RVN_N_CARRILES_MEDIANA_x,MTC_RVN_SUPERFICIE_DOMINANTE_x,MTC_RVN_ESTADO_DOMINANTE_x,MTC_RVN_ES_CONCESIONADA_x,MTC_RVN_CONCESION_PRINCIPAL_x,MTC_RVN_CORREDOR_LOGISTICO_x,MTC_RVN_N_TRAMOS_x,MTC_RVN_LONGITUD_KM_y,MTC_RVN_N_CARRILES_MEDIANA_y,MTC_RVN_SUPERFICIE_DOMINANTE_y,MTC_RVN_ESTADO_DOMINANTE_y,MTC_RVN_ES_CONCESIONADA_y,MTC_RVN_CONCESION_PRINCIPAL_y,MTC_RVN_CORREDOR_LOGISTICO_y,MTC_RVN_N_TRAMOS_y,MTC_RVN_LONGITUD_KM,MTC_RVN_N_CARRILES_MEDIANA,MTC_RVN_SUPERFICIE_DOMINANTE,MTC_RVN_ESTADO_DOMINANTE,MTC_RVN_ES_CONCESIONADA,MTC_RVN_CONCESION_PRINCIPAL,MTC_RVN_CORREDOR_LOGISTICO,MTC_RVN_N_TRAMOS,IDH_UBIGEO,IDH_2019,IDH_ESP_VIDA_2019,IDH_EDUC_SECUND_PCT_2019,IDH_ANIOS_EDUC_2019,IDH_INGRESO_PERCAP_2019,IDH_POBLACION_2019,MTC_DEP_RED_TOTAL_KM,MTC_DEP_NACIONAL_TOTAL_KM,MTC_DEP_DEPARTAMENTAL_TOTAL_KM,MTC_DEP_VECINAL_TOTAL_KM,MTC_DEP_PAV_TOTAL_KM,MTC_DEP_NO_PAV_TOTAL_KM,MTC_DEP_PCT_PAVIMENTADA,PER_TOTAL_PERSONAS,PER_N_CONDUCTORES,PER_N_CONDUCTORES_FUGADOS,PER_N_PEATONES,PER_N_PASAJEROS_OCUPANTES,PER_EDAD_COND_PROM,PER_EDAD_COND_MIN,PER_EDAD_COND_MAX,PER_ANY_COND_MASCULINO,PER_ANY_LIC_PROBLEMA,PER_ANY_DOSAJE_POS,PER_ANY_DOSAJE_EVALUADO,VEH_TOTAL,VEH_N_FUGADOS,VEH_ANY_FUGADO,VEH_ANY_CARGA,VEH_ANY_PUBLICO,VEH_ANY_PARTICULAR,VEH_ANY_MOTO,VEH_ANY_AUTO,VEH_ANY_CAMION_BUS,VEH_ANY_SOAT_PROBLEMA,VEH_ANY_CITV_PROBLEMA,VEH_ANY_SEGURO_PROBLEMA
A-2022-12-229,31/12/2022,23:15,ATROPELLO FUGA,1,0,1,LIMA,LIMA,ANCON,URBANA,CARRETERA,NACIONAL,PE-1N,-11.783896,-77.155454,DESPEJADO,RURAL,TRAMO RECTO,PLANA,ASFALTADA,SIN_DATO,SIN_DATO,SIN_DATO,SIN_DATO,EN PROCESO DE INVESTIGACIÓN,NO CUENTA CON CAUSA ESPECIFICA,6543.555,3.0,Pavimentado,Bueno,1.0,Autopista del Sol,Eje Estructurante Norte,1475.0,6543.555,3.0,Pavimentado,Bueno,1.0,Autopista del Sol,Eje Estructurante Norte,1475.0,6543.555,3.0,Pavimentado,Bueno,1.0,Autopista del Sol,Eje Estructurante Norte,1475.0,150102,0.6688889885290078,77.65971620762488,72.11797581870952,9.343568875150348,1392.9562465448403,54956.252676659526,7626.313,1683.4029999999998,1599.0829999999996,4343.827000000001,1814.875,5811.438000000001,23.797541485643194,2,1,1,1,0,,,,0.0,0.0,0.0,0.0,1,1,1.0,0.0,0.0,0.0,0.0,0.0,0.0,0.0,0.0,1.0
A-2023-01-12,01/01/2023,04:00,DESPISTE,1,7,1,ANCASH,HUARI,PONTO,RURAL,CARRETERA,PROVINCIAL,AN-706,-9.34163050225724,-77.0352685109,DESPEJADO,RURAL,CURVA,INCLINADA,TROCHA,SIN_DATO,SIN_DATO,SIN_DATO,SIN_DATO,EN PROCESO DE INVESTIGACIÓN,NO CUENTA CON CAUSA ESPECIFICA,,,,,,,,,,,,,,,,,,,,,,,,,021011,0.28787273460409396,74.02385113200486,48.30446647049269,5.311571180830728,243.23903305112947,2816.9528907922913,10767.648000000001,1885.0630000000003,1222.721,7659.864000000001,2100.343,8667.305000000002,19.506051832303577,8,1,0,0,7,33.0,33.0,33.0,1.0,0.0,0.0,0.0,1,0,0.0,1.0,0.0,0.0,0.0,0.0,1.0,0.0,0.0,0.0
A-2023-01-130,01/01/2023,04:30,CHOQUE,1,0,1,LIMA,LIMA,LURIGANCHO,URBANA,CARRETERA,NACIONAL,PE-22,-12.02115428,-76.92843602,DESPEJADO,INDUSTRIAL,TRAMO RECTO,PLANA,ASFALTADA,SIN_DATO,SIN_DATO,SIN_DATO,SIN_DATO,IMPRUDENCIA DEL CONDUCTOR,CONDUCIR EN ESTADO DE EBRIEDAD Y/O DROGADICCIÓN,875.67,2.0,Pavimentado,Bueno,1.0,IIRSA Centro - Tramo 2: Pte. Ricardo Palma - La Oroya - Huancayo y La Oroya - Dv. Cerro de Pasco,Corredor Central,156.0,875.67,2.0,Pavimentado,Bueno,1.0,IIRSA Centro - Tramo 2: Pte. Ricardo Palma - La Oroya - Huancayo y La Oroya - Dv. Cerro de Pasco,Corredor Central,156.0,875.67,2.0,Pavimentado,Bueno,1.0,IIRSA Centro - Tramo 2: Pte. Ricardo Palma - La Oroya - Huancayo y La Oroya - Dv. Cerro de Pasco,Corredor Central,156.0,150118,0.6831952456039544,78.60873873772867,74.49000793376607,10.00420210847705,1376.0472418044385,255143.7301927195,7626.313,1683.4029999999998,1599.0829999999996,4343.827000000001,1814.875,5811.438000000001,23.797541485643194,2,2,0,0,0,35.0,28.0,42.0,1.0,0.0,0.0,0.0,2,0,0.0,1.0,0.0,1.0,1.0,0.0,1.0,0.0,1.0,0.0
A-2023-01-26,01/01/2023,05:30,DESPISTE,2,4,1,LA LIBERTAD,GRAN CHIMU,MARMOT,RURAL,CARRETERA,SIN CLASIFICAR,SIN CLASIFICAR,-7.6954995974872,-78.6316271126678,DESPEJADO,RURAL,TRAMO RECTO,PLANA,AFIRMADO,SIN_DATO,SIN_DATO,SIN_DATO,SIN_DATO,IMPRUDENCIA DEL CONDUCTOR,OTRO (IMPRUDENCIA DEL CONDUCTOR),,,,,,,,,,,,,,,,,,,,,,,,,,,,,,,,8931.828000000005,1335.5899999999997,1935.9830000000004,5660.255000000005,1219.309,7712.519000000005,13.651281686122923,7,1,1,0,6,51.0,51.0,51.0,1.0,1.0,0.0,0.0,1,0,0.0,1.0,0.0,0.0,0.0,0.0,1.0,0.0,0.0,0.0
A-2023-01-20,01/01/2023,06:00,DESPISTE,1,0,1,ICA,ICA,SAN JOSE DE LOS MOLINOS,URBANA,CARRETERA,NACIONAL,PE-1SC,-13.945351,-75.680238,DESPEJADO,RESIDENCIAL,TRAMO RECTO,PLANA,ASFALTADA,SIN_DATO,SIN_DATO,SIN_DATO,SIN_DATO,EN PROCESO DE INVESTIGACIÓN,NO CUENTA CON CAUSA ESPECIFICA,583.2950000000001,1.0,Asfaltado económico,Regular,0.0,No concesionado,No corresponde,248.0,583.2950000000001,1.0,Asfaltado económico,Regular,0.0,No concesionado,No corresponde,248.0,583.2950000000001,1.0,Asfaltado económico,Regular,0.0,No concesionado,No corresponde,248.0,110109,0.6267320904570742,78.75055145863993,77.68950629139908,9.132898531488795,1104.4394499003888,6644.670235546039,3721.461,698.1859999999996,744.866,2278.409,1102.9029999999996,2618.558,29.636290693359403,1,1,0,0,0,30.0,30.0,30.0,1.0,1.0,0.0,0.0,1,0,0.0,0.0,0.0,1.0,1.0,0.0,0.0,1.0,0.0,1.0
A-2023-01-109,01/01/2023,07:10,DESPISTE,1,0,1,MOQUEGUA,ILO,PACOCHA,RURAL,CARRETERA,NACIONAL,PE-1SD,-17.54765,-71.361506,DESPEJADO,RURAL,TRAMO RECTO,PLANA,ASFALTADA,SI,PREVENTIVA (P),SIN_DATO,SI,IMPRUDENCIA DEL CONDUCTOR,FATIGA Y/O CANSANCIO,1926.94,2.0,Pavimentado,Bueno,1.0,No concesionado,No corresponde,393.0,1926.94,2.0,Pavimentado,Bueno,1.0,No concesionado,No corresponde,393.0,1926.94,2.0,Pavimentado,Bueno,1.0,No concesionado,No corresponde,393.0,180303,0.7679607503195659,78.54282659820022,70.56951363392463,12.908522413383151,1718.8035257172005,3079.066381156317,2949.174,470.28500000000025,903.055,1575.834,866.4460000000004,2082.728,29.37927704503025,1,1,0,0,0,32.0,32.0,32.0,1.0,0.0,0.0,1.0,1,0,0.0,0.0,0.0,1.0,0.0,1.0,0.0,0.0,0.0,0.0
A-2023-01-27,01/01/2023,10:10,CHOQUE,1,0,2,LA LIBERTAD,PACASMAYO,PACASMAYO,RURAL,CARRETERA,NACIONAL,PE-1N,-7.392707921590365,-79.55616788912027,DESPEJADO,RURAL,TRAMO RECTO,PLANA,ASFALTADA,SIN_DATO,SIN_DATO,SIN_DATO,SIN_DATO,EN PROCESO DE INVESTIGACIÓN,NO CUENTA CON CAUSA ESPECIFICA,6543.555,3.0,Pavimentado,Bueno,1.0,Autopista del Sol,Eje Estructurante Norte,1475.0,6543.555,3.0,Pavimentado,Bueno,1.0,Autopista del Sol,Eje Estructurante Norte,1475.0,6543.555,3.0,Pavimentado,Bueno,1.0,Autopista del Sol,Eje Estructurante Norte,1475.0,130704,0.5968586479601472,81.56479096531379,74.23398565025978,9.724446364040261,898.7633596995952,27553.955032119913,8931.828000000005,1335.5899999999997,1935.9830000000004,5660.255000000005,1219.309,7712.519000000005,13.651281686122923,2,2,0,0,0,50.0,38.0,62.0,1.0,0.0,0.0,0.0,2,0,0.0,0.0,0.0,1.0,1.0,1.0,0.0,1.0,1.0,0.0
A-2023-01-131,01/01/2023,10:50,CHOQUE,1,1,1,LIMA,LIMA,CHORRILLOS,URBANA,AVENIDA,URBANO,NO CORRESPONDE,-12.18744311,-76.995348,DESPEJADO,RESIDENCIAL,INTERSECCIÓN,PLANA,ASFALTADA,SIN_DATO,SIN_DATO,SIN_DATO,SIN_DATO,IMPRUDENCIA DEL CONDUCTOR,OTRO (IMPRUDENCIA DEL CONDUCTOR),,,,,,,,,,,,,,,,,,,,,,,,,150108,0.7583553928164398,79.82595632107274,76.7651270103073,11.46351379457763,1662.7771470294063,333655.3618843683,7626.313,1683.4029999999998,1599.0829999999996,4343.827000000001,1814.875,5811.438000000001,23.797541485643194,3,2,0,0,1,42.5,31.0,54.0,1.0,0.0,0.0,0.0,2,0,0.0,0.0,1.0,1.0,1.0,0.0,0.0,0.0,1.0,1.0
A-2023-01-28,01/01/2023,13:00,CHOQUE FUGA,1,0,1,LA LIBERTAD,TRUJILLO,HUANCHACO,URBANA,CARRETERA,NACIONAL,PE-1N,-8.086548612579318,-79.09628712208378,DESPEJADO,INDUSTRIAL,ÓVALO,INCLINADA,ASFALTADA,SIN_DATO,SIN_DATO,SIN_DATO,SIN_DATO,EN PROCESO DE INVESTIGACIÓN,NO CUENTA CON CAUSA ESPECIFICA,6543.555,3.0,Pavimentado,Bueno,1.0,Autopista del Sol,Eje Estructurante Norte,1475.0,6543.555,3.0,Pavimentado,Bueno,1.0,Autopista del Sol,Eje Estructurante Norte,1475.0,6543.555,3.0,Pavimentado,Bueno,1.0,Autopista del Sol,Eje Estructurante Norte,1475.0,130104,0.583006771156836,78.2441938961209,62.24037484511178,8.807312392374042,1028.2282118265089,76607.295503212,8931.828000000005,1335.5899999999997,1935.9830000000004,5660.255000000005,1219.309,7712.519000000005,13.651281686122923,3,2,1,0,1,21.0,21.0,21.0,1.0,1.0,0.0,0.0,2,1,1.0,0.0,1.0,0.0,1.0,0.0,0.0,1.0,0.0,1.0
A-2023-01-32,01/01/2023,14:50,ATROPELLO,1,0,1,CUSCO,ANTA,ANTA,RURAL,CARRETERA,NACIONAL,PE-3S,-13.485952609764276,-72.16745477434834,DESPEJADO,RURAL,TRAMO RECTO,PLANA,ASFALTADA,SIN_DATO,SIN_DATO,SIN_DATO,SIN_DATO,IMPRUDENCIA DEL CONDUCTOR,EXCESO DE VELOCIDAD,7586.903,2.0,Pavimentado,Bueno,1.0,No concesionado,CO 10: Abancay - Ayacucho- Huancayo- La Oroya,1198.0,7586.903,2.0,Pavimentado,Bueno,1.0,No concesionado,CO 10: Abancay - Ayacucho- Huancayo- La Oroya,1198.0,7586.903,2.0,Pavimentado,Bueno,1.0,No concesionado,CO 10: Abancay - Ayacucho- Huancayo- La Oroya,1198.0,080301,0.4461630003962475,73.21502670801013,72.39928330950325,7.637017072327872,534.399353077353,18328.770877944324,17779.13499998999,2097.3709999899993,2863.123,12818.640999999989,2878.713,14900.421999989987,16.19152450331032,2,1,0,1,0,21.0,21.0,21.0,1.0,0.0,0.0,1.0,1,0,0.0,0.0,0.0,1.0,0.0,1.0,0.0,0.0,0.0,0.0
A-2023-01-7,01/01/2023,18:30,DESPISTE,1,1,1,PUNO,CHUCUITO,DESAGUADERO,RURAL,CARRETERA,SIN CLASIFICAR,SIN CLASIFICAR,-16.640263,-69.105227,DESPEJADO,RURAL,TRAMO RECTO,PLANA,TROCHA,SIN_DATO,SIN_DATO,SIN_DATO,SIN_DATO,IMPRUDENCIA DEL CONDUCTOR,CONDUCIR EN ESTADO DE EBRIEDAD Y/O DROGADICCIÓN,,,,,,,,,,,,,,,,,,,,,,,,,210402,0.42411604604640296,74.28732425011668,75.63340579586843,8.070404038634907,431.1198673050291,28095.749464668093,13642.312999999998,2020.7790000000005,2354.117,9267.416999999998,3314.0520000000006,10328.260999999997,24.29244952817019,2,1,0,0,1,33.0,33.0,33.0,1.0,0.0,0.0,0.0,1,0,0.0,0.0,0.0,1.0,0.0,1.0,0.0,0.0,1.0,0.0
A-2023-01-9,01/01/2023,19:00,ATROPELLO FUGA,1,0,1,PUNO,YUNGUYO,YUNGUYO,URBANA,CALLE,URBANO,NO CORRESPONDE,-16.30571841773991,-69.07482239581564,DESPEJADO,RURAL,TRAMO RECTO,PLANA,TROCHA,SIN_DATO,SIN_DATO,SIN_DATO,SIN_DATO,IMPRUDENCIA DEL CONDUCTOR,OTRO (IMPRUDENCIA DEL CONDUCTOR),,,,,,,,,,,,,,,,,,,,,,,,,211301,0.4165447461855686,74.77127585660097,73.32833413464006,6.399479128468322,475.6850527085419,23516.528907922908,13642.312999999998,2020.7790000000005,2354.117,9267.416999999998,3314.0520000000006,10328.260999999997,24.29244952817019,2,1,1,1,0,,,,0.0,0.0,0.0,0.0,1,1,1.0,0.0,0.0,0.0,0.0,0.0,0.0,0.0,0.0,1.0
A-2023-01-8,01/01/2023,19:35,DESPISTE,1,0,1,PUNO,YUNGUYO,YUNGUYO,RURAL,CARRETERA,DEPARTAMENTAL,PU-130,-16.28830931265595,-69.0744135791099,DESPEJADO,RURAL,TRAMO RECTO,PLANA,ASFALTADA,SIN_DATO,SIN_DATO,SIN_DATO,SIN_DATO,IMPRUDENCIA DEL CONDUCTOR,OTRO (IMPRUDENCIA DEL CONDUCTOR),,,,,,,,,,,,,,,,,,,,,,,,,211301,0.4165447461855686,74.77127585660097,73.32833413464006,6.399479128468322,475.6850527085419,23516.528907922908,13642.312999999998,2020.7790000000005,2354.117,9267.416999999998,3314.0520000000006,10328.260999999997,24.29244952817019,1,1,0,0,0,40.0,40.0,40.0,1.0,1.0,0.0,0.0,1,0,0.0,0.0,0.0,1.0,1.0,0.0,0.0,1.0,1.0,1.0
A-2023-01-6,01/01/2023,22:09,CHOQUE,1,3,2,PUNO,PUNO,PAUCARCOLLA,RURAL,CARRETERA,NACIONAL,PE-3S,-15.755179,-70.051617,DESPEJADO,RURAL,CURVA,PLANA,ASFALTADA,SIN_DATO,SIN_DATO,SIN_DATO,SIN_DATO,IMPRUDENCIA DEL CONDUCTOR,CONDUCIR EN ESTADO DE EBRIEDAD Y/O DROGADICCIÓN,7586.903,2.0,Pavimentado,Bueno,1.0,No concesionado,CO 10: Abancay - Ayacucho- Huancayo- La Oroya,1198.0,7586.903,2.0,Pavimentado,Bueno,1.0,No concesionado,CO 10: Abancay - Ayacucho- Huancayo- La Oroya,1198.0,7586.903,2.0,Pavimentado,Bueno,1.0,No concesionado,CO 10: Abancay - Ayacucho- Huancayo- La Oroya,1198.0,210110,0.3204026151964153,69.29426309416309,70.2364823564305,6.371809812333516,265.9551058733816,4850.546038543897,13642.312999999998,2020.7790000000005,2354.117,9267.416999999998,3314.0520000000006,10328.260999999997,24.29244952817019,4,2,0,0,2,34.0,26.0,42.0,1.0,1.0,0.0,0.0,2,0,0.0,0.0,0.0,1.0,0.0,1.0,1.0,0.0,0.0,0.0
A-2023-01-120,01/01/2023,22:58,CHOQUE,1,0,2,ANCASH,SANTA,COISHCO,URBANA,CARRETERA,NACIONAL,PE-1N,-9.019175,-78.616854,DESPEJADO,RURAL,TRAMO RECTO,PLANA,CONCRETO,SIN_DATO,SIN_DATO,SIN_DATO,SIN_DATO,IMPRUDENCIA DEL CONDUCTOR,INVASIÓN DE CARRIL,6543.555,3.0,Pavimentado,Bueno,1.0,Autopista del Sol,Eje Estructurante Norte,1475.0,6543.555,3.0,Pavimentado,Bueno,1.0,Autopista del Sol,Eje Estructurante Norte,1475.0,6543.555,3.0,Pavimentado,Bueno,1.0,Autopista del Sol,Eje Estructurante Norte,1475.0,021803,0.5767176315100667,78.75852681233434,67.73838141742253,8.602424454954967,961.4146257668338,15940.278372591007,10767.648000000001,1885.0630000000003,1222.721,7659.864000000001,2100.343,8667.305000000002,19.506051832303577,2,2,0,0,0,36.5,29.0,44.0,1.0,0.0,1.0,1.0,2,0,0.0,1.0,0.0,1.0,0.0,1.0,1.0,0.0,0.0,0.0
A-2023-01-157,02/01/2023,00:50,ATROPELLO FUGA,1,0,1,LIMA,LIMA,RIMAC,URBANA,CARRETERA,NACIONAL,PE-1N,-12.040883004231532,-77.03392535182245,DESPEJADO,COMERCIAL,TRAMO RECTO,PLANA,ASFALTADA,SIN_DATO,SIN_DATO,SIN_DATO,SIN_DATO,IMPRUDENCIA DEL CONDUCTOR,OTRO (IMPRUDENCIA DEL CONDUCTOR),6543.555,3.0,Pavimentado,Bueno,1.0,Autopista del Sol,Eje Estructurante Norte,1475.0,6543.555,3.0,Pavimentado,Bueno,1.0,Autopista del Sol,Eje Estructurante Norte,1475.0,6543.555,3.0,Pavimentado,Bueno,1.0,Autopista del Sol,Eje Estructurante Norte,1475.0,150128,0.7300036506368504,80.21724456394445,75.11639588359114,10.636845733066123,1559.041185521695,156759.78800856532,7626.313,1683.4029999999998,1599.0829999999996,4343.827000000001,1814.875,5811.438000000001,23.797541485643194,2,1,1,1,0,,,,0.0,0.0,0.0,0.0,1,1,1.0,0.0,0.0,0.0,0.0,0.0,0.0,0.0,0.0,1.0
A-2023-01-132,02/01/2023,03:30,ATROPELLO,1,0,1,LIMA,LIMA,SAN JUAN DE MIRAFLORES,URBANA,CARRETERA,NACIONAL,PE-1S,-12.162271,-76.981829,DESPEJADO,COMERCIAL,TRAMO RECTO,PLANA,ASFALTADA,SIN_DATO,SIN_DATO,SIN_DATO,SIN_DATO,IMPRUDENCIA DEL PEATÓN,CRUCE INDEBIDO POR LA CALZADA,6639.975,2.0,Pavimentado,Bueno,1.0,No concesionado,Eje Estructurante Sur,1616.0,6639.975,2.0,Pavimentado,Bueno,1.0,No concesionado,Eje Estructurante Sur,1616.0,6639.975,2.0,Pavimentado,Bueno,1.0,No concesionado,Eje Estructurante Sur,1616.0,150133,0.7289998534947872,80.50926319493618,76.9124822838204,10.358587270463827,1551.106643515347,384728.5117773019,7626.313,1683.4029999999998,1599.0829999999996,4343.827000000001,1814.875,5811.438000000001,23.797541485643194,2,1,0,1,0,51.0,51.0,51.0,1.0,0.0,0.0,0.0,1,0,0.0,1.0,0.0,0.0,0.0,0.0,1.0,0.0,0.0,0.0
A-2023-01-136,02/01/2023,04:10,CHOQUE,1,0,1,LIMA,LIMA,PUENTE PIEDRA,URBANA,CARRETERA,NACIONAL,PE-1N,-11.856181,-77.085165,DESPEJADO,COMERCIAL,TRAMO RECTO,PLANA,ASFALTADA,SIN_DATO,SIN_DATO,SIN_DATO,SIN_DATO,IMPRUDENCIA DEL CONDUCTOR,OTRO (IMPRUDENCIA DEL CONDUCTOR),6543.555,3.0,Pavimentado,Bueno,1.0,Autopista del Sol,Eje Estructurante Norte,1475.0,6543.555,3.0,Pavimentado,Bueno,1.0,Autopista del Sol,Eje Estructurante Norte,1475.0,6543.555,3.0,Pavimentado,Bueno,1.0,Autopista del Sol,Eje Estructurante Norte,1475.0,150125,0.6632628912836565,79.15155564666024,73.19223743118206,9.629669813837666,1289.452647666346,383699.2119914347,7626.313,1683.4029999999998,1599.0829999999996,4343.827000000001,1814.875,5811.438000000001,23.797541485643194,2,2,0,0,0,33.5,31.0,36.0,1.0,1.0,0.0,0.0,2,0,0.0,1.0,0.0,1.0,1.0,0.0,1.0,0.0,1.0,0.0
A-2023-01-1,02/01/2023,05:30,CHOQUE FUGA,1,0,1,HUANUCO,LEONCIO PRADO,JOSE CRESPO Y CASTILLO,RURAL,CARRETERA,NACIONAL,PE-5N,-8.908303,-76.093992,DESPEJADO,RURAL,TRAMO RECTO,PLANA,ASFALTADA,SI,REGULADORA (R),SIN_DATO,SI,EN PROCESO DE INVESTIGACIÓN,NO CUENTA CON CAUSA ESPECIFICA,7758.33400008,2.0,Pavimentado,Bueno,1.0,No concesionado,Corredor IIRSA Norte,2133.0,7758.33400008,2.0,Pavimentado,Bueno,1.0,No concesionado,Corredor IIRSA Norte,2133.0,7758.33400008,2.0,Pavimentado,Bueno,1.0,No concesionado,Corredor IIRSA Norte,2133.0,100604,0.44889807822743194,72.32233236849576,48.83099256769076,6.808038769056246,716.252056011431,32955.28479657388,8209.057,1333.4779999999996,791.9770000000001,6083.602,1059.8589999999997,7149.198,12.910849565303295,2,2,1,0,0,32.0,32.0,32.0,1.0,1.0,0.0,1.0,2,1,1.0,0.0,0.0,0.0,1.0,0.0,0.0,1.0,1.0,1.0
A-2023-01-5,02/01/2023,12:30,CHOQUE,1,0,2,TACNA,TACNA,LA YARADA LOS PALOS,RURAL,CARRETERA,NACIONAL,PE-1SD,-18.118923,-70.375177,DESPEJADO,RURAL,TRAMO RECTO,PLANA,ASFALTADA,SIN_DATO,SIN_DATO,SIN_DATO,SIN_DATO,IMPRUDENCIA DEL CONDUCTOR,CONDUCIR EN ESTADO DE EBRIEDAD Y/O DROGADICCIÓN,1926.94,2.0,Pavimentado,Bueno,1.0,No concesionado,No corresponde,393.0,1926.94,2.0,Pavimentado,Bueno,1.0,No concesionado,No corresponde,393.0,1926.94,2.0,Pavimentado,Bueno,1.0,No concesionado,No corresponde,393.0,230111,0.5551799999072031,75.37994385062687,62.699954828476905,7.065143842078104,1076.8792057258834,6114.0,2650.5719999999997,630.6729999999998,487.3610000000001,1532.5379999999998,1068.7019999999998,1581.87,40.31967439480987,2,2,0,0,0,31.0,28.0,34.0,1.0,0.0,0.0,1.0,2,0,0.0,0.0,0.0,1.0,0.0,1.0,0.0,0.0,1.0,1.0
A-2023-01-3,02/01/2023,14:10,CHOQUE,1,0,2,HUANUCO,LEONCIO PRADO,RUPA-RUPA,URBANA,JIRÓN,URBANO,NO CORRESPONDE,-9.303110794197345,-76.00091655326621,DESPEJADO,COMERCIAL,INTERSECCIÓN,PLANA,CONCRETO,NO,SIN_DATO,SIN_DATO,SI,IMPRUDENCIA DEL CONDUCTOR,OTRO (IMPRUDENCIA DEL CONDUCTOR),,,,,,,,,,,,,,,,,,,,,,,,,100601,0.5818337288935853,73.84436545241161,70.00654188026523,9.541274475508528,1000.4260420093173,59227.28479657388,8209.057,1333.4779999999996,791.9770000000001,6083.602,1059.8589999999997,7149.198,12.910849565303295,2,2,0,0,0,56.0,46.0,66.0,1.0,0.0,0.0,1.0,2,1,1.0,0.0,0.0,1.0,1.0,0.0,0.0,1.0,1.0,1.0
A-2023-01-2,02/01/2023,14:30,CHOQUE,1,0,2,HUANUCO,MARAÑON,CHOLON,RURAL,CARRETERA,NACIONAL,PE-12A,-8.611078754179244,-76.62656868189325,DESPEJADO,RURAL,CURVA,INCLINADA,AFIRMADO,SIN_DATO,SIN_DATO,SIN_DATO,SIN_DATO,EN PROCESO DE INVESTIGACIÓN,NO CUENTA CON CAUSA ESPECIFICA,1703.219,1.0,Afirmado,Regular,0.0,No concesionado,Corredor Santa - Huacrachuco - Uchiza,247.0,1703.219,1.0,Afirmado,Regular,0.0,No concesionado,Corredor Santa - Huacrachuco - Uchiza,247.0,1703.219,1.0,Afirmado,Regular,0.0,No concesionado,Corredor Santa - Huacrachuco - Uchiza,247.0,100702,0.3278202150778517,66.53640691874807,40.68123807789863,5.354469202711941,428.10281586238386,11708.025695931477,8209.057,1333.4779999999996,791.9770000000001,6083.602,1059.8589999999997,7149.198,12.910849565303295,2,2,0,0,0,29.0,23.0,35.0,1.0,1.0,0.0,0.0,2,0,0.0,1.0,0.0,0.0,1.0,0.0,1.0,0.0,0.0,1.0
A-2023-01-69,02/01/2023,19:00,CHOQUE,1,3,2,CUSCO,CANAS,LAYO,RURAL,CARRETERA,NACIONAL,PE-3S,-14.45243,-71.07294,DESPEJADO,RURAL,TRAMO RECTO,PLANA,ASFALTADA,SI,PREVENTIVA (P),SIN_DATO,SI,IMPRUDENCIA DEL CONDUCTOR,EXCESO DE VELOCIDAD,7586.903,2.0,Pavimentado,Bueno,1.0,No concesionado,CO 10: Abancay - Ayacucho- Huancayo- La Oroya,1198.0,7586.903,2.0,Pavimentado,Bueno,1.0,No concesionado,CO 10: Abancay - Ayacucho- Huancayo- La Oroya,1198.0,7586.903,2.0,Pavimentado,Bueno,1.0,No concesionado,CO 10: Abancay - Ayacucho- Huancayo- La Oroya,1198.0,080505,0.22035061258647087,63.218505173614794,53.31195554262463,5.074877589504474,153.07870837763025,5406.680942184154,17779.13499998999,2097.3709999899993,2863.123,12818.640999999989,2878.713,14900.421999989987,16.19152450331032,5,2,0,0,3,32.0,19.0,45.0,1.0,0.0,0.0,1.0,2,0,0.0,1.0,0.0,1.0,0.0,1.0,1.0,0.0,0.0,0.0
A-2023-01-30,02/01/2023,19:20,CHOQUE,1,1,2,CUSCO,URUBAMBA,YUCAY,RURAL,CARRETERA,NACIONAL,PE-28B,-13.329805040296536,-72.07244714749359,DESPEJADO,RURAL,TRAMO RECTO,PLANA,ASFALTADA,SIN_DATO,SIN_DATO,SIN_DATO,SIN_DATO,IMPRUDENCIA DEL CONDUCTOR,OTRO (IMPRUDENCIA DEL CONDUCTOR),3447.8009999999995,1.0,Pavimentado,Regular,0.0,No concesionado,Corredor Ayacucho - Quellouno - Quillabamba,1109.0,3447.8009999999995,1.0,Pavimentado,Regular,0.0,No concesionado,Corredor Ayacucho - Quellouno - Quillabamba,1109.0,3447.8009999999995,1.0,Pavimentado,Regular,0.0,No concesionado,Corredor Ayacucho - Quellouno - Quillabamba,1109.0,081307,0.6467436323237573,79.23148267907465,67.52594538772321,10.132837841128774,1206.994437940653,3183.1370449678802,17779.13499998999,2097.3709999899993,2863.123,12818.640999999989,2878.713,14900.421999989987,16.19152450331032,4,2,0,2,0,21.0,14.0,28.0,1.0,0.0,0.0,1.0,2,0,0.0,0.0,0.0,1.0,1.0,0.0,1.0,0.0,0.0,1.0