CODIGO_SINIESTRO,FECHA SINIESTRO,HORA SINIESTRO,CLASE SINIESTRO,CANTIDAD DE FALLECIDOS,CANTIDAD DE LESIONADOS,CANTIDAD DE VEHICULOS DAÑADOS,DEPARTAMENTO,PROVINCIA,DISTRITO,ZONA,TIPO DE VÍA,RED VIAL,COD CARRETERA,COORDENADAS LATITUD,COORDENADAS  LONGITUD,CONDICIÓN CLIMÁTICA,ZONIFICACIÓN,CARACTERÍSTICAS DE VÍA,PERFIL LONGITUDINAL VÍA,SUPERFICIE DE CALZADA,¿EXISTE SEÑAL VERTICAL?,CLASIFICACIÓN DE LA SEÑAL VERTICAL Nº 1,CLASIFICACIÓN DE LA SEÑAL VERTICAL Nº 2,¿EXISTE SEÑAL HORIZONTAL?,CAUSA FACTOR PRINCIPAL,CAUSA ESPECÍFICA,MTC_RVN_LONGITUD_KM_x,MTC_RVN_N_CARRILES_MEDIANA_x,MTC_RVN_SUPERFICIE_DOMINANTE_x,MTC_RVN_ESTADO_DOMINANTE_x,MTC_RVN_ES_CONCESIONADA_x,MTC_RVN_CONCESION_PRINCIPAL_x,MTC_RVN_CORREDOR_LOGISTICO_x,MTC_RVN_N_TRAMOS_x,MTC_RVN_LONGITUD_KM_y,MTC_RVN_N_CARRILES_MEDIANA_y,MTC_RVN_SUPERFICIE_DOMINANTE_y,MTC_RVN_ESTADO_DOMINANTE_y,MTC_RVN_ES_CONCESIONADA_y,MTC_RVN_CONCESION_PRINCIPAL_y,MTC_RVN_CORREDOR_LOGISTICO_y,MTC_RVN_N_TRAMOS_y,MTC_RVN_LONGITUD_KM,MTC_RVN_N_CARRILES_MEDIANA,MTC_RVN_SUPERFICIE_DOMINANTE,MTC_RVN_ESTADO_DOMINANTE,MTC_RVN_ES_CONCESIONADA,MTC_RVN_CONCESION_PRINCIPAL,MTC_RVN_CORREDOR_LOGISTICO,MTC_RVN_N_TRAMOS,IDH_UBIGEO,IDH_2019,IDH_ESP_VIDA_2019,IDH_EDUC_SECUND_PCT_2019,IDH_ANIOS_EDUC_2019,IDH_INGRESO_PERCAP_2019,IDH_POBLACION_2019,MTC_DEP_RED_TOTAL_KM,MTC_DEP_NACIONAL_TOTAL_KM,MTC_DEP_DEPARTAMENTAL_TOTAL_KM,MTC_DEP_VECINAL_TOTAL_KM,MTC_DEP_PAV_TOTAL_KM,MTC_DEP_NO_PAV_TOTAL_KM,MTC_DEP_PCT_PAVIMENTADA,PER_TOTAL_PERSONAS,PER_N_CONDUCTORES,PER_N_CONDUCTORES_FUGADOS,PER_N_PEATONES,PER_N_PASAJEROS_OCUPANTES,PER_EDAD_COND_PROM,PER_EDAD_COND_MIN,PER_EDAD_COND_MAX,PER_ANY_COND_MASCULINO,PER_ANY_LIC_PROBLEMA,PER_ANY_DOSAJE_POS,PER_ANY_DOSAJE_EVALUADO,VEH_TOTAL,VEH_N_FUGADOS,VEH_ANY_FUGADO,VEH_ANY_CARGA,VEH_ANY_PUBLICO,VEH_ANY_PARTICULAR,VEH_ANY_MOTO,VEH_ANY_AUTO,VEH_ANY_CAMION_BUS,VEH_ANY_SOAT_PROBLEMA,VEH_ANY_CITV_PROBLEMA,VEH_ANY_SEGURO_PROBLEMA
A-2023-03-24,16/03/2023,14:00,CHOQUE,1,1,2,PUNO,PUNO,ACORA,RURAL,CARRETERA,PROVINCIAL,PU-1140,-15.9942195,-69.7620055,DESPEJADO,RURAL,TRAMO RECTO,PLANA,TROCHA,SIN_DATO,SIN_DATO,SIN_DATO,SIN_DATO,IMPRUDENCIA DEL CONDUCTOR,OTRO (IMPRUDENCIA DEL CONDUCTOR),,,,,,,,,,,,,,,,,,,,,,,,,210102,0.32470579951305034,73.24682709519536,76.81044161661171,6.507336567861034,242.9773157546694,24872.03426124197,13642.312999999998,2020.7790000000005,2354.117,9267.416999999998,3314.0520000000006,10328.260999999997,24.29244952817019,3,2,0,0,1,36.0,30.0,42.0,1.0,0.0,0.0,0.0,2,0,0.0,1.0,0.0,1.0,1.0,0.0,1.0,0.0,0.0,1.0
A-2023-03-31,16/03/2023,20:30,CHOQUE FUGA,1,2,1,LA LIBERTAD,TRUJILLO,LAREDO,RURAL,CARRETERA,NACIONAL,PE-10A,-8.096748,-78.933935,DESPEJADO,COMERCIAL,TRAMO RECTO,PLANA,ASFALTADA,SIN_DATO,SIN_DATO,SIN_DATO,SIN_DATO,EN PROCESO DE INVESTIGACIÓN,NO CUENTA CON CAUSA ESPECIFICA,610.6099999999999,2.0,Pavimentado,Bueno,1.0,Longitudinal de la Sierra - Tramo 2: Ciudad de Dios - Cajamarca - Chiple - Cajamarca - Trujillo - Dv. Chilete - Emp. PE-3N,Corredor Trujillo - Huamachuco - Cajamarca,100.0,610.6099999999999,2.0,Pavimentado,Bueno,1.0,Longitudinal de la Sierra - Tramo 2: Ciudad de Dios - Cajamarca - Chiple - Cajamarca - Trujillo - Dv. Chilete - Emp. PE-3N,Corredor Trujillo - Huamachuco - Cajamarca,100.0,610.6099999999999,2.0,Pavimentado,Bueno,1.0,Longitudinal de la Sierra - Tramo 2: Ciudad de Dios - Cajamarca - Chiple - Cajamarca - Trujillo - Dv. Chilete - Emp. PE-3N,Corredor Trujillo - Huamachuco - Cajamarca,100.0,130106,0.5929579484728337,80.24150924632623,64.75837382721711,8.51830466766158,1043.4182142665845,34739.39614561028,8931.828000000005,1335.5899999999997,1935.9830000000004,5660.255000000005,1219.309,7712.519000000005,13.651281686122923,4,2,1,0,2,21.0,21.0,21.0,1.0,0.0,0.0,0.0,2,1,1.0,0.0,1.0,0.0,1.0,0.0,0.0,0.0,0.0,1.0
A-2023-03-144,16/03/2023,22:30,VOLCADURA,1,0,1,LIMA,LIMA,SAN JUAN DE LURIGANCHO,URBANA,AVENIDA,URBANO,NO CORRESPONDE,-12.02998879,-77.02038547,DESPEJADO,COMERCIAL,TRAMO RECTO,PLANA,ASFALTADA,SIN_DATO,SIN_DATO,SIN_DATO,SIN_DATO,IMPRUDENCIA DEL CONDUCTOR,EXCESO DE VELOCIDAD,,,,,,,,,,,,,,,,,,,,,,,,,150132,0.701053025277506,79.62867561460851,73.1469484600971,10.064317505194426,1464.6926161541437,1150285.0494171206,7626.313,1683.4029999999998,1599.0829999999996,4343.827000000001,1814.875,5811.438000000001,23.797541485643194,1,1,0,0,0,29.0,29.0,29.0,1.0,0.0,0.0,0.0,1,0,0.0,0.0,0.0,1.0,1.0,0.0,0.0,0.0,1.0,0.0
A-2023-03-33,17/03/2023,05:30,CHOQUE,1,0,2,LA LIBERTAD,VIRU,VIRU,RURAL,CARRETERA,NACIONAL,PE-1N,-8.4535225,-78.7307148,DESPEJADO,RURAL,TRAMO RECTO,PLANA,ASFALTADA,SIN_DATO,SIN_DATO,SIN_DATO,SIN_DATO,EN PROCESO DE INVESTIGACIÓN,NO CUENTA CON CAUSA ESPECIFICA,6543.555,3.0,Pavimentado,Bueno,1.0,Autopista del Sol,Eje Estructurante Norte,1475.0,6543.555,3.0,Pavimentado,Bueno,1.0,Autopista del Sol,Eje Estructurante Norte,1475.0,6543.555,3.0,Pavimentado,Bueno,1.0,Autopista del Sol,Eje Estructurante Norte,1475.0,131201,0.5051395598219868,77.13285387085847,51.52067479184955,6.715328807318118,900.900383457586,67612.41755888652,8931.828000000005,1335.5899999999997,1935.9830000000004,5660.255000000005,1219.309,7712.519000000005,13.651281686122923,2,2,0,0,0,51.0,49.0,53.0,1.0,1.0,0.0,0.0,2,0,0.0,0.0,1.0,1.0,1.0,0.0,1.0,0.0,0.0,1.0
A-2023-03-90,17/03/2023,09:00,DESPISTE,1,1,1,ANCASH,SANTA,SAMANCO,RURAL,CARRETERA,NACIONAL,PE-1N,-9.309308,-78.404054,DESPEJADO,RURAL,TRAMO RECTO,INCLINADA,ASFALTADA,SIN_DATO,SIN_DATO,SIN_DATO,SIN_DATO,INFRAESTRUCTURA Y ENTORNO VIAL,ABANDONO DE OBJETOS EN LA VÍA,6543.555,3.0,Pavimentado,Bueno,1.0,Autopista del Sol,Eje Estructurante Norte,1475.0,6543.555,3.0,Pavimentado,Bueno,1.0,Autopista del Sol,Eje Estructurante Norte,1475.0,6543.555,3.0,Pavimentado,Bueno,1.0,Autopista del Sol,Eje Estructurante Norte,1475.0,021807,0.5575370467693914,78.64118956943892,57.24034570802082,7.631995537102537,1020.5426451773708,4692.985010706639,10767.648000000001,1885.0630000000003,1222.721,7659.864000000001,2100.343,8667.305000000002,19.506051832303577,3,1,0,0,2,38.0,38.0,38.0,1.0,0.0,0.0,1.0,1,0,0.0,1.0,0.0,0.0,0.0,0.0,1.0,0.0,0.0,0.0
A-2023-03-112,17/03/2023,09:50,CHOQUE,1,0,1,CALLAO,CALLAO,CALLAO,URBANA,CARRETERA,NACIONAL,PE-20,-12.0356703147664,-77.1275317486346,DESPEJADO,INDUSTRIAL,TRAMO RECTO,PLANA,ASFALTADA,SI,REGULADORA (R),SIN_DATO,SI,IMPRUDENCIA DEL CONDUCTOR,OTRO (IMPRUDENCIA DEL CONDUCTOR),139.23,-1.0,Pavimentado,Bueno,0.0,No concesionado,No corresponde,69.0,139.23,-1.0,Pavimentado,Bueno,0.0,No concesionado,No corresponde,69.0,139.23,-1.0,Pavimentado,Bueno,0.0,No concesionado,No corresponde,69.0,,,,,,,,51.58600000000001,44.68700000000001,6.899000000000001,0.0,49.838000000000015,1.748,96.61148373589734,2,2,0,0,0,41.5,33.0,50.0,1.0,1.0,0.0,0.0,2,0,0.0,1.0,0.0,1.0,1.0,0.0,1.0,0.0,0.0,0.0
A-2023-03-58,17/03/2023,14:30,DESPISTE,2,11,1,CUSCO,ESPINAR,COPORAQUE,RURAL,CARRETERA,NACIONAL,PE-3SG,-14.594712454714225,-71.69237393059306,NUBLADO,RURAL,CURVA,INCLINADA,ASFALTADA,SIN_DATO,SIN_DATO,SIN_DATO,SIN_DATO,EN PROCESO DE INVESTIGACIÓN,NO CUENTA CON CAUSA ESPECIFICA,1780.161,1.0,Asfaltado económico,Regular,0.0,No concesionado,No corresponde,490.0,1780.161,1.0,Asfaltado económico,Regular,0.0,No concesionado,No corresponde,490.0,1780.161,1.0,Asfaltado económico,Regular,0.0,No concesionado,No corresponde,490.0,080803,0.2895499003381874,68.53788948078248,75.55107873554218,4.362279816701996,258.3477698263705,14410.650963597433,17779.13499998999,2097.3709999899993,2863.123,12818.640999999989,2878.713,14900.421999989987,16.19152450331032,13,1,0,0,12,29.0,29.0,29.0,1.0,0.0,0.0,0.0,1,0,0.0,0.0,0.0,0.0,0.0,0.0,1.0,0.0,0.0,0.0
A-2023-03-145,17/03/2023,19:20,CHOQUE,1,1,1,LIMA,LIMA,COMAS,URBANA,AVENIDA,URBANO,NO CORRESPONDE,-11.913066255519231,-77.00300212566364,DESPEJADO,RESIDENCIAL,TRAMO RECTO,PLANA,ASFALTADA,SIN_DATO,SIN_DATO,SIN_DATO,SIN_DATO,EN PROCESO DE INVESTIGACIÓN,NO CUENTA CON CAUSA ESPECIFICA,,,,,,,,,,,,,,,,,,,,,,,,,150110,0.7218926988400113,80.0902077245261,77.9581888264889,10.971588327733102,1458.3206086290393,530000.3426124197,7626.313,1683.4029999999998,1599.0829999999996,4343.827000000001,1814.875,5811.438000000001,23.797541485643194,3,2,0,0,1,47.0,41.0,53.0,1.0,1.0,0.0,0.0,2,0,0.0,0.0,1.0,1.0,0.0,0.0,1.0,0.0,0.0,0.0
A-2023-03-54,18/03/2023,04:50,ATROPELLO FUGA,1,0,1,CUSCO,ESPINAR,ESPINAR,RURAL,CARRETERA,SIN CLASIFICAR,SIN CLASIFICAR,-14.8022643364473,-71.4415394127246,DESPEJADO,RURAL,TRAMO RECTO,PLANA,AFIRMADO,SIN_DATO,SIN_DATO,SIN_DATO,SIN_DATO,EN PROCESO DE INVESTIGACIÓN,NO CUENTA CON CAUSA ESPECIFICA,,,,,,,,,,,,,,,,,,,,,,,,,080801,0.553052655456334,69.21726434550523,74.04128761826507,8.709280027519238,977.6848841665503,33976.192719486084,17779.13499998999,2097.3709999899993,2863.123,12818.640999999989,2878.713,14900.421999989987,16.19152450331032,2,1,1,1,0,,,,0.0,0.0,0.0,0.0,1,1,1.0,0.0,0.0,0.0,0.0,0.0,0.0,0.0,0.0,1.0
A-2023-03-55,18/03/2023,08:00,VOLCADURA,1,0,1,CUSCO,QUISPICANCHI,OCONGATE,RURAL,CARRETERA,DEPARTAMENTAL,CU-116,-13.62378,-71.39203,DESPEJADO,RURAL,CURVA,PLANA,ASFALTADA,SI,PREVENTIVA (P),SIN_DATO,SI,IMPRUDENCIA DEL CONDUCTOR,EXCESO DE VELOCIDAD,,,,,,,,,,,,,,,,,,,,,,,,,081210,0.2701433460922377,67.03086854576458,59.596346222865,3.690268129191559,281.2948228692088,16118.588865096359,17779.13499998999,2097.3709999899993,2863.123,12818.640999999989,2878.713,14900.421999989987,16.19152450331032,1,1,0,0,0,34.0,34.0,34.0,1.0,1.0,0.0,0.0,1,0,0.0,0.0,0.0,1.0,1.0,0.0,0.0,1.0,0.0,1.0
A-2023-03-176,18/03/2023,10:30,ATROPELLO,1,0,1,JUNIN,TARMA,HUASAHUASI,RURAL,CARRETERA,PROVINCIAL,JU-567,-11.272255466706588,-75.65967675565224,SIN_DATO,SIN_DATO,SIN_DATO,SIN_DATO,SIN_DATO,SIN_DATO,SIN_DATO,SIN_DATO,SIN_DATO,EN PROCESO DE INVESTIGACIÓN,NO CUENTA CON CAUSA ESPECIFICA,,,,,,,,,,,,,,,,,,,,,,,,,120704,0.4094314403899762,74.63978889880055,46.46618001064272,5.324449305943795,637.1599522355274,11960.32976445396,12264.545,1826.4639999999995,1105.5389999999998,9332.542000000001,1588.5359999999996,10676.009,12.952261987705208,2,1,0,1,0,36.0,36.0,36.0,1.0,0.0,0.0,0.0,1,0,0.0,1.0,0.0,0.0,0.0,0.0,1.0,0.0,0.0,0.0
A-2023-03-164,18/03/2023,11:40,ATROPELLO,1,0,1,AYACUCHO,HUAMANGA,AYACUCHO,URBANA,CALLE,URBANO,NO CORRESPONDE,-13.157552473825,-74.2365129281001,DESPEJADO,RESIDENCIAL,TRAMO RECTO,INCLINADA,ASFALTADA,SIN_DATO,SIN_DATO,SIN_DATO,SIN_DATO,IMPRUDENCIA DEL CONDUCTOR,GIRAR IMPRUDENTEMENTE,,,,,,,,,,,,,,,,,,,,,,,,,050101,0.5506252633070053,69.90928763641818,75.08622643893038,10.154152605148221,862.2051674470921,104520.79871520343,12678.733000000004,1805.074000000001,1774.0339999999994,9099.625000000004,2485.375000000001,10193.358000000002,19.602707936195205,2,1,0,1,0,38.0,38.0,38.0,1.0,0.0,0.0,1.0,1,0,0.0,0.0,0.0,1.0,0.0,0.0,1.0,0.0,1.0,0.0
A-2023-03-40,18/03/2023,14:50,DESPISTE,1,1,1,CUSCO,ACOMAYO,ACOPIA,RURAL,CARRETERA,PROVINCIAL,CU-1639,-14.047174,-71.509228,DESPEJADO,RURAL,CURVA,INCLINADA,TROCHA,SIN_DATO,SIN_DATO,SIN_DATO,SIN_DATO,EN PROCESO DE INVESTIGACIÓN,NO CUENTA CON CAUSA ESPECIFICA,,,,,,,,,,,,,,,,,,,,,,,,,080202,0.2868848693968708,64.19224905142373,77.91210046083839,5.136072112735632,243.26434259941578,2123.259100642398,17779.13499998999,2097.3709999899993,2863.123,12818.640999999989,2878.713,14900.421999989987,16.19152450331032,2,1,0,0,1,33.0,33.0,33.0,1.0,0.0,0.0,0.0,1,0,0.0,1.0,0.0,0.0,0.0,0.0,1.0,0.0,0.0,0.0
A-2023-03-146,18/03/2023,16:30,CHOQUE,1,1,1,LIMA,LIMA,SAN JUAN DE LURIGANCHO,URBANA,AVENIDA,URBANO,NO CORRESPONDE,-11.97644482,-77.00207644,DESPEJADO,COMERCIAL,TRAMO RECTO,PLANA,ASFALTADA,SIN_DATO,SIN_DATO,SIN_DATO,SIN_DATO,IMPRUDENCIA DEL CONDUCTOR,VEHÍCULO MAL ESTACIONADO,,,,,,,,,,,,,,,,,,,,,,,,,150132,0.701053025277506,79.62867561460851,73.1469484600971,10.064317505194426,1464.6926161541437,1150285.0494171206,7626.313,1683.4029999999998,1599.0829999999996,4343.827000000001,1814.875,5811.438000000001,23.797541485643194,3,2,0,0,1,48.5,46.0,51.0,1.0,1.0,0.0,0.0,2,0,0.0,0.0,1.0,1.0,1.0,0.0,1.0,0.0,1.0,1.0
A-2023-03-174,18/03/2023,19:50,CHOQUE,1,2,2,LIMA,BARRANCA,SUPE,RURAL,CARRETERA,DEPARTAMENTAL,LM-100,-10.816028,-77.704268,DESPEJADO,RURAL,TRAMO RECTO,PLANA,ASFALTADA,SIN_DATO,SIN_DATO,SIN_DATO,SIN_DATO,IMPRUDENCIA DEL CONDUCTOR,OTRO (IMPRUDENCIA DEL CONDUCTOR),,,,,,,,,,,,,,,,,,,,,,,,,150204,0.6308271130775358,79.95164649343668,65.83291929627318,8.147513189673957,1280.4873677124128,24646.92291220557,7626.313,1683.4029999999998,1599.0829999999996,4343.827000000001,1814.875,5811.438000000001,23.797541485643194,4,2,0,2,0,54.5,42.0,67.0,1.0,0.0,0.0,1.0,2,0,0.0,0.0,0.0,1.0,1.0,1.0,0.0,0.0,0.0,1.0
A-2023-03-175,18/03/2023,21:00,ATROPELLO,1,0,1,JUNIN,SATIPO,PANGOA,URBANA,CARRETERA,NACIONAL,PE-28C,-11.341346571971489,-74.5264837042514,SIN_DATO,SIN_DATO,SIN_DATO,SIN_DATO,SIN_DATO,SIN_DATO,SIN_DATO,SIN_DATO,SIN_DATO,EN PROCESO DE INVESTIGACIÓN,NO CUENTA CON CAUSA ESPECIFICA,1337.175,1.0,Asfaltado económico,Regular,0.0,No concesionado,No corresponde,315.0,1337.175,1.0,Asfaltado económico,Regular,0.0,No concesionado,No corresponde,315.0,1337.175,1.0,Asfaltado económico,Regular,0.0,No concesionado,No corresponde,315.0,120606,0.35708173321800485,73.74932476832508,43.805659202757695,6.484925788605561,398.35419274612934,66993.35796966725,12264.545,1826.4639999999995,1105.5389999999998,9332.542000000001,1588.5359999999996,10676.009,12.952261987705208,2,1,0,1,0,21.0,21.0,21.0,1.0,1.0,0.0,0.0,1,0,0.0,0.0,1.0,0.0,1.0,0.0,0.0,1.0,1.0,1.0
A-2023-03-177,19/03/2023,05:40,CHOQUE,1,1,1,PASCO,OXAPAMPA,CHONTABAMBA,URBANA,CARRETERA,PROVINCIAL,PA-630,-10.576077292457027,-75.40983442182457,SIN_DATO,SIN_DATO,SIN_DATO,SIN_DATO,SIN_DATO,SIN_DATO,SIN_DATO,SIN_DATO,SIN_DATO,EN PROCESO DE INVESTIGACIÓN,NO CUENTA CON CAUSA ESPECIFICA,,,,,,,,,,,,,,,,,,,,,,,,,190302,0.5038558689779855,72.28759641582717,58.38605929971305,7.432951909265061,866.3070575681263,4552.528907922912,3677.1198630000004,564.5869999999999,910.845,2201.6878630000006,590.8779999999998,3086.2418630000006,16.06904376290656,2,2,0,0,0,34.5,31.0,38.0,1.0,1.0,0.0,0.0,2,0,0.0,0.0,0.0,1.0,1.0,0.0,0.0,1.0,1.0,1.0
A-2023-03-147,19/03/2023,05:55,ATROPELLO FUGA,1,0,1,LIMA,LIMA,PUENTE PIEDRA,URBANA,CARRETERA,NACIONAL,PE-1N,-11.872306,-77.069443,DESPEJADO,COMERCIAL,TRAMO RECTO,PLANA,ASFALTADA,SIN_DATO,SIN_DATO,SIN_DATO,SIN_DATO,EN PROCESO DE INVESTIGACIÓN,NO CUENTA CON CAUSA ESPECIFICA,6543.555,3.0,Pavimentado,Bueno,1.0,Autopista del Sol,Eje Estructurante Norte,1475.0,6543.555,3.0,Pavimentado,Bueno,1.0,Autopista del Sol,Eje Estructurante Norte,1475.0,6543.555,3.0,Pavimentado,Bueno,1.0,Autopista del Sol,Eje Estructurante Norte,1475.0,150125,0.6632628912836565,79.15155564666024,73.19223743118206,9.629669813837666,1289.452647666346,383699.2119914347,7626.313,1683.4029999999998,1599.0829999999996,4343.827000000001,1814.875,5811.438000000001,23.797541485643194,2,1,1,1,0,,,,0.0,0.0,0.0,0.0,1,1,1.0,0.0,0.0,0.0,0.0,0.0,0.0,0.0,0.0,1.0
A-2023-03-150,19/03/2023,06:25,DESPISTE,1,0,1,LIMA,LIMA,PUENTE PIEDRA,URBANA,CARRETERA,NACIONAL,PE-1N,-11.894874,-77.068026,DESPEJADO,COMERCIAL,TRAMO RECTO,PLANA,ASFALTADA,SIN_DATO,SIN_DATO,SIN_DATO,SIN_DATO,IMPRUDENCIA DEL CONDUCTOR,OTRO (IMPRUDENCIA DEL CONDUCTOR),6543.555,3.0,Pavimentado,Bueno,1.0,Autopista del Sol,Eje Estructurante Norte,1475.0,6543.555,3.0,Pavimentado,Bueno,1.0,Autopista del Sol,Eje Estructurante Norte,1475.0,6543.555,3.0,Pavimentado,Bueno,1.0,Autopista del Sol,Eje Estructurante Norte,1475.0,150125,0.6632628912836565,79.15155564666024,73.19223743118206,9.629669813837666,1289.452647666346,383699.2119914347,7626.313,1683.4029999999998,1599.0829999999996,4343.827000000001,1814.875,5811.438000000001,23.797541485643194,1,1,0,0,0,24.0,24.0,24.0,1.0,1.0,0.0,0.0,1,0,0.0,0.0,0.0,1.0,1.0,0.0,0.0,0.0,0.0,0.0
A-2023-03-148,19/03/2023,06:50,ATROPELLO,1,0,1,LIMA,LIMA,VILLA EL SALVADOR,URBANA,AVENIDA,URBANO,NO CORRESPONDE,-12.23215271,-76.92550453,DESPEJADO,RESIDENCIAL,TRAMO RECTO,PLANA,ASFALTADA,SIN_DATO,SIN_DATO,SIN_DATO,SIN_DATO,IMPRUDENCIA DEL PEATÓN,ESTADO DE EBRIEDAD Y/O DROGADICCIÓN,,,,,,,,,,,,,,,,,,,,,,,,,150142,0.6990481232857558,80.14597904142546,74.3851677794309,10.004397644056358,1432.5044292531525,459161.0728051392,7626.313,1683.4029999999998,1599.0829999999996,4343.827000000001,1814.875,5811.438000000001,23.797541485643194,2,1,0,1,0,34.0,34.0,34.0,1.0,0.0,0.0,0.0,1,0,0.0,0.0,0.0,1.0,0.0,1.0,0.0,0.0,0.0,0.0
A-2023-03-149,19/03/2023,10:15,CHOQUE,1,0,1,LIMA,LIMA,SAN BORJA,URBANA,AVENIDA,URBANO,NO CORRESPONDE,-12.103769417849724,-77.00134451399319,DESPEJADO,COMERCIAL,TRAMO RECTO,PLANA,ASFALTADA,SIN_DATO,SIN_DATO,SIN_DATO,SIN_DATO,NEGLIGENCIA DEL CONDUCTOR,OTRO (NEGLIGENCIA DEL CONDUCTOR),,,,,,,,,,,,,,,,,,,,,,,,,150130,0.8236163632543221,80.64134543571234,78.76297514209003,13.635913030045838,1867.8532062234744,106584.52890792291,7626.313,1683.4029999999998,1599.0829999999996,4343.827000000001,1814.875,5811.438000000001,23.797541485643194,2,2,0,0,0,39.5,30.0,49.0,1.0,0.0,0.0,0.0,2,0,0.0,0.0,0.0,1.0,1.0,1.0,0.0,0.0,1.0,0.0
A-2023-03-104,19/03/2023,10:50,DESPISTE,1,0,1,APURIMAC,ABANCAY,ABANCAY,RURAL,CARRETERA,NACIONAL,PE-3S,-13.648404652881789,-72.91160080326752,SIN_DATO,SIN_DATO,SIN_DATO,SIN_DATO,SIN_DATO,SIN_DATO,SIN_DATO,SIN_DATO,SIN_DATO,EN PROCESO DE INVESTIGACIÓN,NO CUENTA CON CAUSA ESPECIFICA,7586.903,2.0,Pavimentado,Bueno,1.0,No concesionado,CO 10: Abancay - Ayacucho- Huancayo- La Oroya,1198.0,7586.903,2.0,Pavimentado,Bueno,1.0,No concesionado,CO 10: Abancay - Ayacucho- Huancayo- La Oroya,1198.0,7586.903,2.0,Pavimentado,Bueno,1.0,No concesionado,CO 10: Abancay - Ayacucho- Huancayo- La Oroya,1198.0,030101,0.6003753883715995,73.99932572301547,78.86545032062752,10.589095367520342,969.9220485372762,57983.6573875803,8358.971,1282.451,1298.0969999999998,5778.423,1432.683,6926.288,17.139466089785454,1,1,0,0,0,22.0,22.0,22.0,1.0,0.0,0.0,0.0,1,0,0.0,0.0,0.0,0.0,1.0,0.0,0.0,0.0,0.0,0.0
A-2023-03-34,19/03/2023,19:00,CHOQUE FUGA,1,0,1,LA LIBERTAD,PACASMAYO,GUADALUPE,RURAL,CARRETERA,NACIONAL,PE-08,-7.3015006,-79.40920413,DESPEJADO,RURAL,TRAMO RECTO,PLANA,ASFALTADA,SIN_DATO,SIN_DATO,SIN_DATO,SIN_DATO,IMPRUDENCIA DEL CONDUCTOR,EXCESO DE VELOCIDAD,887.28,2.0,Pavimentado,Bueno,1.0,Longitudinal de la Sierra - Tramo 2: Ciudad de Dios - Cajamarca - Chiple - Cajamarca - Trujillo - Dv. Chilete - Emp. PE-3N,Corredor Ciudad de Dios - Cajamarca - Chachapoyas,155.0,887.28,2.0,Pavimentado,Bueno,1.0,Longitudinal de la Sierra - Tramo 2: Ciudad de Dios - Cajamarca - Chiple - Cajamarca - Trujillo - Dv. Chilete - Emp. PE-3N,Corredor Ciudad de Dios - Cajamarca - Chachapoyas,155.0,887.28,2.0,Pavimentado,Bueno,1.0,Longitudinal de la Sierra - Tramo 2: Ciudad de Dios - Cajamarca - Chiple - Cajamarca - Trujillo - Dv. Chilete - Emp. PE-3N,Corredor Ciudad de Dios - Cajamarca - Chachapoyas,155.0,130702,0.5650979329787121,81.32490571897102,68.6769211482833,7.868096912305706,909.6843705053026,43897.946466809415,8931.828000000005,1335.5899999999997,1935.9830000000004,5660.255000000005,1219.309,7712.519000000005,13.651281686122923,2,2,1,0,0,30.0,30.0,30.0,1.0,0.0,0.0,0.0,2,1,1.0,0.0,0.0,1.0,0.0,0.0,0.0,0.0,0.0,1.0
A-2023-03-85,19/03/2023,20:00,CHOQUE,1,0,2,ICA,PISCO,TUPAC AMARU INCA,URBANA,CARRETERA,NACIONAL,PE-1S,-13.710448864541,-76.1526324164968,VENTARRÓN,RURAL,TRAMO RECTO,PLANA,ASFALTADA,SIN_DATO,SIN_DATO,SIN_DATO,SIN_DATO,EN PROCESO DE INVESTIGACIÓN,NO CUENTA CON CAUSA ESPECIFICA,6639.975,2.0,Pavimentado,Bueno,1.0,No concesionado,Eje Estructurante Sur,1616.0,6639.975,2.0,Pavimentado,Bueno,1.0,No concesionado,Eje Estructurante Sur,1616.0,6639.975,2.0,Pavimentado,Bueno,1.0,No concesionado,Eje Estructurante Sur,1616.0,110508,0.5696694820585885,76.2909275323045,69.48567446797,9.676838165172294,893.651744105921,19052.702355460384,3721.461,698.1859999999996,744.866,2278.409,1102.9029999999996,2618.558,29.636290693359403,2,2,0,0,0,46.0,46.0,46.0,1.0,0.0,0.0,1.0,2,0,0.0,1.0,0.0,1.0,1.0,0.0,1.0,0.0,1.0,1.0
A-2023-03-39,19/03/2023,22:30,DESPISTE,1,1,1,AREQUIPA,AREQUIPA,LA JOYA,RURAL,CARRETERA,DEPARTAMENTAL,AR-115,-16.5328184,-71.7370535,DESPEJADO,RURAL,TRAMO RECTO,PLANA,ASFALTADA,NO,SIN_DATO,SIN_DATO,SI,EN PROCESO DE INVESTIGACIÓN,NO CUENTA CON CAUSA ESPECIFICA,,,,,,,,,,,,,,,,,,,,,,,,,040108,0.6105481451420971,78.10653088113892,68.35418098658066,8.411557426919764,1158.5430895193692,35025.678800856535,10322.272,1495.2359999999999,1749.739,7077.2970000000005,2886.595,7435.677000000001,27.964725207783708,2,1,0,0,1,23.0,23.0,23.0,0.0,1.0,0.0,0.0,1,0,0.0,0.0,0.0,1.0,0.0,0.0,1.0,0.0,0.0,0.0