CODIGO_SINIESTRO,FECHA SINIESTRO,HORA SINIESTRO,CLASE SINIESTRO,CANTIDAD DE FALLECIDOS,CANTIDAD DE LESIONADOS,CANTIDAD DE VEHICULOS DAÑADOS,DEPARTAMENTO,PROVINCIA,DISTRITO,ZONA,TIPO DE VÍA,RED VIAL,COD CARRETERA,COORDENADAS LATITUD,COORDENADAS  LONGITUD,CONDICIÓN CLIMÁTICA,ZONIFICACIÓN,CARACTERÍSTICAS DE VÍA,PERFIL LONGITUDINAL VÍA,SUPERFICIE DE CALZADA,¿EXISTE SEÑAL VERTICAL?,CLASIFICACIÓN DE LA SEÑAL VERTICAL Nº 1,CLASIFICACIÓN DE LA SEÑAL VERTICAL Nº 2,¿EXISTE SEÑAL HORIZONTAL?,CAUSA FACTOR PRINCIPAL,CAUSA ESPECÍFICA,MTC_RVN_LONGITUD_KM_x,MTC_RVN_N_CARRILES_MEDIANA_x,MTC_RVN_SUPERFICIE_DOMINANTE_x,MTC_RVN_ESTADO_DOMINANTE_x,MTC_RVN_ES_CONCESIONADA_x,MTC_RVN_CONCESION_PRINCIPAL_x,MTC_RVN_CORREDOR_LOGISTICO_x,MTC_RVN_N_TRAMOS_x,MTC_RVN_LONGITUD_KM_y,MTC_RVN_N_CARRILES_MEDIANA_y,MTC_RVN_SUPERFICIE_DOMINANTE_y,MTC_RVN_ESTADO_DOMINANTE_y,MTC_RVN_ES_CONCESIONADA_y,MTC_RVN_CONCESION_PRINCIPAL_y,MTC_RVN_CORREDOR_LOGISTICO_y,MTC_RVN_N_TRAMOS_y,MTC_RVN_LONGITUD_KM,MTC_RVN_N_CARRILES_MEDIANA,MTC_RVN_SUPERFICIE_DOMINANTE,MTC_RVN_ESTADO_DOMINANTE,MTC_RVN_ES_CONCESIONADA,MTC_RVN_CONCESION_PRINCIPAL,MTC_RVN_CORREDOR_LOGISTICO,MTC_RVN_N_TRAMOS,IDH_UBIGEO,IDH_2019,IDH_ESP_VIDA_2019,IDH_EDUC_SECUND_PCT_2019,IDH_ANIOS_EDUC_2019,IDH_INGRESO_PERCAP_2019,IDH_POBLACION_2019,MTC_DEP_RED_TOTAL_KM,MTC_DEP_NACIONAL_TOTAL_KM,MTC_DEP_DEPARTAMENTAL_TOTAL_KM,MTC_DEP_VECINAL_TOTAL_KM,MTC_DEP_PAV_TOTAL_KM,MTC_DEP_NO_PAV_TOTAL_KM,MTC_DEP_PCT_PAVIMENTADA,PER_TOTAL_PERSONAS,PER_N_CONDUCTORES,PER_N_CONDUCTORES_FUGADOS,PER_N_PEATONES,PER_N_PASAJEROS_OCUPANTES,PER_EDAD_COND_PROM,PER_EDAD_COND_MIN,PER_EDAD_COND_MAX,PER_ANY_COND_MASCULINO,PER_ANY_LIC_PROBLEMA,PER_ANY_DOSAJE_POS,PER_ANY_DOSAJE_EVALUADO,VEH_TOTAL,VEH_N_FUGADOS,VEH_ANY_FUGADO,VEH_ANY_CARGA,VEH_ANY_PUBLICO,VEH_ANY_PARTICULAR,VEH_ANY_MOTO,VEH_ANY_AUTO,VEH_ANY_CAMION_BUS,VEH_ANY_SOAT_PROBLEMA,VEH_ANY_CITV_PROBLEMA,VEH_ANY_SEGURO_PROBLEMA
A-2023-05-62,09/05/2023,05:30,ATROPELLO,2,0,1,LA LIBERTAD,PACASMAYO,JEQUETEPEQUE,RURAL,CARRETERA,NACIONAL,PE-1N,-7.3661421,-79.5300156,DESPEJADO,RURAL,TRAMO RECTO,PLANA,ASFALTADA,SIN_DATO,SIN_DATO,SIN_DATO,SIN_DATO,EN PROCESO DE INVESTIGACIÓN,NO CUENTA CON CAUSA ESPECIFICA,6543.555,3.0,Pavimentado,Bueno,1.0,Autopista del Sol,Eje Estructurante Norte,1475.0,6543.555,3.0,Pavimentado,Bueno,1.0,Autopista del Sol,Eje Estructurante Norte,1475.0,6543.555,3.0,Pavimentado,Bueno,1.0,Autopista del Sol,Eje Estructurante Norte,1475.0,130703,0.5536071806269429,80.66289122606678,53.80834710479373,7.403597509184111,1013.3481693819356,4003.1884368308347,8931.828000000005,1335.5899999999997,1935.9830000000004,5660.255000000005,1219.309,7712.519000000005,13.651281686122923,2,1,0,1,0,34.0,34.0,34.0,1.0,0.0,0.0,0.0,1,0,0.0,0.0,0.0,1.0,1.0,0.0,0.0,1.0,0.0,1.0
A-2023-05-102,09/05/2023,11:30,DESPISTE,1,0,1,AMAZONAS,BONGARA,VALERA,RURAL,CARRETERA,PROVINCIAL,AM-637,-6.05205,-77.9178956,DESPEJADO,RURAL,CURVA,INCLINADA,ASFALTADA,SIN_DATO,SIN_DATO,SIN_DATO,SIN_DATO,EN PROCESO DE INVESTIGACIÓN,NO CUENTA CON CAUSA ESPECIFICA,,,,,,,,,,,,,,,,,,,,,,,,,010311,0.4006351129437397,67.0781137887025,46.30012973749231,5.000963660608194,734.6351739124079,980.0535331905782,3903.7320000000004,1155.121,585.018,2163.5930000000003,943.591,2960.1410000000005,24.17151074920102,2,1,0,0,1,31.0,31.0,31.0,1.0,0.0,0.0,1.0,1,0,0.0,1.0,0.0,0.0,0.0,0.0,1.0,0.0,1.0,0.0
A-2023-05-144,09/05/2023,15:30,CHOQUE,2,4,1,JUNIN,JUNIN,CARHUAMAYO,RURAL,CARRETERA,NACIONAL,PE-3N,-10.91089928075512,-76.06661079155415,NUBLADO,RURAL,TRAMO RECTO,PLANA,ASFALTADA,SI,PREVENTIVA (P),SIN_DATO,SI,IMPRUDENCIA DEL CONDUCTOR,ADELANTAR INDEBIDAMENTE,9936.932,2.0,Pavimentado,Bueno,1.0,No concesionado,No corresponde,3830.0,9936.932,2.0,Pavimentado,Bueno,1.0,No concesionado,No corresponde,3830.0,9936.932,2.0,Pavimentado,Bueno,1.0,No concesionado,No corresponde,3830.0,120502,0.4515021227868664,71.4196998727447,62.336219650226376,7.581270728582125,617.1133018029116,6161.010706638115,12264.545,1826.4639999999995,1105.5389999999998,9332.542000000001,1588.5359999999996,10676.009,12.952261987705208,6,2,0,0,4,73.0,68.0,78.0,1.0,0.0,0.0,1.0,2,0,0.0,0.0,0.0,1.0,0.0,1.0,0.0,0.0,1.0,0.0
A-2023-05-45,10/05/2023,11:15,ESPECIAL,1,2,1,CUSCO,ANTA,HUAROCONDO,RURAL,CARRETERA,DEPARTAMENTAL,CU-110,-13.3700266,-72.2351484,DESPEJADO,RURAL,CURVA,PLANA,TROCHA,SIN_DATO,SIN_DATO,SIN_DATO,SIN_DATO,INFRAESTRUCTURA Y ENTORNO VIAL,OTRO (INFRAESTRUCTURA Y ENTORNO VIAL),,,,,,,,,,,,,,,,,,,,,,,,,080305,0.3348371658521636,78.42846227006076,53.51947276655214,5.306039402438105,320.87510272046393,4926.6017130620985,17779.13499998999,2097.3709999899993,2863.123,12818.640999999989,2878.713,14900.421999989987,16.19152450331032,3,1,0,0,2,31.0,31.0,31.0,1.0,1.0,0.0,0.0,1,0,0.0,0.0,0.0,1.0,1.0,0.0,0.0,1.0,0.0,1.0
A-2023-05-135,10/05/2023,13:50,ATROPELLO FUGA,1,0,1,LIMA,LIMA,VILLA EL SALVADOR,RURAL,CARRETERA,NACIONAL,PE-1S,-12.24054167,-76.9477022,DESPEJADO,INDUSTRIAL,TRAMO RECTO,PLANA,ASFALTADA,SIN_DATO,SIN_DATO,SIN_DATO,SIN_DATO,EN PROCESO DE INVESTIGACIÓN,NO CUENTA CON CAUSA ESPECIFICA,6639.975,2.0,Pavimentado,Bueno,1.0,No concesionado,Eje Estructurante Sur,1616.0,6639.975,2.0,Pavimentado,Bueno,1.0,No concesionado,Eje Estructurante Sur,1616.0,6639.975,2.0,Pavimentado,Bueno,1.0,No concesionado,Eje Estructurante Sur,1616.0,150142,0.6990481232857558,80.14597904142546,74.3851677794309,10.004397644056358,1432.5044292531525,459161.0728051392,7626.313,1683.4029999999998,1599.0829999999996,4343.827000000001,1814.875,5811.438000000001,23.797541485643194,2,1,1,1,0,,,,0.0,0.0,0.0,0.0,1,1,1.0,0.0,0.0,0.0,0.0,0.0,0.0,0.0,0.0,1.0
A-2023-05-36,10/05/2023,14:30,DESPISTE,2,4,1,APURIMAC,ANDAHUAYLAS,TALAVERA,RURAL,CARRETERA,DEPARTAMENTAL,AP-102,-13.589089,-73.46085,SOLEADO,RURAL,TRAMO RECTO,INCLINADA,CASCAJO/RIPIO,SIN_DATO,SIN_DATO,SIN_DATO,SIN_DATO,IMPRUDENCIA DEL CONDUCTOR,EXCESO DE VELOCIDAD,,,,,,,,,,,,,,,,,,,,,,,,,030216,0.47931254275460045,75.37161635090715,71.73219271520676,7.118816891231773,658.761072373094,17232.488222698074,8358.971,1282.451,1298.0969999999998,5778.423,1432.683,6926.288,17.139466089785454,6,1,0,0,5,47.0,47.0,47.0,1.0,0.0,0.0,0.0,1,0,0.0,0.0,0.0,1.0,0.0,1.0,0.0,0.0,0.0,0.0
A-2023-05-63,10/05/2023,20:00,ATROPELLO,1,0,1,LA LIBERTAD,VIRU,CHAO,RURAL,CARRETERA,NACIONAL,PE-1N,-8.688299568046988,-78.63463067085851,DESPEJADO,RURAL,TRAMO RECTO,PLANA,ASFALTADA,SIN_DATO,SIN_DATO,SIN_DATO,SIN_DATO,EN PROCESO DE INVESTIGACIÓN,NO CUENTA CON CAUSA ESPECIFICA,6543.555,3.0,Pavimentado,Bueno,1.0,Autopista del Sol,Eje Estructurante Norte,1475.0,6543.555,3.0,Pavimentado,Bueno,1.0,Autopista del Sol,Eje Estructurante Norte,1475.0,6543.555,3.0,Pavimentado,Bueno,1.0,Autopista del Sol,Eje Estructurante Norte,1475.0,131202,0.49715046065476454,77.79759708660042,46.44666297237219,6.322206801902116,929.9716106661404,44368.59100642397,8931.828000000005,1335.5899999999997,1935.9830000000004,5660.255000000005,1219.309,7712.519000000005,13.651281686122923,2,1,0,1,0,51.0,51.0,51.0,1.0,0.0,0.0,0.0,1,0,0.0,0.0,1.0,0.0,0.0,0.0,1.0,0.0,0.0,0.0
A-2023-05-13,10/05/2023,22:00,DESPISTE,1,2,1,ANCASH,CARHUAZ,CARHUAZ,RURAL,CARRETERA,NACIONAL,PE-3N,-9.283060554239968,-77.64921018219094,DESPEJADO,RURAL,CURVA,INCLINADA,TROCHA,SIN_DATO,SIN_DATO,SIN_DATO,SIN_DATO,EN PROCESO DE INVESTIGACIÓN,NO CUENTA CON CAUSA ESPECIFICA,9936.932,2.0,Pavimentado,Bueno,1.0,No concesionado,No corresponde,3830.0,9936.932,2.0,Pavimentado,Bueno,1.0,No concesionado,No corresponde,3830.0,9936.932,2.0,Pavimentado,Bueno,1.0,No concesionado,No corresponde,3830.0,020601,0.44179787856548075,76.31392662811923,65.39926158086051,5.973553738239588,601.902730052373,15832.591006423983,10767.648000000001,1885.0630000000003,1222.721,7659.864000000001,2100.343,8667.305000000002,19.506051832303577,4,1,0,0,3,31.0,31.0,31.0,1.0,1.0,0.0,0.0,1,0,0.0,0.0,0.0,1.0,0.0,1.0,0.0,0.0,0.0,0.0
A-2023-05-7,11/05/2023,02:30,DESPISTE,1,0,1,ICA,PALPA,LLIPATA,RURAL,CARRETERA,NACIONAL,PE-1S,-14.5581442,-75.2023289,DESPEJADO,RURAL,TRAMO RECTO,PLANA,ASFALTADA,SIN_DATO,SIN_DATO,SIN_DATO,SIN_DATO,IMPRUDENCIA DEL CONDUCTOR,EXCESO DE VELOCIDAD,6639.975,2.0,Pavimentado,Bueno,1.0,No concesionado,Eje Estructurante Sur,1616.0,6639.975,2.0,Pavimentado,Bueno,1.0,No concesionado,Eje Estructurante Sur,1616.0,6639.975,2.0,Pavimentado,Bueno,1.0,No concesionado,Eje Estructurante Sur,1616.0,110402,0.5979174613339426,80.76049717343994,85.82161722096541,8.785420243552947,907.5991833927089,1316.4689507494647,3721.461,698.1859999999996,744.866,2278.409,1102.9029999999996,2618.558,29.636290693359403,1,1,0,0,0,36.0,36.0,36.0,1.0,0.0,0.0,0.0,1,0,0.0,0.0,0.0,1.0,1.0,0.0,0.0,1.0,1.0,1.0
A-2023-05-134,11/05/2023,12:30,CHOQUE,1,0,1,LIMA,LIMA,LURIGANCHO,URBANA,AVENIDA,URBANO,NO CORRESPONDE,-11.9985816,-76.92668958,DESPEJADO,RESIDENCIAL,INTERSECCIÓN,PLANA,ASFALTADA,SIN_DATO,SIN_DATO,SIN_DATO,SIN_DATO,IMPRUDENCIA DEL CONDUCTOR,OTRO (IMPRUDENCIA DEL CONDUCTOR),,,,,,,,,,,,,,,,,,,,,,,,,150118,0.6831952456039544,78.60873873772867,74.49000793376607,10.00420210847705,1376.0472418044385,255143.7301927195,7626.313,1683.4029999999998,1599.0829999999996,4343.827000000001,1814.875,5811.438000000001,23.797541485643194,2,2,0,0,0,42.0,32.0,52.0,1.0,1.0,0.0,0.0,2,0,0.0,1.0,0.0,1.0,1.0,0.0,1.0,0.0,1.0,1.0
A-2023-05-133,11/05/2023,18:50,DESPISTE,1,0,1,LIMA,LIMA,VILLA MARIA DEL TRIUNFO,URBANA,JIRÓN,URBANO,NO CORRESPONDE,-12.1840592,-76.93914062,DESPEJADO,RESIDENCIAL,TRAMO RECTO,INCLINADA,ASFALTADA,SIN_DATO,SIN_DATO,SIN_DATO,SIN_DATO,EN PROCESO DE INVESTIGACIÓN,NO CUENTA CON CAUSA ESPECIFICA,,,,,,,,,,,,,,,,,,,,,,,,,150143,0.689811994580126,79.88015655965044,73.89553442371854,9.755251380104111,1409.8432274455126,452660.36402569595,7626.313,1683.4029999999998,1599.0829999999996,4343.827000000001,1814.875,5811.438000000001,23.797541485643194,1,1,0,0,0,30.0,30.0,30.0,1.0,1.0,0.0,0.0,1,0,0.0,0.0,0.0,1.0,0.0,0.0,0.0,0.0,0.0,1.0
A-2023-05-161,11/05/2023,19:07,CHOQUE,1,0,2,CAJAMARCA,CAJAMARCA,LOS BAÑOS DEL INCA,RURAL,CARRETERA,NACIONAL,PE-08B,-7.141737,-78.390571,DESPEJADO,INDUSTRIAL,TRAMO RECTO,PLANA,ASFALTADA,NO,SIN_DATO,SIN_DATO,SI,IMPRUDENCIA DEL CONDUCTOR,OTRO (IMPRUDENCIA DEL CONDUCTOR),2760.8550000000005,1.0,Asfaltado económico,Regular,0.0,No concesionado,No corresponde,1208.0,2760.8550000000005,1.0,Asfaltado económico,Regular,0.0,No concesionado,No corresponde,1208.0,2760.8550000000005,1.0,Asfaltado económico,Regular,0.0,No concesionado,No corresponde,1208.0,060108,0.4873182795359782,74.24096566709692,64.6877883123536,6.6248391576573376,776.4319899416191,48280.91862955032,15935.565011852366,1733.9250000199986,935.692,13265.948011832368,2000.1670000199988,13935.398011832369,12.551591352627522,2,2,0,0,0,53.0,47.0,59.0,1.0,1.0,0.0,1.0,2,0,0.0,0.0,0.0,1.0,1.0,1.0,0.0,0.0,1.0,0.0
A-2023-05-6,12/05/2023,01:00,CHOQUE,1,0,1,ICA,ICA,LOS AQUIJES,URBANA,CARRETERA,NACIONAL,PE-1S,-14.093277,-75.7173961,DESPEJADO,INDUSTRIAL,TRAMO RECTO,PLANA,ASFALTADA,SIN_DATO,SIN_DATO,SIN_DATO,SIN_DATO,NEGLIGENCIA DEL CONDUCTOR,OTRO (NEGLIGENCIA DEL CONDUCTOR),6639.975,2.0,Pavimentado,Bueno,1.0,No concesionado,Eje Estructurante Sur,1616.0,6639.975,2.0,Pavimentado,Bueno,1.0,No concesionado,Eje Estructurante Sur,1616.0,6639.975,2.0,Pavimentado,Bueno,1.0,No concesionado,Eje Estructurante Sur,1616.0,110103,0.6321366370204364,78.1199401919606,75.66178721857658,9.921443363677442,1104.135489339046,22115.385438972164,3721.461,698.1859999999996,744.866,2278.409,1102.9029999999996,2618.558,29.636290693359403,2,2,1,0,0,30.0,30.0,30.0,1.0,0.0,0.0,0.0,2,1,1.0,0.0,0.0,1.0,0.0,0.0,0.0,0.0,0.0,1.0
A-2023-05-95,12/05/2023,04:00,CHOQUE,1,2,2,PIURA,PIURA,PIURA,URBANA,AVENIDA,URBANO,NO CORRESPONDE,-5.18244,-80.6359916,DESPEJADO,COMERCIAL,INTERSECCIÓN,PLANA,ASFALTADA,SIN_DATO,SIN_DATO,SIN_DATO,SIN_DATO,IMPRUDENCIA DEL CONDUCTOR,EXCESO DE VELOCIDAD,,,,,,,,,,,,,,,,,,,,,,,,,200101,0.6582040223794163,78.74105515718446,77.3206684883171,11.334167841567446,1124.1772372535681,178905.3426124197,8965.846000060003,1782.4120000599992,636.9959999999999,6546.438000000004,2214.505000059999,6751.341000000004,24.699342371541725,4,2,0,0,2,23.0,18.0,28.0,1.0,1.0,0.0,1.0,2,0,0.0,0.0,1.0,0.0,1.0,0.0,0.0,1.0,1.0,1.0
A-2023-05-76,12/05/2023,07:30,DESPISTE,1,0,1,ANCASH,RECUAY,MARCA,RURAL,CARRETERA,PROVINCIAL,AN-1238,-10.0905603113682,-77.474906670989,SIN_DATO,SIN_DATO,SIN_DATO,SIN_DATO,SIN_DATO,SIN_DATO,SIN_DATO,SIN_DATO,SIN_DATO,EN PROCESO DE INVESTIGACIÓN,NO CUENTA CON CAUSA ESPECIFICA,,,,,,,,,,,,,,,,,,,,,,,,,021706,0.3935578974560546,67.52651425284593,68.66127473623506,6.292576352808972,489.85690329784495,1245.1263383297644,10767.648000000001,1885.0630000000003,1222.721,7659.864000000001,2100.343,8667.305000000002,19.506051832303577,1,1,0,0,0,66.0,66.0,66.0,1.0,1.0,0.0,0.0,1,0,0.0,0.0,0.0,1.0,1.0,0.0,0.0,1.0,1.0,1.0
A-2023-05-15,12/05/2023,09:00,DESPISTE,1,2,1,AREQUIPA,CAYLLOMA,CHIVAY,RURAL,CARRETERA,DEPARTAMENTAL,AR-109,-15.704648,-71.589614,NUBLADO,RURAL,CURVA,INCLINADA,ASFALTADA,NO,SIN_DATO,SIN_DATO,SI,EN PROCESO DE INVESTIGACIÓN,NO CUENTA CON CAUSA ESPECIFICA,,,,,,,,,,,,,,,,,,,,,,,,,040501,0.5649362269939818,77.38255516262952,62.90799914166011,8.553205457677265,965.7135249539659,7715.586723768736,10322.272,1495.2359999999999,1749.739,7077.2970000000005,2886.595,7435.677000000001,27.964725207783708,3,1,0,0,2,36.0,36.0,36.0,1.0,0.0,0.0,0.0,1,0,0.0,1.0,0.0,0.0,0.0,0.0,1.0,0.0,0.0,0.0
A-2023-05-64,12/05/2023,20:00,DESPISTE,1,0,1,LA LIBERTAD,GRAN CHIMU,SAYAPULLO,RURAL,CARRETERA,DEPARTAMENTAL,LI-106,-7.592899,-78.488527,DESPEJADO,RURAL,TRAMO RECTO,PLANA,AFIRMADO,SIN_DATO,SIN_DATO,SIN_DATO,SIN_DATO,EN PROCESO DE INVESTIGACIÓN,NO CUENTA CON CAUSA ESPECIFICA,,,,,,,,,,,,,,,,,,,,,,,,,131104,0.34268738197799486,75.81813000053027,29.83795624511669,4.401613571184507,535.935806912797,7009.668094218416,8931.828000000005,1335.5899999999997,1935.9830000000004,5660.255000000005,1219.309,7712.519000000005,13.651281686122923,1,1,0,0,0,46.0,46.0,46.0,1.0,0.0,0.0,0.0,1,0,0.0,1.0,0.0,0.0,0.0,0.0,1.0,0.0,0.0,0.0
A-2023-05-162,12/05/2023,20:40,CHOQUE,1,0,2,CAJAMARCA,CHOTA,CHOTA,URBANA,CARRETERA,NACIONAL,PE-3N,-6.544263,-78.681978,DESPEJADO,COMERCIAL,CURVA,INCLINADA,ASFALTADA,NO,SIN_DATO,SIN_DATO,SI,IMPRUDENCIA DEL CONDUCTOR,CONDUCIR EN ESTADO DE EBRIEDAD Y/O DROGADICCIÓN,9936.932,2.0,Pavimentado,Bueno,1.0,No concesionado,No corresponde,3830.0,9936.932,2.0,Pavimentado,Bueno,1.0,No concesionado,No corresponde,3830.0,9936.932,2.0,Pavimentado,Bueno,1.0,No concesionado,No corresponde,3830.0,060401,0.47008757791949596,72.66081436888122,64.8808353209258,6.163018167008406,756.997154110016,46090.54817987152,15935.565011852366,1733.9250000199986,935.692,13265.948011832368,2000.1670000199988,13935.398011832369,12.551591352627522,2,2,0,0,0,41.0,41.0,41.0,1.0,1.0,1.0,1.0,2,0,0.0,0.0,1.0,1.0,1.0,0.0,0.0,1.0,1.0,1.0
A-2023-05-132,12/05/2023,21:00,ATROPELLO,1,0,1,LIMA,LIMA,LURIN,RURAL,CARRETERA,NACIONAL,PE-1S,-12.28162677,-76.88079856,DESPEJADO,INDUSTRIAL,TRAMO RECTO,PLANA,ASFALTADA,SI,INFORMATIVA (I),SIN_DATO,NO,IMPRUDENCIA DEL PEATÓN,OTRO (IMPRUDENCIA DEL PEATÓN),6639.975,2.0,Pavimentado,Bueno,1.0,No concesionado,Eje Estructurante Sur,1616.0,6639.975,2.0,Pavimentado,Bueno,1.0,No concesionado,Eje Estructurante Sur,1616.0,6639.975,2.0,Pavimentado,Bueno,1.0,No concesionado,Eje Estructurante Sur,1616.0,150119,0.6909236767275176,78.41626133969348,70.97436336767564,9.826485374940413,1476.8351947609171,95908.53319057815,7626.313,1683.4029999999998,1599.0829999999996,4343.827000000001,1814.875,5811.438000000001,23.797541485643194,2,1,0,1,0,49.0,49.0,49.0,0.0,0.0,0.0,0.0,1,0,0.0,0.0,0.0,1.0,0.0,0.0,1.0,0.0,0.0,0.0
A-2023-05-148,13/05/2023,04:00,CHOQUE,1,3,1,JUNIN,YAULI,MOROCOCHA,RURAL,CARRETERA,NACIONAL,PE-22,-11.597276,-76.145393,DESPEJADO,RURAL,CURVA,PLANA,ASFALTADA,NO,SIN_DATO,SIN_DATO,SI,IMPRUDENCIA DEL CONDUCTOR,INVASIÓN DE CARRIL,875.67,2.0,Pavimentado,Bueno,1.0,IIRSA Centro - Tramo 2: Pte. Ricardo Palma - La Oroya - Huancayo y La Oroya - Dv. Cerro de Pasco,Corredor Central,156.0,875.67,2.0,Pavimentado,Bueno,1.0,IIRSA Centro - Tramo 2: Pte. Ricardo Palma - La Oroya - Huancayo y La Oroya - Dv. Cerro de Pasco,Corredor Central,156.0,875.67,2.0,Pavimentado,Bueno,1.0,IIRSA Centro - Tramo 2: Pte. Ricardo Palma - La Oroya - Huancayo y La Oroya - Dv. Cerro de Pasco,Corredor Central,156.0,120805,0.727764014102057,80.04798576459473,69.54405534495044,10.377666215391255,1632.8207901729565,4146.224839400427,12264.545,1826.4639999999995,1105.5389999999998,9332.542000000001,1588.5359999999996,10676.009,12.952261987705208,6,2,0,0,4,35.5,27.0,44.0,1.0,0.0,0.0,1.0,2,0,0.0,0.0,0.0,1.0,0.0,1.0,1.0,0.0,0.0,0.0
A-2023-05-65,13/05/2023,09:00,DESPISTE,3,23,1,LA LIBERTAD,SANTIAGO DE CHUCO,QUIRUVILCA,RURAL,CARRETERA,NACIONAL,PE-3N,-8.020769,-78.316386,DESPEJADO,RURAL,CURVA,PLANA,TROCHA,SIN_DATO,SIN_DATO,SIN_DATO,SIN_DATO,NEGLIGENCIA DEL CONDUCTOR,CONDUCIR CON FALLAS DE FRENOS,9936.932,2.0,Pavimentado,Bueno,1.0,No concesionado,No corresponde,3830.0,9936.932,2.0,Pavimentado,Bueno,1.0,No concesionado,No corresponde,3830.0,9936.932,2.0,Pavimentado,Bueno,1.0,No concesionado,No corresponde,3830.0,131006,0.43208839365672586,76.718936301794,43.003289188979466,6.269065613037991,662.0777072841523,13167.552462526766,8931.828000000005,1335.5899999999997,1935.9830000000004,5660.255000000005,1219.309,7712.519000000005,13.651281686122923,26,1,0,0,25,59.0,59.0,59.0,1.0,0.0,0.0,0.0,1,0,0.0,0.0,1.0,0.0,0.0,0.0,1.0,0.0,0.0,0.0
A-2023-05-131,13/05/2023,10:30,ATROPELLO,1,1,1,LIMA,LIMA,RIMAC,URBANA,JIRÓN,URBANO,NO CORRESPONDE,-12.03779377,-77.02698101,DESPEJADO,RESIDENCIAL,INTERSECCIÓN,PLANA,ASFALTADA,SIN_DATO,SIN_DATO,SIN_DATO,SIN_DATO,EN PROCESO DE INVESTIGACIÓN,NO CUENTA CON CAUSA ESPECIFICA,,,,,,,,,,,,,,,,,,,,,,,,,150128,0.7300036506368504,80.21724456394445,75.11639588359114,10.636845733066123,1559.041185521695,156759.78800856532,7626.313,1683.4029999999998,1599.0829999999996,4343.827000000001,1814.875,5811.438000000001,23.797541485643194,3,1,0,2,0,52.0,52.0,52.0,1.0,0.0,0.0,0.0,1,0,0.0,0.0,0.0,1.0,0.0,1.0,0.0,0.0,1.0,0.0
A-2023-05-66,13/05/2023,13:30,ATROPELLO,1,0,1,LA LIBERTAD,TRUJILLO,VICTOR LARCO HERRERA,URBANA,CARRETERA,NACIONAL,PE-1N,-8.136443,-79.058955,DESPEJADO,COMERCIAL,TRAMO RECTO,PLANA,ASFALTADA,SIN_DATO,SIN_DATO,SIN_DATO,SIN_DATO,EN PROCESO DE INVESTIGACIÓN,NO CUENTA CON CAUSA ESPECIFICA,6543.555,3.0,Pavimentado,Bueno,1.0,Autopista del Sol,Eje Estructurante Norte,1475.0,6543.555,3.0,Pavimentado,Bueno,1.0,Autopista del Sol,Eje Estructurante Norte,1475.0,6543.555,3.0,Pavimentado,Bueno,1.0,Autopista del Sol,Eje Estructurante Norte,1475.0,130111,0.7531641124604342,80.00312647864715,76.99495003849329,11.742569192588208,1599.6362666139996,66889.78372591006,8931.828000000005,1335.5899999999997,1935.9830000000004,5660.255000000005,1219.309,7712.519000000005,13.651281686122923,2,1,0,1,0,44.0,44.0,44.0,1.0,0.0,0.0,0.0,1,0,0.0,0.0,0.0,1.0,0.0,0.0,1.0,0.0,1.0,0.0
A-2023-05-110-A,13/05/2023,15:45,DESPISTE,1,1,1,AREQUIPA,AREQUIPA,LA JOYA,URBANA,CARRETERA,NACIONAL,PE-1S,-16.685099,-71.870726,DESPEJADO,COMERCIAL,TRAMO RECTO,PLANA,ASFALTADA,SI,REGULADORA (R),SIN_DATO,SI,EN PROCESO DE INVESTIGACIÓN,NO CUENTA CON CAUSA ESPECIFICA,6639.975,2.0,Pavimentado,Bueno,1.0,No concesionado,Eje Estructurante Sur,1616.0,6639.975,2.0,Pavimentado,Bueno,1.0,No concesionado,Eje Estructurante Sur,1616.0,6639.975,2.0,Pavimentado,Bueno,1.0,No concesionado,Eje Estructurante Sur,1616.0,040108,0.6105481451420971,78.10653088113892,68.35418098658066,8.411557426919764,1158.5430895193692,35025.678800856535,10322.272,1495.2359999999999,1749.739,7077.2970000000005,2886.595,7435.677000000001,27.964725207783708,2,1,0,0,1,66.0,66.0,66.0,1.0,0.0,0.0,0.0,1,0,0.0,0.0,0.0,1.0,0.0,1.0,0.0,1.0,0.0,0.0
A-2023-05-168,13/05/2023,19:00,ATROPELLO,1,0,1,CAJAMARCA,CAJABAMBA,CAJABAMBA,URBANA,CARRETERA,NACIONAL,PE-3N,-7.6288114,-78.0434344,DESPEJADO,COMERCIAL,TRAMO RECTO,PLANA,ASFALTADA,SIN_DATO,SIN_DATO,SIN_DATO,SIN_DATO,IMPRUDENCIA DEL CONDUCTOR,CONDUCIR EN ESTADO DE EBRIEDAD Y/O DROGADICCIÓN,9936.932,2.0,Pavimentado,Bueno,1.0,No concesionado,No corresponde,3830.0,9936.932,2.0,Pavimentado,Bueno,1.0,No concesionado,No corresponde,3830.0,9936.932,2.0,Pavimentado,Bueno,1.0,No concesionado,No corresponde,3830.0,060201,0.4384361875352846,76.70622362399591,49.95411505521511,6.195115114275008,648.0811197287633,31678.2869379015,15935.565011852366,1733.9250000199986,935.692,13265.948011832368,2000.1670000199988,13935.398011832369,12.551591352627522,2,1,0,1,0,39.0,39.0,39.0,1.0,1.0,1.0,1.0,1,0,0.0,0.0,0.0,1.0,1.0,0.0,0.0,1.0,0.0,0.0