CODIGO_SINIESTRO,FECHA SINIESTRO,HORA SINIESTRO,CLASE SINIESTRO,CANTIDAD DE FALLECIDOS,CANTIDAD DE LESIONADOS,CANTIDAD DE VEHICULOS DAÑADOS,DEPARTAMENTO,PROVINCIA,DISTRITO,ZONA,TIPO DE VÍA,RED VIAL,COD CARRETERA,COORDENADAS LATITUD,COORDENADAS  LONGITUD,CONDICIÓN CLIMÁTICA,ZONIFICACIÓN,CARACTERÍSTICAS DE VÍA,PERFIL LONGITUDINAL VÍA,SUPERFICIE DE CALZADA,¿EXISTE SEÑAL VERTICAL?,CLASIFICACIÓN DE LA SEÑAL VERTICAL Nº 1,CLASIFICACIÓN DE LA SEÑAL VERTICAL Nº 2,¿EXISTE SEÑAL HORIZONTAL?,CAUSA FACTOR PRINCIPAL,CAUSA ESPECÍFICA,MTC_RVN_LONGITUD_KM_x,MTC_RVN_N_CARRILES_MEDIANA_x,MTC_RVN_SUPERFICIE_DOMINANTE_x,MTC_RVN_ESTADO_DOMINANTE_x,MTC_RVN_ES_CONCESIONADA_x,MTC_RVN_CONCESION_PRINCIPAL_x,MTC_RVN_CORREDOR_LOGISTICO_x,MTC_RVN_N_TRAMOS_x,MTC_RVN_LONGITUD_KM_y,MTC_RVN_N_CARRILES_MEDIANA_y,MTC_RVN_SUPERFICIE_DOMINANTE_y,MTC_RVN_ESTADO_DOMINANTE_y,MTC_RVN_ES_CONCESIONADA_y,MTC_RVN_CONCESION_PRINCIPAL_y,MTC_RVN_CORREDOR_LOGISTICO_y,MTC_RVN_N_TRAMOS_y,MTC_RVN_LONGITUD_KM,MTC_RVN_N_CARRILES_MEDIANA,MTC_RVN_SUPERFICIE_DOMINANTE,MTC_RVN_ESTADO_DOMINANTE,MTC_RVN_ES_CONCESIONADA,MTC_RVN_CONCESION_PRINCIPAL,MTC_RVN_CORREDOR_LOGISTICO,MTC_RVN_N_TRAMOS,IDH_UBIGEO,IDH_2019,IDH_ESP_VIDA_2019,IDH_EDUC_SECUND_PCT_2019,IDH_ANIOS_EDUC_2019,IDH_INGRESO_PERCAP_2019,IDH_POBLACION_2019,MTC_DEP_RED_TOTAL_KM,MTC_DEP_NACIONAL_TOTAL_KM,MTC_DEP_DEPARTAMENTAL_TOTAL_KM,MTC_DEP_VECINAL_TOTAL_KM,MTC_DEP_PAV_TOTAL_KM,MTC_DEP_NO_PAV_TOTAL_KM,MTC_DEP_PCT_PAVIMENTADA,PER_TOTAL_PERSONAS,PER_N_CONDUCTORES,PER_N_CONDUCTORES_FUGADOS,PER_N_PEATONES,PER_N_PASAJEROS_OCUPANTES,PER_EDAD_COND_PROM,PER_EDAD_COND_MIN,PER_EDAD_COND_MAX,PER_ANY_COND_MASCULINO,PER_ANY_LIC_PROBLEMA,PER_ANY_DOSAJE_POS,PER_ANY_DOSAJE_EVALUADO,VEH_TOTAL,VEH_N_FUGADOS,VEH_ANY_FUGADO,VEH_ANY_CARGA,VEH_ANY_PUBLICO,VEH_ANY_PARTICULAR,VEH_ANY_MOTO,VEH_ANY_AUTO,VEH_ANY_CAMION_BUS,VEH_ANY_SOAT_PROBLEMA,VEH_ANY_CITV_PROBLEMA,VEH_ANY_SEGURO_PROBLEMA
A-2023-06-16,11/06/2023,18:00,DESPISTE,1,0,1,ANCASH,ASUNCION,CHACAS,RURAL,CARRETERA,DEPARTAMENTAL,AN-107,-9.162370021387396,-77.37054401533221,DESPEJADO,RURAL,TRAMO RECTO,PLANA,ASFALTADA,SIN_DATO,SIN_DATO,SIN_DATO,SIN_DATO,EN PROCESO DE INVESTIGACIÓN,NO CUENTA CON CAUSA ESPECIFICA,,,,,,,,,,,,,,,,,,,,,,,,,020401,0.42959293006706983,70.82552525256294,56.17354212731762,6.41923360731264,633.5844117830641,4896.169164882228,10767.648000000001,1885.0630000000003,1222.721,7659.864000000001,2100.343,8667.305000000002,19.506051832303577,1,1,0,0,0,27.0,27.0,27.0,1.0,1.0,0.0,0.0,1,0,0.0,0.0,0.0,1.0,1.0,0.0,0.0,0.0,1.0,0.0
A-2023-06-50,11/06/2023,19:10,CHOQUE,1,1,2,LA LIBERTAD,PACASMAYO,SAN PEDRO DE LLOC,RURAL,CARRETERA,PROVINCIAL,LI-585,-7.3860475,-79.4887604,DESPEJADO,RURAL,TRAMO RECTO,PLANA,ASFALTADA,SIN_DATO,SIN_DATO,SIN_DATO,SIN_DATO,IMPRUDENCIA DEL CONDUCTOR,OTRO (IMPRUDENCIA DEL CONDUCTOR),,,,,,,,,,,,,,,,,,,,,,,,,130701,0.6138517538553948,80.84826225715301,64.49339622566798,9.143362084626025,1095.689060330069,16852.97430406852,8931.828000000005,1335.5899999999997,1935.9830000000004,5660.255000000005,1219.309,7712.519000000005,13.651281686122923,2,2,0,0,0,39.5,16.0,63.0,1.0,1.0,0.0,0.0,2,0,0.0,0.0,0.0,1.0,1.0,0.0,0.0,1.0,0.0,1.0
A-2023-06-133,12/06/2023,00:30,ATROPELLO,1,0,1,LIMA,LIMA,CHACLACAYO,URBANA,CARRETERA,NACIONAL,PE-22,-11.982035,-76.797168,DESPEJADO,RESIDENCIAL,TRAMO RECTO,PLANA,ASFALTADA,NO,SIN_DATO,SIN_DATO,SI,IMPRUDENCIA DEL PEATÓN,OTRO (IMPRUDENCIA DEL PEATÓN),875.67,2.0,Pavimentado,Bueno,1.0,IIRSA Centro - Tramo 2: Pte. Ricardo Palma - La Oroya - Huancayo y La Oroya - Dv. Cerro de Pasco,Corredor Central,156.0,875.67,2.0,Pavimentado,Bueno,1.0,IIRSA Centro - Tramo 2: Pte. Ricardo Palma - La Oroya - Huancayo y La Oroya - Dv. Cerro de Pasco,Corredor Central,156.0,875.67,2.0,Pavimentado,Bueno,1.0,IIRSA Centro - Tramo 2: Pte. Ricardo Palma - La Oroya - Huancayo y La Oroya - Dv. Cerro de Pasco,Corredor Central,156.0,150107,0.7410537419693288,80.72873693175681,77.76911521289269,11.20634409407566,1539.7635062745433,43755.852248394,7626.313,1683.4029999999998,1599.0829999999996,4343.827000000001,1814.875,5811.438000000001,23.797541485643194,2,1,0,1,0,62.0,62.0,62.0,1.0,0.0,0.0,0.0,1,0,0.0,0.0,0.0,1.0,0.0,1.0,0.0,1.0,1.0,1.0
A-2023-06-187,12/06/2023,03:40,ATROPELLO FUGA,1,0,1,CAJAMARCA,JAEN,PUCARA,RURAL,CARRETERA,NACIONAL,PE-3N,-6.047501,-79.045497,DESPEJADO,RURAL,CURVA,PLANA,ASFALTADA,NO,SIN_DATO,SIN_DATO,SI,EN PROCESO DE INVESTIGACIÓN,NO CUENTA CON CAUSA ESPECIFICA,9936.932,2.0,Pavimentado,Bueno,1.0,No concesionado,No corresponde,3830.0,9936.932,2.0,Pavimentado,Bueno,1.0,No concesionado,No corresponde,3830.0,9936.932,2.0,Pavimentado,Bueno,1.0,No concesionado,No corresponde,3830.0,060808,0.5089064260692896,75.49593859459377,56.744923309773114,6.743539171475742,903.5347616610203,6985.957173447538,15935.565011852366,1733.9250000199986,935.692,13265.948011832368,2000.1670000199988,13935.398011832369,12.551591352627522,2,1,1,1,0,,,,0.0,0.0,0.0,0.0,1,1,1.0,0.0,0.0,0.0,0.0,0.0,0.0,0.0,0.0,1.0
A-2023-06-135,12/06/2023,06:30,CAÍDA DE PASAJERO,1,0,1,LIMA,LIMA,LIMA,URBANA,AVENIDA,URBANO,NO CORRESPONDE,-12.04426499,-77.04279183,DESPEJADO,COMERCIAL,INTERSECCIÓN,PLANA,ASFALTADA,SIN_DATO,SIN_DATO,SIN_DATO,SIN_DATO,EN PROCESO DE INVESTIGACIÓN,NO CUENTA CON CAUSA ESPECIFICA,,,,,,,,,,,,,,,,,,,,,,,,,150101,0.7646845961658533,80.23682119426338,77.96082737891015,12.014176158371615,1633.787715186093,250806.0877944326,7626.313,1683.4029999999998,1599.0829999999996,4343.827000000001,1814.875,5811.438000000001,23.797541485643194,2,1,0,0,1,37.0,37.0,37.0,1.0,0.0,0.0,0.0,1,0,0.0,0.0,1.0,0.0,0.0,0.0,1.0,0.0,0.0,0.0
A-2023-06-21,12/06/2023,06:30,DESPISTE,1,1,1,ANCASH,CARLOS FERMIN FITZCARRALD,SAN LUIS,RURAL,CARRETERA,NACIONAL,PE-14C,-9.11070449141259,-77.3156033735478,DESPEJADO,RURAL,TRAMO RECTO,INCLINADA,TROCHA,SIN_DATO,SIN_DATO,SIN_DATO,SIN_DATO,EN PROCESO DE INVESTIGACIÓN,NO CUENTA CON CAUSA ESPECIFICA,1134.0149999999999,-1.0,Afirmado,Malo,0.0,No concesionado,No corresponde,173.0,1134.0149999999999,-1.0,Afirmado,Malo,0.0,No concesionado,No corresponde,173.0,1134.0149999999999,-1.0,Afirmado,Malo,0.0,No concesionado,No corresponde,173.0,020701,0.3352882109430746,74.75361760123883,41.943013156212636,4.920559911508885,404.0595576726479,11488.145610278372,10767.648000000001,1885.0630000000003,1222.721,7659.864000000001,2100.343,8667.305000000002,19.506051832303577,2,1,0,0,1,32.0,32.0,32.0,1.0,0.0,0.0,0.0,1,0,0.0,0.0,0.0,1.0,0.0,0.0,1.0,1.0,1.0,0.0
A-2023-06-160,12/06/2023,10:30,ATROPELLO,1,0,1,JUNIN,JAUJA,HUARIPAMPA,URBANA,CARRETERA,NACIONAL,PE-3SB,-11.811586525589233,-75.47382070126794,DESPEJADO,RURAL,TRAMO RECTO,PLANA,ASFALTADA,SI,REGULADORA (R),SIN_DATO,SI,IMPRUDENCIA DEL CONDUCTOR,DESACATO DE SEÑAL DE TRÁNSITO,196.88000000000002,2.0,Pavimentado,Bueno,1.0,IIRSA Centro - Tramo 2: Pte. Ricardo Palma - La Oroya - Huancayo y La Oroya - Dv. Cerro de Pasco,No corresponde,35.0,196.88000000000002,2.0,Pavimentado,Bueno,1.0,IIRSA Centro - Tramo 2: Pte. Ricardo Palma - La Oroya - Huancayo y La Oroya - Dv. Cerro de Pasco,No corresponde,35.0,196.88000000000002,2.0,Pavimentado,Bueno,1.0,IIRSA Centro - Tramo 2: Pte. Ricardo Palma - La Oroya - Huancayo y La Oroya - Dv. Cerro de Pasco,No corresponde,35.0,120409,0.5440372489854538,73.04439912570733,66.79010575891562,9.046955663104994,884.0272313859393,734.5653104925052,12264.545,1826.4639999999995,1105.5389999999998,9332.542000000001,1588.5359999999996,10676.009,12.952261987705208,2,1,0,1,0,64.0,64.0,64.0,1.0,0.0,0.0,1.0,1,0,0.0,0.0,0.0,1.0,0.0,0.0,1.0,0.0,0.0,0.0
A-2023-06-24,12/06/2023,14:30,CHOQUE,6,11,1,AREQUIPA,AREQUIPA,YURA,URBANA,CARRETERA,NACIONAL,PE-34A,-16.2938643,-71.6391367,SOLEADO,RURAL,CURVA,INCLINADA,ASFALTADA,SIN_DATO,SIN_DATO,SIN_DATO,SIN_DATO,EN PROCESO DE INVESTIGACIÓN,NO CUENTA CON CAUSA ESPECIFICA,1504.4250000000002,2.0,Pavimentado,Bueno,1.0,IIRSA Sur - Tramo 5: Matarani - Azángaro - Ilo,Corredor Matarani - Arequipa - Juliaca,241.0,1504.4250000000002,2.0,Pavimentado,Bueno,1.0,IIRSA Sur - Tramo 5: Matarani - Azángaro - Ilo,Corredor Matarani - Arequipa - Juliaca,241.0,1504.4250000000002,2.0,Pavimentado,Bueno,1.0,IIRSA Sur - Tramo 5: Matarani - Azángaro - Ilo,Corredor Matarani - Arequipa - Juliaca,241.0,040128,0.6005060748875158,78.21704200773246,77.40211893847457,8.994742794352394,996.014120858737,33335.45824411135,10322.272,1495.2359999999999,1749.739,7077.2970000000005,2886.595,7435.677000000001,27.964725207783708,18,2,0,0,16,34.5,30.0,39.0,1.0,0.0,0.0,1.0,2,0,0.0,1.0,0.0,0.0,0.0,0.0,1.0,0.0,0.0,0.0
A-2023-06-23,12/06/2023,15:10,CHOQUE,1,1,2,CUSCO,ESPINAR,ESPINAR,URBANA,CARRETERA,NACIONAL,PE-3SG,-14.798394,-71.42181,DESPEJADO,RESIDENCIAL,TRAMO RECTO,PLANA,ASFALTADA,SIN_DATO,SIN_DATO,SIN_DATO,SIN_DATO,IMPRUDENCIA DEL CONDUCTOR,OTRO (IMPRUDENCIA DEL CONDUCTOR),1780.161,1.0,Asfaltado económico,Regular,0.0,No concesionado,No corresponde,490.0,1780.161,1.0,Asfaltado económico,Regular,0.0,No concesionado,No corresponde,490.0,1780.161,1.0,Asfaltado económico,Regular,0.0,No concesionado,No corresponde,490.0,080801,0.553052655456334,69.21726434550523,74.04128761826507,8.709280027519238,977.6848841665503,33976.192719486084,17779.13499998999,2097.3709999899993,2863.123,12818.640999999989,2878.713,14900.421999989987,16.19152450331032,3,2,0,0,1,42.5,23.0,62.0,1.0,1.0,0.0,0.0,2,0,0.0,0.0,0.0,1.0,1.0,1.0,0.0,0.0,0.0,1.0
A-2023-06-161,12/06/2023,19:00,DESPISTE,2,2,1,JUNIN,YAULI,LA OROYA,URBANA,CARRETERA,NACIONAL,PE-3S,-11.566416067581692,-75.86168999681944,DESPEJADO,RURAL,CURVA,INCLINADA,ASFALTADA,NO,SIN_DATO,SIN_DATO,SI,EN PROCESO DE INVESTIGACIÓN,NO CUENTA CON CAUSA ESPECIFICA,7586.903,2.0,Pavimentado,Bueno,1.0,No concesionado,CO 10: Abancay - Ayacucho- Huancayo- La Oroya,1198.0,7586.903,2.0,Pavimentado,Bueno,1.0,No concesionado,CO 10: Abancay - Ayacucho- Huancayo- La Oroya,1198.0,7586.903,2.0,Pavimentado,Bueno,1.0,No concesionado,CO 10: Abancay - Ayacucho- Huancayo- La Oroya,1198.0,120801,0.6211711217784234,75.51508523355102,70.90101252241288,10.049671623026311,1128.4035461673893,8996.89721627409,12264.545,1826.4639999999995,1105.5389999999998,9332.542000000001,1588.5359999999996,10676.009,12.952261987705208,4,1,0,0,3,24.0,24.0,24.0,1.0,0.0,0.0,0.0,1,0,0.0,0.0,0.0,1.0,0.0,1.0,0.0,0.0,1.0,0.0
A-2023-06-134,12/06/2023,20:30,ATROPELLO,1,0,1,LIMA,LIMA,SAN MARTIN DE PORRES,URBANA,CARRETERA,NACIONAL,PE-1N,-12.033849,-77.052185,DESPEJADO,COMERCIAL,CURVA,PLANA,ASFALTADA,SIN_DATO,SIN_DATO,SIN_DATO,SIN_DATO,EN PROCESO DE INVESTIGACIÓN,NO CUENTA CON CAUSA ESPECIFICA,6543.555,3.0,Pavimentado,Bueno,1.0,Autopista del Sol,Eje Estructurante Norte,1475.0,6543.555,3.0,Pavimentado,Bueno,1.0,Autopista del Sol,Eje Estructurante Norte,1475.0,6543.555,3.0,Pavimentado,Bueno,1.0,Autopista del Sol,Eje Estructurante Norte,1475.0,150135,0.7419979630670723,80.31822295927182,79.00446395716813,11.084203715652809,1554.6868971011318,739416.2413542903,7626.313,1683.4029999999998,1599.0829999999996,4343.827000000001,1814.875,5811.438000000001,23.797541485643194,2,1,0,1,0,30.0,30.0,30.0,0.0,0.0,0.0,0.0,1,0,0.0,0.0,0.0,1.0,0.0,1.0,0.0,0.0,0.0,0.0
A-2023-06-92,13/06/2023,09:00,CHOQUE,1,0,1,CALLAO,CALLAO,CALLAO,URBANA,CARRETERA,NACIONAL,PE-20,-11.9469751337747,-77.1315834711881,DESPEJADO,INDUSTRIAL,TRAMO RECTO,PLANA,ASFALTADA,NO,SIN_DATO,SIN_DATO,SI,EN PROCESO DE INVESTIGACIÓN,NO CUENTA CON CAUSA ESPECIFICA,139.23,-1.0,Pavimentado,Bueno,0.0,No concesionado,No corresponde,69.0,139.23,-1.0,Pavimentado,Bueno,0.0,No concesionado,No corresponde,69.0,139.23,-1.0,Pavimentado,Bueno,0.0,No concesionado,No corresponde,69.0,,,,,,,,51.58600000000001,44.68700000000001,6.899000000000001,0.0,49.838000000000015,1.748,96.61148373589734,2,2,0,0,0,41.0,38.0,44.0,1.0,0.0,0.0,0.0,2,0,0.0,0.0,0.0,1.0,1.0,0.0,1.0,0.0,0.0,0.0
A-2023-06-17,13/06/2023,14:30,DESPISTE,1,0,1,ANCASH,CARHUAZ,ATAQUERO,RURAL,CARRETERA,PROVINCIAL,AN-1093,-9.258460364990205,-77.68393288489769,DESPEJADO,RURAL,CURVA,INCLINADA,TROCHA,SIN_DATO,SIN_DATO,SIN_DATO,SIN_DATO,EN PROCESO DE INVESTIGACIÓN,NO CUENTA CON CAUSA ESPECIFICA,,,,,,,,,,,,,,,,,,,,,,,,,020605,0.2588836486915194,76.84393598130214,48.991100233664326,4.1654673699007985,208.2651288874071,1170.6338329764453,10767.648000000001,1885.0630000000003,1222.721,7659.864000000001,2100.343,8667.305000000002,19.506051832303577,1,1,0,0,0,55.0,55.0,55.0,1.0,1.0,0.0,0.0,1,0,0.0,0.0,0.0,1.0,0.0,1.0,0.0,0.0,0.0,0.0
A-2023-06-136,13/06/2023,15:40,VOLCADURA,1,0,1,LIMA,LIMA,SAN JUAN DE MIRAFLORES,URBANA,AVENIDA,URBANO,NO CORRESPONDE,-12.1799327360984,-76.9766362389251,DESPEJADO,COMERCIAL,TRAMO RECTO,INCLINADA,ASFALTADA,SIN_DATO,SIN_DATO,SIN_DATO,SIN_DATO,IMPRUDENCIA DEL CONDUCTOR,OTRO (IMPRUDENCIA DEL CONDUCTOR),,,,,,,,,,,,,,,,,,,,,,,,,150133,0.7289998534947872,80.50926319493618,76.9124822838204,10.358587270463827,1551.106643515347,384728.5117773019,7626.313,1683.4029999999998,1599.0829999999996,4343.827000000001,1814.875,5811.438000000001,23.797541485643194,2,2,0,0,0,40.0,27.0,53.0,1.0,1.0,0.0,0.0,2,0,0.0,1.0,0.0,1.0,1.0,0.0,1.0,0.0,1.0,0.0
A-2023-06-137,13/06/2023,21:00,ATROPELLO,1,0,1,LIMA,LIMA,SAN JUAN DE LURIGANCHO,URBANA,AVENIDA,URBANO,NO CORRESPONDE,-11.95565916,-76.99170998,DESPEJADO,COMERCIAL,CURVA,PLANA,ASFALTADA,SIN_DATO,SIN_DATO,SIN_DATO,SIN_DATO,IMPRUDENCIA DEL PEATÓN,OTRO (IMPRUDENCIA DEL PEATÓN),,,,,,,,,,,,,,,,,,,,,,,,,150132,0.701053025277506,79.62867561460851,73.1469484600971,10.064317505194426,1464.6926161541437,1150285.0494171206,7626.313,1683.4029999999998,1599.0829999999996,4343.827000000001,1814.875,5811.438000000001,23.797541485643194,2,1,0,1,0,56.0,56.0,56.0,1.0,0.0,0.0,0.0,1,0,0.0,0.0,1.0,0.0,0.0,0.0,1.0,0.0,0.0,0.0
A-2023-06-13,13/06/2023,21:50,ATROPELLO FUGA,1,0,1,PUNO,EL COLLAO,ILAVE,RURAL,CARRETERA,NACIONAL,PE-38A,-16.160136,-69.648405,DESPEJADO,RURAL,TRAMO RECTO,PLANA,ASFALTADA,SIN_DATO,SIN_DATO,SIN_DATO,SIN_DATO,IMPRUDENCIA DEL CONDUCTOR,OTRO (IMPRUDENCIA DEL CONDUCTOR),417.30000000000007,1.0,Afirmado,Regular,0.0,No concesionado,No corresponde,52.0,417.30000000000007,1.0,Afirmado,Regular,0.0,No concesionado,No corresponde,52.0,417.30000000000007,1.0,Afirmado,Regular,0.0,No concesionado,No corresponde,52.0,210501,0.4020198374784472,77.80062735845667,75.295761294875,7.279851651626652,372.63390314535104,50686.62526766595,13642.312999999998,2020.7790000000005,2354.117,9267.416999999998,3314.0520000000006,10328.260999999997,24.29244952817019,2,1,1,1,0,,,,0.0,0.0,0.0,0.0,1,1,1.0,0.0,0.0,0.0,0.0,0.0,0.0,0.0,0.0,1.0
A-2023-06-52,14/06/2023,01:30,DESPISTE,1,0,1,CUSCO,PAUCARTAMBO,KOSÑIPATA,RURAL,CARRETERA,DEPARTAMENTAL,CU-113,-13.0697255,-71.568227,DESPEJADO,RURAL,CURVA,PLANA,AFIRMADO,SIN_DATO,SIN_DATO,SIN_DATO,SIN_DATO,IMPRUDENCIA DEL CONDUCTOR,EXCESO DE VELOCIDAD,,,,,,,,,,,,,,,,,,,,,,,,,081106,0.36121215661506023,62.7406214315804,65.88597983983321,5.981484630062685,454.30362462952917,5308.728051391863,17779.13499998999,2097.3709999899993,2863.123,12818.640999999989,2878.713,14900.421999989987,16.19152450331032,1,1,0,0,0,40.0,40.0,40.0,1.0,0.0,0.0,0.0,1,0,0.0,1.0,0.0,0.0,0.0,0.0,1.0,0.0,0.0,0.0
A-2023-06-59,14/06/2023,06:30,DESPISTE,2,1,1,LA LIBERTAD,OTUZCO,CHARAT,RURAL,CARRETERA,DEPARTAMENTAL,LI-114,-7.838717909507611,-78.47248786915065,DESPEJADO,RURAL,TRAMO RECTO,PLANA,ASFALTADA,SIN_DATO,SIN_DATO,SIN_DATO,SIN_DATO,EN PROCESO DE INVESTIGACIÓN,NO CUENTA CON CAUSA ESPECIFICA,,,,,,,,,,,,,,,,,,,,,,,,,130604,0.22509296546316995,75.55364054751279,35.65104550731129,4.499984263013475,163.15304408400866,2258.758029978587,8931.828000000005,1335.5899999999997,1935.9830000000004,5660.255000000005,1219.309,7712.519000000005,13.651281686122923,3,1,0,0,2,74.0,74.0,74.0,1.0,1.0,0.0,0.0,1,0,0.0,0.0,0.0,1.0,0.0,0.0,1.0,0.0,1.0,0.0
A-2023-06-31,14/06/2023,07:30,ATROPELLO,1,0,1,CUSCO,CANCHIS,CHECACUPE,URBANA,CARRETERA,NACIONAL,PE-3S,-13.991498,-71.464515,DESPEJADO,RURAL,CURVA,PLANA,ASFALTADA,SI,PREVENTIVA (P),SIN_DATO,SI,IMPRUDENCIA DEL CONDUCTOR,EXCESO DE VELOCIDAD,7586.903,2.0,Pavimentado,Bueno,1.0,No concesionado,CO 10: Abancay - Ayacucho- Huancayo- La Oroya,1198.0,7586.903,2.0,Pavimentado,Bueno,1.0,No concesionado,CO 10: Abancay - Ayacucho- Huancayo- La Oroya,1198.0,7586.903,2.0,Pavimentado,Bueno,1.0,No concesionado,CO 10: Abancay - Ayacucho- Huancayo- La Oroya,1198.0,080602,0.3409107564841972,74.2782790389362,69.85088681249269,5.816184127144114,302.53841952167744,4833.456102783726,17779.13499998999,2097.3709999899993,2863.123,12818.640999999989,2878.713,14900.421999989987,16.19152450331032,2,1,0,1,0,39.0,39.0,39.0,1.0,0.0,0.0,1.0,1,0,0.0,0.0,0.0,1.0,0.0,1.0,0.0,0.0,0.0,0.0
A-2023-06-186,14/06/2023,12:30,DESPISTE,1,2,1,CAJAMARCA,CELENDIN,CELENDIN,RURAL,CARRETERA,NACIONAL,PE-08B,-6.888349,-78.121467,DESPEJADO,RURAL,TRAMO RECTO,PLANA,ASFALTADA,NO,SIN_DATO,SIN_DATO,SI,NEGLIGENCIA DEL CONDUCTOR,OTRO (NEGLIGENCIA DEL CONDUCTOR),2760.8550000000005,1.0,Asfaltado económico,Regular,0.0,No concesionado,No corresponde,1208.0,2760.8550000000005,1.0,Asfaltado económico,Regular,0.0,No concesionado,No corresponde,1208.0,2760.8550000000005,1.0,Asfaltado económico,Regular,0.0,No concesionado,No corresponde,1208.0,060301,0.46264264758204693,68.55306494378911,65.85969011943656,7.360220599067626,697.1780256934369,29011.38543897216,15935.565011852366,1733.9250000199986,935.692,13265.948011832368,2000.1670000199988,13935.398011832369,12.551591352627522,3,1,0,0,2,68.0,68.0,68.0,1.0,0.0,0.0,1.0,1,0,0.0,0.0,1.0,0.0,1.0,0.0,0.0,1.0,1.0,1.0
A-2023-06-190,14/06/2023,15:15,ATROPELLO,1,0,1,CALLAO,CALLAO,CALLAO,URBANA,AVENIDA,URBANO,NO CORRESPONDE,-12.0131311,-77.097646517,DESPEJADO,COMERCIAL,TRAMO RECTO,PLANA,ASFALTADA,NO,SIN_DATO,SIN_DATO,SI,IMPRUDENCIA DEL CONDUCTOR,OTRO (IMPRUDENCIA DEL CONDUCTOR),,,,,,,,,,,,,,,,,,,,,,,,,,,,,,,,51.58600000000001,44.68700000000001,6.899000000000001,0.0,49.838000000000015,1.748,96.61148373589734,2,1,0,1,0,28.0,28.0,28.0,1.0,1.0,0.0,0.0,1,0,0.0,0.0,0.0,1.0,1.0,0.0,0.0,1.0,1.0,1.0
A-2023-06-19,14/06/2023,15:45,DESPISTE,1,0,1,ICA,PALPA,PALPA,RURAL,CARRETERA,NACIONAL,PE-30D,-14.427941,-75.121371,DESPEJADO,RURAL,PUENTE,INCLINADA,TROCHA,SIN_DATO,SIN_DATO,SIN_DATO,SIN_DATO,IMPRUDENCIA DEL CONDUCTOR,CONDUCIR EN ESTADO DE EBRIEDAD Y/O DROGADICCIÓN,1253.4750000000001,-1.0,Asfaltado económico,Regular,0.0,No concesionado,No corresponde,217.0,1253.4750000000001,-1.0,Asfaltado económico,Regular,0.0,No concesionado,No corresponde,217.0,1253.4750000000001,-1.0,Asfaltado económico,Regular,0.0,No concesionado,No corresponde,217.0,110401,0.6181901975175671,81.11121526884828,81.4570999718351,9.588458879563895,966.6199420714054,6820.845824411133,3721.461,698.1859999999996,744.866,2278.409,1102.9029999999996,2618.558,29.636290693359403,1,1,0,0,0,56.0,56.0,56.0,1.0,1.0,0.0,0.0,1,0,0.0,0.0,0.0,1.0,1.0,0.0,0.0,1.0,1.0,1.0
A-2023-06-25,15/06/2023,06:30,CHOQUE,1,0,1,ICA,NASCA,MARCONA,RURAL,CARRETERA,NACIONAL,PE-30,-15.3185077,-75.1413688,DESPEJADO,RURAL,TRAMO RECTO,PLANA,ASFALTADA,SIN_DATO,SIN_DATO,SIN_DATO,SIN_DATO,NEGLIGENCIA DEL CONDUCTOR,CONDUCIR CON FALLAS DE FRENOS,196.79999999999998,2.0,Pavimentado,Bueno,1.0,IIRSA Sur - Tramo 1: San Juan de Marcona - Urcos,Corredor Nazca - Cusco,35.0,196.79999999999998,2.0,Pavimentado,Bueno,1.0,IIRSA Sur - Tramo 1: San Juan de Marcona - Urcos,Corredor Nazca - Cusco,35.0,196.79999999999998,2.0,Pavimentado,Bueno,1.0,IIRSA Sur - Tramo 1: San Juan de Marcona - Urcos,Corredor Nazca - Cusco,35.0,,,,,,,,3721.461,698.1859999999996,744.866,2278.409,1102.9029999999996,2618.558,29.636290693359403,2,2,0,0,0,48.5,46.0,51.0,1.0,0.0,0.0,1.0,2,0,0.0,1.0,0.0,1.0,0.0,0.0,1.0,0.0,0.0,0.0
A-2023-06-33,15/06/2023,10:21,FERROVIARIO,1,0,1,CUSCO,URUBAMBA,OLLANTAYTAMBO,RURAL,CARRETERA,DEPARTAMENTAL,CU-110,-13.3083,-72.23552,DESPEJADO,RURAL,CURVA,PLANA,CASCAJO/RIPIO,SI,PREVENTIVA (P),SIN_DATO,NO,IMPRUDENCIA DEL PEATÓN,OTRO (IMPRUDENCIA DEL PEATÓN),,,,,,,,,,,,,,,,,,,,,,,,,081306,0.44369102658142395,73.23231952981627,68.31759937357421,6.347812015893606,607.5963608103546,11277.284796573875,17779.13499998999,2097.3709999899993,2863.123,12818.640999999989,2878.713,14900.421999989987,16.19152450331032,2,1,0,1,0,37.0,37.0,37.0,1.0,0.0,0.0,1.0,1,0,0.0,0.0,1.0,0.0,0.0,0.0,0.0,0.0,0.0,0.0
A-2023-06-61,15/06/2023,18:40,CHOQUE FUGA,1,0,1,LA LIBERTAD,TRUJILLO,HUANCHACO,RURAL,CARRETERA,NACIONAL,PE-1N,-8.0994527,-79.0990956,DESPEJADO,RURAL,TRAMO RECTO,PLANA,ASFALTADA,SIN_DATO,SIN_DATO,SIN_DATO,SIN_DATO,EN PROCESO DE INVESTIGACIÓN,NO CUENTA CON CAUSA ESPECIFICA,6543.555,3.0,Pavimentado,Bueno,1.0,Autopista del Sol,Eje Estructurante Norte,1475.0,6543.555,3.0,Pavimentado,Bueno,1.0,Autopista del Sol,Eje Estructurante Norte,1475.0,6543.555,3.0,Pavimentado,Bueno,1.0,Autopista del Sol,Eje Estructurante Norte,1475.0,130104,0.583006771156836,78.2441938961209,62.24037484511178,8.807312392374042,1028.2282118265089,76607.295503212,8931.828000000005,1335.5899999999997,1935.9830000000004,5660.255000000005,1219.309,7712.519000000005,13.651281686122923,2,2,1,0,0,38.0,38.0,38.0,1.0,0.0,0.0,0.0,2,1,1.0,0.0,0.0,1.0,1.0,0.0,0.0,0.0,0.0,1.0