CODIGO_SINIESTRO,FECHA SINIESTRO,HORA SINIESTRO,CLASE SINIESTRO,CANTIDAD DE FALLECIDOS,CANTIDAD DE LESIONADOS,CANTIDAD DE VEHICULOS DAÑADOS,DEPARTAMENTO,PROVINCIA,DISTRITO,ZONA,TIPO DE VÍA,RED VIAL,COD CARRETERA,COORDENADAS LATITUD,COORDENADAS  LONGITUD,CONDICIÓN CLIMÁTICA,ZONIFICACIÓN,CARACTERÍSTICAS DE VÍA,PERFIL LONGITUDINAL VÍA,SUPERFICIE DE CALZADA,¿EXISTE SEÑAL VERTICAL?,CLASIFICACIÓN DE LA SEÑAL VERTICAL Nº 1,CLASIFICACIÓN DE LA SEÑAL VERTICAL Nº 2,¿EXISTE SEÑAL HORIZONTAL?,CAUSA FACTOR PRINCIPAL,CAUSA ESPECÍFICA,MTC_RVN_LONGITUD_KM_x,MTC_RVN_N_CARRILES_MEDIANA_x,MTC_RVN_SUPERFICIE_DOMINANTE_x,MTC_RVN_ESTADO_DOMINANTE_x,MTC_RVN_ES_CONCESIONADA_x,MTC_RVN_CONCESION_PRINCIPAL_x,MTC_RVN_CORREDOR_LOGISTICO_x,MTC_RVN_N_TRAMOS_x,MTC_RVN_LONGITUD_KM_y,MTC_RVN_N_CARRILES_MEDIANA_y,MTC_RVN_SUPERFICIE_DOMINANTE_y,MTC_RVN_ESTADO_DOMINANTE_y,MTC_RVN_ES_CONCESIONADA_y,MTC_RVN_CONCESION_PRINCIPAL_y,MTC_RVN_CORREDOR_LOGISTICO_y,MTC_RVN_N_TRAMOS_y,MTC_RVN_LONGITUD_KM,MTC_RVN_N_CARRILES_MEDIANA,MTC_RVN_SUPERFICIE_DOMINANTE,MTC_RVN_ESTADO_DOMINANTE,MTC_RVN_ES_CONCESIONADA,MTC_RVN_CONCESION_PRINCIPAL,MTC_RVN_CORREDOR_LOGISTICO,MTC_RVN_N_TRAMOS,IDH_UBIGEO,IDH_2019,IDH_ESP_VIDA_2019,IDH_EDUC_SECUND_PCT_2019,IDH_ANIOS_EDUC_2019,IDH_INGRESO_PERCAP_2019,IDH_POBLACION_2019,MTC_DEP_RED_TOTAL_KM,MTC_DEP_NACIONAL_TOTAL_KM,MTC_DEP_DEPARTAMENTAL_TOTAL_KM,MTC_DEP_VECINAL_TOTAL_KM,MTC_DEP_PAV_TOTAL_KM,MTC_DEP_NO_PAV_TOTAL_KM,MTC_DEP_PCT_PAVIMENTADA,PER_TOTAL_PERSONAS,PER_N_CONDUCTORES,PER_N_CONDUCTORES_FUGADOS,PER_N_PEATONES,PER_N_PASAJEROS_OCUPANTES,PER_EDAD_COND_PROM,PER_EDAD_COND_MIN,PER_EDAD_COND_MAX,PER_ANY_COND_MASCULINO,PER_ANY_LIC_PROBLEMA,PER_ANY_DOSAJE_POS,PER_ANY_DOSAJE_EVALUADO,VEH_TOTAL,VEH_N_FUGADOS,VEH_ANY_FUGADO,VEH_ANY_CARGA,VEH_ANY_PUBLICO,VEH_ANY_PARTICULAR,VEH_ANY_MOTO,VEH_ANY_AUTO,VEH_ANY_CAMION_BUS,VEH_ANY_SOAT_PROBLEMA,VEH_ANY_CITV_PROBLEMA,VEH_ANY_SEGURO_PROBLEMA
A-2023-06-138,16/06/2023,20:30,ATROPELLO FUGA,1,0,1,LIMA,LIMA,SANTIAGO DE SURCO,URBANA,CARRETERA,NACIONAL,PE-1S,-12.11946773240162,-76.97718852870648,DESPEJADO,COMERCIAL,TRAMO RECTO,INCLINADA,ASFALTADA,SIN_DATO,SIN_DATO,SIN_DATO,SIN_DATO,EN PROCESO DE INVESTIGACIÓN,NO CUENTA CON CAUSA ESPECIFICA,6639.975,2.0,Pavimentado,Bueno,1.0,No concesionado,Eje Estructurante Sur,1616.0,6639.975,2.0,Pavimentado,Bueno,1.0,No concesionado,Eje Estructurante Sur,1616.0,6639.975,2.0,Pavimentado,Bueno,1.0,No concesionado,Eje Estructurante Sur,1616.0,150140,0.8017574897902351,80.48487267736287,78.74302427848284,13.156716040468266,1766.1488062170545,359776.608137045,7626.313,1683.4029999999998,1599.0829999999996,4343.827000000001,1814.875,5811.438000000001,23.797541485643194,2,1,1,1,0,,,,0.0,0.0,0.0,0.0,1,1,1.0,0.0,0.0,0.0,0.0,0.0,0.0,0.0,0.0,1.0
A-2023-06-28,16/06/2023,20:30,ATROPELLO FUGA,1,0,1,CUSCO,URUBAMBA,URUBAMBA,URBANA,CARRETERA,NACIONAL,PE-28B,-13.305271,-72.121061,DESPEJADO,COMERCIAL,TRAMO RECTO,PLANA,ASFALTADA,NO,SIN_DATO,SIN_DATO,SI,IMPRUDENCIA DEL CONDUCTOR,EXCESO DE VELOCIDAD,3447.8009999999995,1.0,Pavimentado,Regular,0.0,No concesionado,Corredor Ayacucho - Quellouno - Quillabamba,1109.0,3447.8009999999995,1.0,Pavimentado,Regular,0.0,No concesionado,Corredor Ayacucho - Quellouno - Quillabamba,1109.0,3447.8009999999995,1.0,Pavimentado,Regular,0.0,No concesionado,Corredor Ayacucho - Quellouno - Quillabamba,1109.0,081301,0.5961225511084856,78.53035911580116,68.81531875437855,9.019506278168732,1024.5153398091154,21509.777301927195,17779.13499998999,2097.3709999899993,2863.123,12818.640999999989,2878.713,14900.421999989987,16.19152450331032,2,1,0,1,0,26.0,26.0,26.0,1.0,1.0,0.0,0.0,1,0,0.0,0.0,1.0,0.0,1.0,0.0,0.0,1.0,1.0,1.0
A-2023-06-191,16/06/2023,23:30,DESPISTE,1,0,1,CAJAMARCA,CHOTA,LLAMA,URBANA,CARRETERA,NACIONAL,PE-06A,-6.51352848171515,-79.1888854547926,DESPEJADO,RESIDENCIAL,TRAMO RECTO,PLANA,ASFALTADA,NO,SIN_DATO,SIN_DATO,SI,IMPRUDENCIA DEL CONDUCTOR,EXCESO DE VELOCIDAD,919.085,2.0,Pavimentado,Regular,0.0,No concesionado,CO 16: Chiclayo - Cajamarca,218.0,919.085,2.0,Pavimentado,Regular,0.0,No concesionado,CO 16: Chiclayo - Cajamarca,218.0,919.085,2.0,Pavimentado,Regular,0.0,No concesionado,CO 16: Chiclayo - Cajamarca,218.0,060411,0.41987052645005524,71.07710978950026,66.58810225494344,5.455993657128185,608.8154659157517,7079.2912205567445,15935.565011852366,1733.9250000199986,935.692,13265.948011832368,2000.1670000199988,13935.398011832369,12.551591352627522,1,1,0,0,0,44.0,44.0,44.0,1.0,0.0,0.0,1.0,1,0,0.0,0.0,0.0,1.0,0.0,1.0,0.0,0.0,1.0,0.0
A-2023-06-139,17/06/2023,00:30,ATROPELLO FUGA,1,0,1,LIMA,LIMA,LURIN,URBANA,CARRETERA,NACIONAL,PE-1S,-12.292872,-76.863096,DESPEJADO,INDUSTRIAL,TRAMO RECTO,PLANA,ASFALTADA,SIN_DATO,SIN_DATO,SIN_DATO,SIN_DATO,EN PROCESO DE INVESTIGACIÓN,NO CUENTA CON CAUSA ESPECIFICA,6639.975,2.0,Pavimentado,Bueno,1.0,No concesionado,Eje Estructurante Sur,1616.0,6639.975,2.0,Pavimentado,Bueno,1.0,No concesionado,Eje Estructurante Sur,1616.0,6639.975,2.0,Pavimentado,Bueno,1.0,No concesionado,Eje Estructurante Sur,1616.0,150119,0.6909236767275176,78.41626133969348,70.97436336767564,9.826485374940413,1476.8351947609171,95908.53319057815,7626.313,1683.4029999999998,1599.0829999999996,4343.827000000001,1814.875,5811.438000000001,23.797541485643194,2,1,1,1,0,,,,0.0,0.0,0.0,0.0,1,1,1.0,0.0,0.0,0.0,0.0,0.0,0.0,0.0,0.0,1.0
A-2023-06-153,17/06/2023,01:30,ATROPELLO,1,0,1,LIMA,LIMA,ATE,URBANA,CARRETERA,NACIONAL,PE-22,-12.00990055,-76.86931821,DESPEJADO,INDUSTRIAL,TRAMO RECTO,INCLINADA,ASFALTADA,SIN_DATO,SIN_DATO,SIN_DATO,SIN_DATO,EN PROCESO DE INVESTIGACIÓN,NO CUENTA CON CAUSA ESPECIFICA,875.67,2.0,Pavimentado,Bueno,1.0,IIRSA Centro - Tramo 2: Pte. Ricardo Palma - La Oroya - Huancayo y La Oroya - Dv. Cerro de Pasco,Corredor Central,156.0,875.67,2.0,Pavimentado,Bueno,1.0,IIRSA Centro - Tramo 2: Pte. Ricardo Palma - La Oroya - Huancayo y La Oroya - Dv. Cerro de Pasco,Corredor Central,156.0,875.67,2.0,Pavimentado,Bueno,1.0,IIRSA Centro - Tramo 2: Pte. Ricardo Palma - La Oroya - Huancayo y La Oroya - Dv. Cerro de Pasco,Corredor Central,156.0,150103,0.6868549636939637,79.62363164345142,76.30894566128948,9.209137883551294,1425.4498631666322,684921.8484148846,7626.313,1683.4029999999998,1599.0829999999996,4343.827000000001,1814.875,5811.438000000001,23.797541485643194,2,1,0,1,0,33.0,33.0,33.0,1.0,0.0,0.0,0.0,1,0,0.0,0.0,0.0,1.0,1.0,0.0,0.0,0.0,1.0,0.0
A-2023-06-140,17/06/2023,09:00,ATROPELLO,1,0,1,LIMA,LIMA,MIRAFLORES,URBANA,AVENIDA,URBANO,NO CORRESPONDE,-12.115355733890553,-77.02957748346554,DESPEJADO,COMERCIAL,TRAMO RECTO,PLANA,ASFALTADA,NO,SIN_DATO,SIN_DATO,SI,EN PROCESO DE INVESTIGACIÓN,NO CUENTA CON CAUSA ESPECIFICA,,,,,,,,,,,,,,,,,,,,,,,,,150122,0.8326399351216524,80.31446032722859,77.78409882620639,13.965074159802281,1925.7868972542446,87898.66595289079,7626.313,1683.4029999999998,1599.0829999999996,4343.827000000001,1814.875,5811.438000000001,23.797541485643194,2,1,0,1,0,42.0,42.0,42.0,1.0,0.0,0.0,0.0,1,0,0.0,0.0,0.0,1.0,0.0,1.0,0.0,0.0,0.0,0.0
A-2023-06-162,17/06/2023,09:00,DESPISTE,1,0,1,JUNIN,JAUJA,CURICACA,RURAL,CARRETERA,NACIONAL,PE-3S,-11.7961585171155,-75.6587503727499,SOLEADO,RURAL,TRAMO RECTO,PLANA,ASFALTADA,SIN_DATO,SIN_DATO,SIN_DATO,SIN_DATO,EN PROCESO DE INVESTIGACIÓN,NO CUENTA CON CAUSA ESPECIFICA,7586.903,2.0,Pavimentado,Bueno,1.0,No concesionado,CO 10: Abancay - Ayacucho- Huancayo- La Oroya,1198.0,7586.903,2.0,Pavimentado,Bueno,1.0,No concesionado,CO 10: Abancay - Ayacucho- Huancayo- La Oroya,1198.0,7586.903,2.0,Pavimentado,Bueno,1.0,No concesionado,CO 10: Abancay - Ayacucho- Huancayo- La Oroya,1198.0,120406,0.4545643050211295,68.73444804749025,55.05670880126828,7.076811092931955,737.237129067086,1424.8051391862955,12264.545,1826.4639999999995,1105.5389999999998,9332.542000000001,1588.5359999999996,10676.009,12.952261987705208,1,1,0,0,0,45.0,45.0,45.0,1.0,0.0,0.0,0.0,1,0,0.0,1.0,0.0,0.0,0.0,0.0,1.0,0.0,0.0,0.0
A-2023-06-163,17/06/2023,13:30,CAÍDA DE PASAJERO,1,0,1,JUNIN,JAUJA,SINCOS,RURAL,CARRETERA,NACIONAL,PE-3SB,-11.8805289574069,-75.3974471372183,SOLEADO,RURAL,TRAMO RECTO,PLANA,ASFALTADA,SIN_DATO,SIN_DATO,SIN_DATO,SIN_DATO,EN PROCESO DE INVESTIGACIÓN,NO CUENTA CON CAUSA ESPECIFICA,196.88000000000002,2.0,Pavimentado,Bueno,1.0,IIRSA Centro - Tramo 2: Pte. Ricardo Palma - La Oroya - Huancayo y La Oroya - Dv. Cerro de Pasco,No corresponde,35.0,196.88000000000002,2.0,Pavimentado,Bueno,1.0,IIRSA Centro - Tramo 2: Pte. Ricardo Palma - La Oroya - Huancayo y La Oroya - Dv. Cerro de Pasco,No corresponde,35.0,196.88000000000002,2.0,Pavimentado,Bueno,1.0,IIRSA Centro - Tramo 2: Pte. Ricardo Palma - La Oroya - Huancayo y La Oroya - Dv. Cerro de Pasco,No corresponde,35.0,120431,0.38294184273019083,69.53519019140302,61.90302484972667,7.605764991096732,405.6993645641632,4767.728051391863,12264.545,1826.4639999999995,1105.5389999999998,9332.542000000001,1588.5359999999996,10676.009,12.952261987705208,2,1,0,0,1,52.0,52.0,52.0,1.0,0.0,0.0,0.0,1,0,0.0,0.0,0.0,1.0,0.0,0.0,0.0,1.0,1.0,1.0
A-2023-06-188,17/06/2023,19:15,VOLCADURA,4,1,2,CAJAMARCA,CHOTA,COCHABAMBA,RURAL,CARRETERA,NACIONAL,PE-06A,-6.475688,-78.889047,DESPEJADO,INDUSTRIAL,CURVA,INCLINADA,CONCRETO,SIN_DATO,SIN_DATO,SIN_DATO,SIN_DATO,IMPRUDENCIA DEL CONDUCTOR,EXCESO DE VELOCIDAD,919.085,2.0,Pavimentado,Regular,0.0,No concesionado,CO 16: Chiclayo - Cajamarca,218.0,919.085,2.0,Pavimentado,Regular,0.0,No concesionado,CO 16: Chiclayo - Cajamarca,218.0,919.085,2.0,Pavimentado,Regular,0.0,No concesionado,CO 16: Chiclayo - Cajamarca,218.0,060407,0.3011301347839704,71.97114344661169,54.49911076138603,4.057283312480806,327.11652498407375,5264.304068522484,15935.565011852366,1733.9250000199986,935.692,13265.948011832368,2000.1670000199988,13935.398011832369,12.551591352627522,6,2,0,0,4,61.0,61.0,61.0,1.0,0.0,0.0,1.0,2,0,0.0,0.0,1.0,1.0,1.0,1.0,0.0,0.0,1.0,1.0
A-2023-06-95,17/06/2023,20:00,CHOQUE,1,0,1,PUNO,SAN ROMAN,JULIACA,URBANA,CARRETERA,NACIONAL,PE-3S,-15.470420572817096,-70.13776478505466,DESPEJADO,COMERCIAL,TRAMO RECTO,PLANA,ASFALTADA,SIN_DATO,SIN_DATO,SIN_DATO,SIN_DATO,IMPRUDENCIA DEL CONDUCTOR,CONDUCIR EN ESTADO DE EBRIEDAD Y/O DROGADICCIÓN,7586.903,2.0,Pavimentado,Bueno,1.0,No concesionado,CO 10: Abancay - Ayacucho- Huancayo- La Oroya,1198.0,7586.903,2.0,Pavimentado,Bueno,1.0,No concesionado,CO 10: Abancay - Ayacucho- Huancayo- La Oroya,1198.0,7586.903,2.0,Pavimentado,Bueno,1.0,No concesionado,CO 10: Abancay - Ayacucho- Huancayo- La Oroya,1198.0,211101,0.5759734352119,73.55929462493827,78.89306383943827,10.174966342239475,888.1716010638444,232834.39603082248,13642.312999999998,2020.7790000000005,2354.117,9267.416999999998,3314.0520000000006,10328.260999999997,24.29244952817019,2,2,0,0,0,39.0,30.0,48.0,1.0,1.0,0.0,0.0,2,0,0.0,0.0,0.0,1.0,1.0,0.0,1.0,1.0,1.0,1.0
A-2023-06-64,17/06/2023,21:00,CHOQUE FUGA,1,0,1,LA LIBERTAD,TRUJILLO,HUANCHACO,RURAL,CARRETERA,NACIONAL,PE-1N,-8.047795,-79.08601,DESPEJADO,RURAL,TRAMO RECTO,PLANA,ASFALTADA,SIN_DATO,SIN_DATO,SIN_DATO,SIN_DATO,IMPRUDENCIA DEL CONDUCTOR,CONDUCIR EN ESTADO DE EBRIEDAD Y/O DROGADICCIÓN,6543.555,3.0,Pavimentado,Bueno,1.0,Autopista del Sol,Eje Estructurante Norte,1475.0,6543.555,3.0,Pavimentado,Bueno,1.0,Autopista del Sol,Eje Estructurante Norte,1475.0,6543.555,3.0,Pavimentado,Bueno,1.0,Autopista del Sol,Eje Estructurante Norte,1475.0,130104,0.583006771156836,78.2441938961209,62.24037484511178,8.807312392374042,1028.2282118265089,76607.295503212,8931.828000000005,1335.5899999999997,1935.9830000000004,5660.255000000005,1219.309,7712.519000000005,13.651281686122923,2,2,1,0,0,28.0,28.0,28.0,1.0,1.0,0.0,0.0,2,1,1.0,0.0,0.0,1.0,1.0,0.0,0.0,1.0,0.0,1.0
A-2023-06-39,18/06/2023,02:41,ATROPELLO FUGA,1,0,1,CUSCO,CUSCO,SAN SEBASTIAN,URBANA,AVENIDA,URBANO,NO CORRESPONDE,-13.532598,-71.919976,DESPEJADO,COMERCIAL,TRAMO RECTO,PLANA,ASFALTADA,SI,PREVENTIVA (P),SIN_DATO,NO,IMPRUDENCIA DEL PEATÓN,ESTADO DE EBRIEDAD Y/O DROGADICCIÓN,,,,,,,,,,,,,,,,,,,,,,,,,080105,0.6806292796157144,77.51447806142957,82.6599812385644,11.044400293146794,1245.5372385926626,131240.7944325482,17779.13499998999,2097.3709999899993,2863.123,12818.640999999989,2878.713,14900.421999989987,16.19152450331032,2,1,1,1,0,,,,0.0,0.0,0.0,0.0,1,1,1.0,0.0,0.0,0.0,0.0,0.0,0.0,0.0,0.0,1.0
A-2023-06-141,18/06/2023,06:00,ATROPELLO FUGA,1,0,1,LIMA,LIMA,ATE,URBANA,CARRETERA,NACIONAL,PE-22,-12.00829,-76.860486,DESPEJADO,INDUSTRIAL,TRAMO RECTO,INCLINADA,ASFALTADA,SIN_DATO,SIN_DATO,SIN_DATO,SIN_DATO,EN PROCESO DE INVESTIGACIÓN,NO CUENTA CON CAUSA ESPECIFICA,875.67,2.0,Pavimentado,Bueno,1.0,IIRSA Centro - Tramo 2: Pte. Ricardo Palma - La Oroya - Huancayo y La Oroya - Dv. Cerro de Pasco,Corredor Central,156.0,875.67,2.0,Pavimentado,Bueno,1.0,IIRSA Centro - Tramo 2: Pte. Ricardo Palma - La Oroya - Huancayo y La Oroya - Dv. Cerro de Pasco,Corredor Central,156.0,875.67,2.0,Pavimentado,Bueno,1.0,IIRSA Centro - Tramo 2: Pte. Ricardo Palma - La Oroya - Huancayo y La Oroya - Dv. Cerro de Pasco,Corredor Central,156.0,150103,0.6868549636939637,79.62363164345142,76.30894566128948,9.209137883551294,1425.4498631666322,684921.8484148846,7626.313,1683.4029999999998,1599.0829999999996,4343.827000000001,1814.875,5811.438000000001,23.797541485643194,2,1,1,1,0,,,,0.0,0.0,0.0,0.0,1,1,1.0,0.0,0.0,0.0,0.0,0.0,0.0,0.0,0.0,1.0
A-2023-06-101,18/06/2023,06:20,CHOQUE FUGA,1,0,2,PIURA,PIURA,CASTILLA,URBANA,CARRETERA,NACIONAL,PE-1NJ,-5.193530793231174,-80.61389743833014,DESPEJADO,COMERCIAL,TRAMO RECTO,PLANA,ASFALTADA,SIN_DATO,SIN_DATO,SIN_DATO,SIN_DATO,IMPRUDENCIA DEL CONDUCTOR,EXCESO DE VELOCIDAD,1305.18,2.0,Pavimentado,Bueno,1.0,Eje Multimodal Amazonas Norte,Corredor IIRSA Norte,163.0,1305.18,2.0,Pavimentado,Bueno,1.0,Eje Multimodal Amazonas Norte,Corredor IIRSA Norte,163.0,1305.18,2.0,Pavimentado,Bueno,1.0,Eje Multimodal Amazonas Norte,Corredor IIRSA Norte,163.0,200104,0.6220812987247925,80.20155828147696,72.71675503872983,10.02377668600292,1028.915688621886,159840.92719486082,8965.846000060003,1782.4120000599992,636.9959999999999,6546.438000000004,2214.505000059999,6751.341000000004,24.699342371541725,2,2,0,0,0,48.0,48.0,48.0,1.0,0.0,0.0,1.0,2,0,0.0,0.0,0.0,1.0,1.0,1.0,0.0,0.0,0.0,1.0
A-2023-06-29,18/06/2023,07:10,CHOQUE,1,0,1,AREQUIPA,AREQUIPA,VITOR,URBANA,CARRETERA,NACIONAL,PE-1S,-16.4812985,-71.905956782,SOLEADO,RURAL,TRAMO RECTO,INCLINADA,ASFALTADA,SIN_DATO,SIN_DATO,SIN_DATO,SIN_DATO,EN PROCESO DE INVESTIGACIÓN,NO CUENTA CON CAUSA ESPECIFICA,6639.975,2.0,Pavimentado,Bueno,1.0,No concesionado,Eje Estructurante Sur,1616.0,6639.975,2.0,Pavimentado,Bueno,1.0,No concesionado,Eje Estructurante Sur,1616.0,6639.975,2.0,Pavimentado,Bueno,1.0,No concesionado,Eje Estructurante Sur,1616.0,040125,0.6455852322566902,78.58826324858522,78.38415596279924,8.472481180514539,1258.6172876652156,2628.282655246253,10322.272,1495.2359999999999,1749.739,7077.2970000000005,2886.595,7435.677000000001,27.964725207783708,2,2,0,0,0,40.0,28.0,52.0,1.0,0.0,1.0,1.0,2,0,0.0,1.0,0.0,0.0,0.0,1.0,1.0,0.0,0.0,0.0
A-2023-06-66,18/06/2023,07:40,CAÍDA DE PASAJERO,1,0,1,LA LIBERTAD,TRUJILLO,SALAVERRY,URBANA,CALLE,URBANO,NO CORRESPONDE,-8.192137,-78.98095,DESPEJADO,RURAL,TRAMO RECTO,PLANA,ASFALTADA,SIN_DATO,SIN_DATO,SIN_DATO,SIN_DATO,EN PROCESO DE INVESTIGACIÓN,NO CUENTA CON CAUSA ESPECIFICA,,,,,,,,,,,,,,,,,,,,,,,,,130109,0.5704872313485707,78.73040511828864,66.00991236238886,8.931371175352043,922.6441961800402,20630.586723768734,8931.828000000005,1335.5899999999997,1935.9830000000004,5660.255000000005,1219.309,7712.519000000005,13.651281686122923,2,1,0,0,1,35.0,35.0,35.0,1.0,0.0,0.0,0.0,1,0,0.0,0.0,1.0,0.0,0.0,0.0,1.0,1.0,0.0,1.0
A-2023-06-22,18/06/2023,11:00,DESPISTE,1,0,1,LIMA,HUAURA,SANTA MARIA,URBANA,CARRETERA,PROVINCIAL,LM-652,-11.093723107060166,-77.57393715840348,DESPEJADO,RESIDENCIAL,TRAMO RECTO,PLANA,ASFALTADA,SIN_DATO,SIN_DATO,SIN_DATO,SIN_DATO,IMPRUDENCIA DEL CONDUCTOR,CONDUCIR EN ESTADO DE EBRIEDAD Y/O DROGADICCIÓN,,,,,,,,,,,,,,,,,,,,,,,,,150810,0.6256541286888256,76.866876725279,74.48686395070398,9.794027812898845,1113.4562244631716,37972.95074946467,7626.313,1683.4029999999998,1599.0829999999996,4343.827000000001,1814.875,5811.438000000001,23.797541485643194,1,1,0,0,0,29.0,29.0,29.0,1.0,1.0,0.0,0.0,1,0,0.0,0.0,0.0,1.0,1.0,0.0,0.0,1.0,0.0,1.0
A-2023-06-60,18/06/2023,16:30,CHOQUE CON OBJETO FIJO,1,0,1,PUNO,YUNGUYO,YUNGUYO,URBANA,AVENIDA,URBANO,NO CORRESPONDE,-16.2517237,-69.0908728,DESPEJADO,COMERCIAL,TRAMO RECTO,PLANA,CONCRETO,SIN_DATO,SIN_DATO,SIN_DATO,SIN_DATO,IMPRUDENCIA DEL CONDUCTOR,OTRO (IMPRUDENCIA DEL CONDUCTOR),,,,,,,,,,,,,,,,,,,,,,,,,211301,0.4165447461855686,74.77127585660097,73.32833413464006,6.399479128468322,475.6850527085419,23516.528907922908,13642.312999999998,2020.7790000000005,2354.117,9267.416999999998,3314.0520000000006,10328.260999999997,24.29244952817019,1,1,0,0,0,44.0,44.0,44.0,1.0,1.0,0.0,0.0,1,0,0.0,0.0,0.0,1.0,1.0,0.0,0.0,1.0,0.0,1.0
A-2023-06-68,18/06/2023,19:00,CHOQUE,1,0,2,LA LIBERTAD,VIRU,CHAO,RURAL,CARRETERA,NACIONAL,PE-1N,-8.564295,-78.673883,DESPEJADO,RURAL,TRAMO RECTO,PLANA,ASFALTADA,SIN_DATO,SIN_DATO,SIN_DATO,SIN_DATO,EN PROCESO DE INVESTIGACIÓN,NO CUENTA CON CAUSA ESPECIFICA,6543.555,3.0,Pavimentado,Bueno,1.0,Autopista del Sol,Eje Estructurante Norte,1475.0,6543.555,3.0,Pavimentado,Bueno,1.0,Autopista del Sol,Eje Estructurante Norte,1475.0,6543.555,3.0,Pavimentado,Bueno,1.0,Autopista del Sol,Eje Estructurante Norte,1475.0,131202,0.49715046065476454,77.79759708660042,46.44666297237219,6.322206801902116,929.9716106661404,44368.59100642397,8931.828000000005,1335.5899999999997,1935.9830000000004,5660.255000000005,1219.309,7712.519000000005,13.651281686122923,2,2,0,0,0,33.0,31.0,35.0,1.0,0.0,0.0,0.0,2,0,0.0,1.0,0.0,0.0,0.0,0.0,1.0,0.0,0.0,0.0
A-2023-06-18,18/06/2023,20:15,ATROPELLO,1,0,1,ANCASH,YUNGAY,YUNGAY,RURAL,CARRETERA,PROVINCIAL,AN-829,-9.067240648699457,-77.74595258136482,DESPEJADO,RURAL,TRAMO RECTO,PLANA,ASFALTADA,SI,REGULADORA (R),PREVENTIVA (P),SI,EN PROCESO DE INVESTIGACIÓN,NO CUENTA CON CAUSA ESPECIFICA,,,,,,,,,,,,,,,,,,,,,,,,,022001,0.4225175571417921,72.0073136099048,61.38289654748469,6.311615395277217,572.3923378688387,21231.406852248394,10767.648000000001,1885.0630000000003,1222.721,7659.864000000001,2100.343,8667.305000000002,19.506051832303577,2,1,0,1,0,35.0,35.0,35.0,1.0,0.0,0.0,0.0,1,0,0.0,0.0,1.0,0.0,0.0,0.0,1.0,0.0,0.0,0.0
A-2023-06-30,18/06/2023,20:20,CHOQUE,1,2,2,SAN MARTIN,RIOJA,NUEVA CAJAMARCA,RURAL,CARRETERA,SIN CLASIFICAR,SIN CLASIFICAR,-5.9497686,-77.2911855,DESPEJADO,RURAL,CURVA,PLANA,ASFALTADA,SIN_DATO,SIN_DATO,SIN_DATO,SIN_DATO,IMPRUDENCIA DEL CONDUCTOR,INVASIÓN DE CARRIL,,,,,,,,,,,,,,,,,,,,,,,,,220804,0.4789759027469384,73.43778249935497,54.01635312204597,6.285279694551369,847.2910954428505,47552.6295503212,5645.1359999999995,815.0759999999999,965.298,3864.7619999999997,1013.406,4631.73,17.95184385283189,3,2,0,0,1,41.5,37.0,46.0,1.0,1.0,0.0,0.0,2,0,0.0,0.0,0.0,1.0,1.0,0.0,0.0,0.0,1.0,0.0
A-2023-06-63,18/06/2023,20:46,DESPISTE,3,2,1,PUNO,CHUCUITO,HUACULLANI,RURAL,CARRETERA,NACIONAL,PE-36A,-16.664977185860323,-69.49539723914677,DESPEJADO,RURAL,CURVA,PLANA,ASFALTADA,SIN_DATO,SIN_DATO,SIN_DATO,SIN_DATO,IMPRUDENCIA DEL CONDUCTOR,INVASIÓN DE CARRIL,1529.105,2.0,Pavimentado,Bueno,1.0,No concesionado,Corredor Ilo - Moquegua - Desaguadero,200.0,1529.105,2.0,Pavimentado,Bueno,1.0,No concesionado,Corredor Ilo - Moquegua - Desaguadero,200.0,1529.105,2.0,Pavimentado,Bueno,1.0,No concesionado,Corredor Ilo - Moquegua - Desaguadero,200.0,210403,0.2671908646315166,73.48292793161005,74.06901237312874,7.506971110385738,141.65155915099854,20223.04710920771,13642.312999999998,2020.7790000000005,2354.117,9267.416999999998,3314.0520000000006,10328.260999999997,24.29244952817019,5,1,0,0,4,48.0,48.0,48.0,1.0,0.0,0.0,0.0,1,0,0.0,0.0,0.0,1.0,0.0,1.0,0.0,0.0,0.0,0.0
A-2023-06-142,19/06/2023,03:15,CHOQUE,1,0,1,LIMA,LIMA,LOS OLIVOS,URBANA,AVENIDA,URBANO,NO CORRESPONDE,-11.98006605,-77.07233094,DESPEJADO,COMERCIAL,INTERSECCIÓN,INCLINADA,ASFALTADA,SIN_DATO,SIN_DATO,SIN_DATO,SIN_DATO,EN PROCESO DE INVESTIGACIÓN,NO CUENTA CON CAUSA ESPECIFICA,,,,,,,,,,,,,,,,,,,,,,,,,150117,0.758462599563312,80.5192231989937,79.20045639149897,11.338390414524579,1628.5661148492152,363987.54389721627,7626.313,1683.4029999999998,1599.0829999999996,4343.827000000001,1814.875,5811.438000000001,23.797541485643194,2,2,0,0,0,38.0,28.0,48.0,1.0,1.0,0.0,0.0,2,0,0.0,0.0,0.0,1.0,1.0,1.0,0.0,0.0,1.0,0.0