CODIGO_SINIESTRO,FECHA SINIESTRO,HORA SINIESTRO,CLASE SINIESTRO,CANTIDAD DE FALLECIDOS,CANTIDAD DE LESIONADOS,CANTIDAD DE VEHICULOS DAÑADOS,DEPARTAMENTO,PROVINCIA,DISTRITO,ZONA,TIPO DE VÍA,RED VIAL,COD CARRETERA,COORDENADAS LATITUD,COORDENADAS  LONGITUD,CONDICIÓN CLIMÁTICA,ZONIFICACIÓN,CARACTERÍSTICAS DE VÍA,PERFIL LONGITUDINAL VÍA,SUPERFICIE DE CALZADA,¿EXISTE SEÑAL VERTICAL?,CLASIFICACIÓN DE LA SEÑAL VERTICAL Nº 1,CLASIFICACIÓN DE LA SEÑAL VERTICAL Nº 2,¿EXISTE SEÑAL HORIZONTAL?,CAUSA FACTOR PRINCIPAL,CAUSA ESPECÍFICA,MTC_RVN_LONGITUD_KM_x,MTC_RVN_N_CARRILES_MEDIANA_x,MTC_RVN_SUPERFICIE_DOMINANTE_x,MTC_RVN_ESTADO_DOMINANTE_x,MTC_RVN_ES_CONCESIONADA_x,MTC_RVN_CONCESION_PRINCIPAL_x,MTC_RVN_CORREDOR_LOGISTICO_x,MTC_RVN_N_TRAMOS_x,MTC_RVN_LONGITUD_KM_y,MTC_RVN_N_CARRILES_MEDIANA_y,MTC_RVN_SUPERFICIE_DOMINANTE_y,MTC_RVN_ESTADO_DOMINANTE_y,MTC_RVN_ES_CONCESIONADA_y,MTC_RVN_CONCESION_PRINCIPAL_y,MTC_RVN_CORREDOR_LOGISTICO_y,MTC_RVN_N_TRAMOS_y,MTC_RVN_LONGITUD_KM,MTC_RVN_N_CARRILES_MEDIANA,MTC_RVN_SUPERFICIE_DOMINANTE,MTC_RVN_ESTADO_DOMINANTE,MTC_RVN_ES_CONCESIONADA,MTC_RVN_CONCESION_PRINCIPAL,MTC_RVN_CORREDOR_LOGISTICO,MTC_RVN_N_TRAMOS,IDH_UBIGEO,IDH_2019,IDH_ESP_VIDA_2019,IDH_EDUC_SECUND_PCT_2019,IDH_ANIOS_EDUC_2019,IDH_INGRESO_PERCAP_2019,IDH_POBLACION_2019,MTC_DEP_RED_TOTAL_KM,MTC_DEP_NACIONAL_TOTAL_KM,MTC_DEP_DEPARTAMENTAL_TOTAL_KM,MTC_DEP_VECINAL_TOTAL_KM,MTC_DEP_PAV_TOTAL_KM,MTC_DEP_NO_PAV_TOTAL_KM,MTC_DEP_PCT_PAVIMENTADA,PER_TOTAL_PERSONAS,PER_N_CONDUCTORES,PER_N_CONDUCTORES_FUGADOS,PER_N_PEATONES,PER_N_PASAJEROS_OCUPANTES,PER_EDAD_COND_PROM,PER_EDAD_COND_MIN,PER_EDAD_COND_MAX,PER_ANY_COND_MASCULINO,PER_ANY_LIC_PROBLEMA,PER_ANY_DOSAJE_POS,PER_ANY_DOSAJE_EVALUADO,VEH_TOTAL,VEH_N_FUGADOS,VEH_ANY_FUGADO,VEH_ANY_CARGA,VEH_ANY_PUBLICO,VEH_ANY_PARTICULAR,VEH_ANY_MOTO,VEH_ANY_AUTO,VEH_ANY_CAMION_BUS,VEH_ANY_SOAT_PROBLEMA,VEH_ANY_CITV_PROBLEMA,VEH_ANY_SEGURO_PROBLEMA
A-2024-01-7,07/01/2024,13:50,DESPISTE,1,0,1,AREQUIPA,AREQUIPA,UCHUMAYO,URBANA,CARRETERA,NACIONAL,PE-34A,-16.425136,-71.662889,SOLEADO,RURAL,TRAMO RECTO,INCLINADA,ASFALTADA,NO,SIN_DATO,SIN_DATO,SI,EN PROCESO DE INVESTIGACIÓN,NO CUENTA CON CAUSA ESPECIFICA,1504.4250000000002,2.0,Pavimentado,Bueno,1.0,IIRSA Sur - Tramo 5: Matarani - Azángaro - Ilo,Corredor Matarani - Arequipa - Juliaca,241.0,1504.4250000000002,2.0,Pavimentado,Bueno,1.0,IIRSA Sur - Tramo 5: Matarani - Azángaro - Ilo,Corredor Matarani - Arequipa - Juliaca,241.0,1504.4250000000002,2.0,Pavimentado,Bueno,1.0,IIRSA Sur - Tramo 5: Matarani - Azángaro - Ilo,Corredor Matarani - Arequipa - Juliaca,241.0,040124,0.6689013265491138,80.68275010974979,77.5560025217936,10.466309714908673,1190.454984819332,14385.036402569593,10322.272,1495.2359999999999,1749.739,7077.2970000000005,2886.595,7435.677000000001,27.964725207783708,1,1,0,0,0,51.0,51.0,51.0,1.0,0.0,0.0,0.0,1,0,0.0,1.0,0.0,0.0,0.0,0.0,1.0,0.0,0.0,0.0
A-2024-01-93,07/01/2024,15:50,DESPISTE,1,3,2,AYACUCHO,CANGALLO,MARIA PARADO DE BELLIDO,RURAL,CARRETERA,NACIONAL,PE-30D,-13.61998,-74.261692,DESPEJADO,RURAL,CURVA,INCLINADA,ASFALTADA,SI,PREVENTIVA (P),SIN_DATO,NO,IMPRUDENCIA DEL CONDUCTOR,EXCESO DE VELOCIDAD,1253.4750000000001,-1.0,Asfaltado económico,Regular,0.0,No concesionado,No corresponde,217.0,1253.4750000000001,-1.0,Asfaltado económico,Regular,0.0,No concesionado,No corresponde,217.0,1253.4750000000001,-1.0,Asfaltado económico,Regular,0.0,No concesionado,No corresponde,217.0,050204,0.25400582729504717,80.71271537106546,52.474103168810274,3.9692871700511247,188.6590077360009,2107.111349036403,12678.733000000004,1805.074000000001,1774.0339999999994,9099.625000000004,2485.375000000001,10193.358000000002,19.602707936195205,5,2,0,0,3,37.0,29.0,45.0,1.0,0.0,1.0,1.0,2,0,0.0,0.0,0.0,1.0,0.0,1.0,0.0,0.0,0.0,0.0
A-2024-01-88,07/01/2024,18:20,DESPISTE,1,0,1,PUNO,CARABAYA,MACUSANI,URBANA,AVENIDA,URBANO,NO CORRESPONDE,-14.073512948609627,-70.42898559229926,LLUVIOSO,ESCOLAR,TRAMO RECTO,PLANA,TROCHA,SIN_DATO,SIN_DATO,SIN_DATO,SIN_DATO,IMPRUDENCIA DEL CONDUCTOR,CONDUCIR EN ESTADO DE EBRIEDAD Y/O DROGADICCIÓN,,,,,,,,,,,,,,,,,,,,,,,,,210301,0.40519329751679367,65.49749636446467,57.19930904384225,6.434003254546677,597.3379213355063,13134.740899357601,13642.312999999998,2020.7790000000005,2354.117,9267.416999999998,3314.0520000000006,10328.260999999997,24.29244952817019,1,1,0,0,0,37.0,37.0,37.0,1.0,1.0,1.0,1.0,1,0,0.0,0.0,0.0,1.0,1.0,0.0,0.0,1.0,1.0,1.0
A-2024-01-142,08/01/2024,04:45,CHOQUE FUGA,1,0,1,LIMA,LIMA,VILLA EL SALVADOR,URBANA,CARRETERA,NACIONAL,PE-1S,-12.232089,-76.963748,DESPEJADO,INDUSTRIAL,TRAMO RECTO,PLANA,ASFALTADA,SIN_DATO,SIN_DATO,SIN_DATO,SIN_DATO,EN PROCESO DE INVESTIGACIÓN,NO CUENTA CON CAUSA ESPECIFICA,6639.975,2.0,Pavimentado,Bueno,1.0,No concesionado,Eje Estructurante Sur,1616.0,6639.975,2.0,Pavimentado,Bueno,1.0,No concesionado,Eje Estructurante Sur,1616.0,6639.975,2.0,Pavimentado,Bueno,1.0,No concesionado,Eje Estructurante Sur,1616.0,150142,0.6990481232857558,80.14597904142546,74.3851677794309,10.004397644056358,1432.5044292531525,459161.0728051392,7626.313,1683.4029999999998,1599.0829999999996,4343.827000000001,1814.875,5811.438000000001,23.797541485643194,2,2,1,0,0,19.0,19.0,19.0,1.0,1.0,0.0,0.0,2,1,1.0,0.0,0.0,1.0,1.0,0.0,0.0,1.0,1.0,1.0
A-2024-01-19,08/01/2024,20:20,DESPISTE,7,8,1,LA LIBERTAD,ASCOPE,CHICAMA,RURAL,CARRETERA,NACIONAL,PE-1N,-7.957124,-79.088982,DESPEJADO,RURAL,TRAMO RECTO,PLANA,ASFALTADA,SIN_DATO,SIN_DATO,SIN_DATO,SIN_DATO,IMPRUDENCIA DEL CONDUCTOR,OTRO (IMPRUDENCIA DEL CONDUCTOR),6543.555,3.0,Pavimentado,Bueno,1.0,Autopista del Sol,Eje Estructurante Norte,1475.0,6543.555,3.0,Pavimentado,Bueno,1.0,Autopista del Sol,Eje Estructurante Norte,1475.0,6543.555,3.0,Pavimentado,Bueno,1.0,Autopista del Sol,Eje Estructurante Norte,1475.0,130202,0.5721567587688113,77.67102283812494,66.21373667954742,8.464777379360486,978.4498488219192,15563.077087794432,8931.828000000005,1335.5899999999997,1935.9830000000004,5660.255000000005,1219.309,7712.519000000005,13.651281686122923,16,1,0,0,15,50.0,50.0,50.0,1.0,0.0,0.0,0.0,1,0,0.0,0.0,0.0,0.0,0.0,0.0,1.0,0.0,0.0,0.0
A-2024-01-21,09/01/2024,00:55,CHOQUE,1,0,2,LA LIBERTAD,VIRU,GUADALUPITO,RURAL,CARRETERA,NACIONAL,PE-1N,-8.71681945078552,-78.63644593856343,DESPEJADO,RURAL,TRAMO RECTO,PLANA,ASFALTADA,SIN_DATO,SIN_DATO,SIN_DATO,SIN_DATO,IMPRUDENCIA DEL CONDUCTOR,OTRO (IMPRUDENCIA DEL CONDUCTOR),6543.555,3.0,Pavimentado,Bueno,1.0,Autopista del Sol,Eje Estructurante Norte,1475.0,6543.555,3.0,Pavimentado,Bueno,1.0,Autopista del Sol,Eje Estructurante Norte,1475.0,6543.555,3.0,Pavimentado,Bueno,1.0,Autopista del Sol,Eje Estructurante Norte,1475.0,131203,0.4867987483268106,77.5825534369154,52.95148122709723,6.150547060309878,840.5788229266196,9838.736616702356,8931.828000000005,1335.5899999999997,1935.9830000000004,5660.255000000005,1219.309,7712.519000000005,13.651281686122923,3,2,0,0,1,35.0,31.0,39.0,1.0,0.0,0.0,1.0,2,0,0.0,1.0,0.0,0.0,0.0,0.0,1.0,0.0,0.0,0.0
A-2024-01-143,09/01/2024,12:30,CHOQUE,1,0,1,LIMA,LIMA,LURIGANCHO,URBANA,AVENIDA,URBANO,NO CORRESPONDE,-11.938854521481424,-76.6929789798185,DESPEJADO,RESIDENCIAL,INTERSECCIÓN,PLANA,ASFALTADA,SIN_DATO,SIN_DATO,SIN_DATO,SIN_DATO,IMPRUDENCIA DEL CONDUCTOR,OTRO (IMPRUDENCIA DEL CONDUCTOR),,,,,,,,,,,,,,,,,,,,,,,,,150118,0.6831952456039544,78.60873873772867,74.49000793376607,10.00420210847705,1376.0472418044385,255143.7301927195,7626.313,1683.4029999999998,1599.0829999999996,4343.827000000001,1814.875,5811.438000000001,23.797541485643194,2,2,0,0,0,43.5,38.0,49.0,1.0,0.0,0.0,0.0,2,0,0.0,1.0,1.0,0.0,1.0,0.0,1.0,0.0,1.0,1.0
A-2024-01-144,10/01/2024,08:50,CHOQUE,1,0,1,LIMA,LIMA,SAN MIGUEL,URBANA,AVENIDA,URBANO,NO CORRESPONDE,-12.069580184148702,-77.08203696851281,DESPEJADO,COMERCIAL,TRAMO RECTO,PLANA,ASFALTADA,SIN_DATO,SIN_DATO,SIN_DATO,SIN_DATO,IMPRUDENCIA DEL CONDUCTOR,NO ESTABLECER EL DERECHO DE PASO,,,,,,,,,,,,,,,,,,,,,,,,,150136,0.8224006497057281,80.32617651391924,76.66408959706945,12.776359230876041,1966.554093175902,146885.81156316918,7626.313,1683.4029999999998,1599.0829999999996,4343.827000000001,1814.875,5811.438000000001,23.797541485643194,2,2,0,0,0,55.5,33.0,78.0,1.0,1.0,0.0,0.0,2,0,0.0,0.0,0.0,1.0,1.0,1.0,0.0,0.0,1.0,0.0
A-2024-01-145,10/01/2024,13:00,CHOQUE,1,0,1,LIMA,LIMA,COMAS,URBANA,AVENIDA,URBANO,NO CORRESPONDE,-11.974824,-77.058419,DESPEJADO,RESIDENCIAL,TRAMO RECTO,PLANA,ASFALTADA,SIN_DATO,SIN_DATO,SIN_DATO,SIN_DATO,IMPRUDENCIA DEL CONDUCTOR,NO ENCENDER LAS LUCES,,,,,,,,,,,,,,,,,,,,,,,,,150110,0.7218926988400113,80.0902077245261,77.9581888264889,10.971588327733102,1458.3206086290393,530000.3426124197,7626.313,1683.4029999999998,1599.0829999999996,4343.827000000001,1814.875,5811.438000000001,23.797541485643194,2,2,0,0,0,45.0,25.0,65.0,1.0,1.0,0.0,0.0,2,0,0.0,1.0,0.0,1.0,1.0,0.0,1.0,0.0,1.0,1.0
A-2024-01-67,10/01/2024,14:30,CHOQUE,2,2,2,ICA,ICA,SANTIAGO,RURAL,CARRETERA,NACIONAL,PE-1S,-14.3350689,-75.6615314,SOLEADO,RURAL,TRAMO RECTO,PLANA,ASFALTADA,SIN_DATO,SIN_DATO,SIN_DATO,SIN_DATO,EN PROCESO DE INVESTIGACIÓN,NO CUENTA CON CAUSA ESPECIFICA,6639.975,2.0,Pavimentado,Bueno,1.0,No concesionado,Eje Estructurante Sur,1616.0,6639.975,2.0,Pavimentado,Bueno,1.0,No concesionado,Eje Estructurante Sur,1616.0,6639.975,2.0,Pavimentado,Bueno,1.0,No concesionado,Eje Estructurante Sur,1616.0,110111,0.6261042306271147,80.48505954362174,76.55712631348362,9.341715591523595,1061.002261282891,31419.372591006424,3721.461,698.1859999999996,744.866,2278.409,1102.9029999999996,2618.558,29.636290693359403,4,2,0,0,2,52.5,51.0,54.0,1.0,0.0,0.0,1.0,2,0,0.0,1.0,0.0,0.0,0.0,0.0,1.0,0.0,0.0,0.0
A-2024-01-103,11/01/2024,07:46,DESPISTE,1,2,1,PASCO,PASCO,YANACANCHA,RURAL,CARRETERA,PROVINCIAL,PA-559,-10.654741669026311,-76.23984076254537,DESPEJADO,RURAL,TRAMO RECTO,PLANA,TROCHA,SIN_DATO,SIN_DATO,SIN_DATO,SIN_DATO,IMPRUDENCIA DEL CONDUCTOR,FATIGA Y/O CANSANCIO,,,,,,,,,,,,,,,,,,,,,,,,,190113,0.6193421604458235,76.39017950195935,80.49432651192377,11.494439166895754,957.3168975257497,31875.248394004284,3677.1198630000004,564.5869999999999,910.845,2201.6878630000006,590.8779999999998,3086.2418630000006,16.06904376290656,3,1,0,0,2,15.0,15.0,15.0,1.0,1.0,0.0,1.0,1,0,0.0,0.0,0.0,1.0,0.0,1.0,0.0,0.0,0.0,0.0
A-2024-01-59,11/01/2024,12:50,DESPISTE,1,3,1,TACNA,CANDARAVE,CAIRANI,RURAL,CARRETERA,PROVINCIAL,TA-524,-17.247328,-70.337243,DESPEJADO,RURAL,TRAMO RECTO,PLANA,TROCHA,SIN_DATO,SIN_DATO,SIN_DATO,SIN_DATO,INFRAESTRUCTURA Y ENTORNO VIAL,FACTOR AMBIENTAL,,,,,,,,,,,,,,,,,,,,,,,,,230202,0.2375137880049473,72.07632726698625,66.4590957046114,6.5675808069094535,124.11483471727081,1076.9379014989295,2650.5719999999997,630.6729999999998,487.3610000000001,1532.5379999999998,1068.7019999999998,1581.87,40.31967439480987,4,1,0,0,3,38.0,38.0,38.0,1.0,0.0,0.0,1.0,1,0,0.0,1.0,0.0,0.0,0.0,0.0,1.0,0.0,0.0,0.0
A-2024-01-29,11/01/2024,17:00,DESPISTE,1,1,1,CUSCO,ANTA,ANTA,RURAL,CARRETERA,PROVINCIAL,CU-1247,-13.555065368515,-72.1724414712503,DESPEJADO,RURAL,SINUOSA,INCLINADA,TROCHA,SIN_DATO,SIN_DATO,SIN_DATO,SIN_DATO,EN PROCESO DE INVESTIGACIÓN,NO CUENTA CON CAUSA ESPECIFICA,,,,,,,,,,,,,,,,,,,,,,,,,080301,0.4461630003962475,73.21502670801013,72.39928330950325,7.637017072327872,534.399353077353,18328.770877944324,17779.13499998999,2097.3709999899993,2863.123,12818.640999999989,2878.713,14900.421999989987,16.19152450331032,2,1,0,0,1,43.0,43.0,43.0,1.0,0.0,0.0,1.0,1,0,0.0,1.0,0.0,0.0,0.0,0.0,1.0,0.0,1.0,0.0
A-2024-01-99,11/01/2024,20:30,ATROPELLO,1,0,1,CALLAO,CALLAO,VENTANILLA,URBANA,CARRETERA,NACIONAL,PE-20,-11.8693538236127,-77.1277735826605,DESPEJADO,INDUSTRIAL,TRAMO RECTO,INCLINADA,ASFALTADA,NO,SIN_DATO,SIN_DATO,SI,NEGLIGENCIA DEL CONDUCTOR,OTRO (NEGLIGENCIA DEL CONDUCTOR),139.23,-1.0,Pavimentado,Bueno,0.0,No concesionado,No corresponde,69.0,139.23,-1.0,Pavimentado,Bueno,0.0,No concesionado,No corresponde,69.0,139.23,-1.0,Pavimentado,Bueno,0.0,No concesionado,No corresponde,69.0,,,,,,,,51.58600000000001,44.68700000000001,6.899000000000001,0.0,49.838000000000015,1.748,96.61148373589734,2,1,0,1,0,52.0,52.0,52.0,1.0,0.0,0.0,0.0,1,0,0.0,0.0,0.0,1.0,0.0,1.0,0.0,0.0,0.0,0.0
A-2024-01-146,11/01/2024,22:30,DESPISTE,2,0,1,LIMA,LIMA,SAN JUAN DE LURIGANCHO,URBANA,JIRÓN,URBANO,NO CORRESPONDE,-11.95567088322478,-76.98983207317977,DESPEJADO,RESIDENCIAL,INTERSECCIÓN,PLANA,ASFALTADA,SIN_DATO,SIN_DATO,SIN_DATO,SIN_DATO,IMPRUDENCIA DEL CONDUCTOR,EXCESO DE VELOCIDAD,,,,,,,,,,,,,,,,,,,,,,,,,150132,0.701053025277506,79.62867561460851,73.1469484600971,10.064317505194426,1464.6926161541437,1150285.0494171206,7626.313,1683.4029999999998,1599.0829999999996,4343.827000000001,1814.875,5811.438000000001,23.797541485643194,2,1,0,0,1,43.0,43.0,43.0,1.0,1.0,0.0,0.0,1,0,0.0,0.0,0.0,1.0,1.0,0.0,0.0,0.0,0.0,0.0
A-2024-01-74,12/01/2024,19:00,CHOQUE,2,0,1,PIURA,PIURA,LA UNION,RURAL,CARRETERA,NACIONAL,PE-1NK,-5.3674,-80.73084,DESPEJADO,RURAL,TRAMO RECTO,PLANA,ASFALTADA,SIN_DATO,SIN_DATO,SIN_DATO,SIN_DATO,EN PROCESO DE INVESTIGACIÓN,NO CUENTA CON CAUSA ESPECIFICA,453.9549999999999,2.0,Pavimentado,Regular,0.0,No concesionado,No corresponde,133.0,453.9549999999999,2.0,Pavimentado,Regular,0.0,No concesionado,No corresponde,133.0,453.9549999999999,2.0,Pavimentado,Regular,0.0,No concesionado,No corresponde,133.0,200110,0.4687740488762445,76.40259786416358,62.39999678810319,6.7145282738928636,672.8003583579583,43346.27408993576,8965.846000060003,1782.4120000599992,636.9959999999999,6546.438000000004,2214.505000059999,6751.341000000004,24.699342371541725,3,2,0,0,1,21.0,21.0,21.0,1.0,1.0,0.0,1.0,2,0,0.0,0.0,1.0,1.0,1.0,1.0,0.0,0.0,1.0,0.0
A-2024-01-124,12/01/2024,21:45,ATROPELLO,1,0,1,LIMA,LIMA,BARRANCO,URBANA,AVENIDA,URBANO,NO CORRESPONDE,-12.142745876897738,-77.02203523036745,DESPEJADO,COMERCIAL,TRAMO RECTO,PLANA,ASFALTADA,SIN_DATO,SIN_DATO,SIN_DATO,SIN_DATO,IMPRUDENCIA DEL PEATÓN,ESTADO DE EBRIEDAD Y/O DROGADICCIÓN,,,,,,,,,,,,,,,,,,,,,,,,,150104,0.8207642838213052,80.14976904502905,78.34721798827678,12.592455139231284,1956.55173075211,27481.5653104925,7626.313,1683.4029999999998,1599.0829999999996,4343.827000000001,1814.875,5811.438000000001,23.797541485643194,2,1,0,1,0,64.0,64.0,64.0,1.0,0.0,0.0,0.0,1,0,0.0,0.0,0.0,1.0,0.0,1.0,0.0,0.0,0.0,0.0
A-2024-01-63,13/01/2024,07:03,DESPISTE,1,0,1,JUNIN,JAUJA,CURICACA,URBANA,CARRETERA,NACIONAL,PE-3S,-11.81468,-75.620389,DESPEJADO,RURAL,CURVA,PLANA,ASFALTADA,NO,SIN_DATO,SIN_DATO,SI,IMPRUDENCIA DEL CONDUCTOR,OTRO (IMPRUDENCIA DEL CONDUCTOR),7586.903,2.0,Pavimentado,Bueno,1.0,No concesionado,CO 10: Abancay - Ayacucho- Huancayo- La Oroya,1198.0,7586.903,2.0,Pavimentado,Bueno,1.0,No concesionado,CO 10: Abancay - Ayacucho- Huancayo- La Oroya,1198.0,7586.903,2.0,Pavimentado,Bueno,1.0,No concesionado,CO 10: Abancay - Ayacucho- Huancayo- La Oroya,1198.0,120406,0.4545643050211295,68.73444804749025,55.05670880126828,7.076811092931955,737.237129067086,1424.8051391862955,12264.545,1826.4639999999995,1105.5389999999998,9332.542000000001,1588.5359999999996,10676.009,12.952261987705208,1,1,0,0,0,37.0,37.0,37.0,1.0,0.0,0.0,0.0,1,0,0.0,0.0,0.0,1.0,0.0,1.0,0.0,0.0,0.0,0.0
A-2024-01-8,13/01/2024,07:10,VOLCADURA,1,0,1,AREQUIPA,AREQUIPA,AREQUIPA,URBANA,AVENIDA,URBANO,NO CORRESPONDE,-16.397392,-71.541465,DESPEJADO,COMERCIAL,TRAMO RECTO,PLANA,ASFALTADA,SIN_DATO,SIN_DATO,SIN_DATO,SIN_DATO,EN PROCESO DE INVESTIGACIÓN,NO CUENTA CON CAUSA ESPECIFICA,,,,,,,,,,,,,,,,,,,,,,,,,040101,0.7621671359922388,78.82549845032362,81.65077117756084,13.192212326676355,1538.109987002949,42333.23340471092,10322.272,1495.2359999999999,1749.739,7077.2970000000005,2886.595,7435.677000000001,27.964725207783708,1,1,0,0,0,20.0,20.0,20.0,1.0,1.0,0.0,0.0,1,0,0.0,0.0,0.0,1.0,1.0,0.0,0.0,0.0,0.0,0.0
A-2024-01-109,13/01/2024,09:40,CHOQUE FUGA,1,0,1,LIMA,HUARAL,CHANCAY,RURAL,CARRETERA,NACIONAL,PE-1N,-11.573817,-77.2631322,DESPEJADO,RURAL,TRAMO RECTO,PLANA,ASFALTADA,SI,PREVENTIVA (P),SIN_DATO,NO,EN PROCESO DE INVESTIGACIÓN,NO CUENTA CON CAUSA ESPECIFICA,6543.555,3.0,Pavimentado,Bueno,1.0,Autopista del Sol,Eje Estructurante Norte,1475.0,6543.555,3.0,Pavimentado,Bueno,1.0,Autopista del Sol,Eje Estructurante Norte,1475.0,6543.555,3.0,Pavimentado,Bueno,1.0,Autopista del Sol,Eje Estructurante Norte,1475.0,150605,0.6328991168419597,79.8522840328396,72.51785912375117,8.65057438382499,1190.6734036432963,65701.61456102783,7626.313,1683.4029999999998,1599.0829999999996,4343.827000000001,1814.875,5811.438000000001,23.797541485643194,2,2,1,0,0,27.0,27.0,27.0,1.0,0.0,0.0,0.0,2,1,1.0,0.0,0.0,1.0,1.0,0.0,0.0,0.0,0.0,1.0
A-2024-01-104,13/01/2024,15:00,CHOQUE,2,1,2,PASCO,PASCO,SIMON BOLIVAR,RURAL,CARRETERA,DEPARTAMENTAL,PA-103,-10.5907969921831,-76.33560766605758,DESPEJADO,RURAL,TRAMO RECTO,PLANA,ASFALTADA,SIN_DATO,SIN_DATO,SIN_DATO,SIN_DATO,IMPRUDENCIA DEL CONDUCTOR,EXCESO DE VELOCIDAD,,,,,,,,,,,,,,,,,,,,,,,,,190109,0.6072043725740346,75.63812627284699,80.79114473447186,10.38644180035947,970.5152977897963,10798.477516059957,3677.1198630000004,564.5869999999999,910.845,2201.6878630000006,590.8779999999998,3086.2418630000006,16.06904376290656,4,2,1,0,2,38.5,36.0,41.0,1.0,0.0,0.0,1.0,2,0,0.0,0.0,0.0,1.0,0.0,0.0,1.0,0.0,1.0,0.0
A-2024-01-9,13/01/2024,15:30,DESPISTE,2,2,1,AREQUIPA,AREQUIPA,LA JOYA,RURAL,CARRETERA,DEPARTAMENTAL,AR-115,-16.542312,-71.707481,DESPEJADO,RURAL,TRAMO RECTO,INCLINADA,ASFALTADA,NO,SIN_DATO,SIN_DATO,SI,EN PROCESO DE INVESTIGACIÓN,NO CUENTA CON CAUSA ESPECIFICA,,,,,,,,,,,,,,,,,,,,,,,,,040108,0.6105481451420971,78.10653088113892,68.35418098658066,8.411557426919764,1158.5430895193692,35025.678800856535,10322.272,1495.2359999999999,1749.739,7077.2970000000005,2886.595,7435.677000000001,27.964725207783708,4,1,0,0,3,49.0,49.0,49.0,1.0,1.0,0.0,0.0,1,0,0.0,0.0,0.0,1.0,0.0,1.0,0.0,0.0,0.0,0.0
A-2024-01-10,13/01/2024,19:30,ATROPELLO,1,0,1,AREQUIPA,AREQUIPA,CERRO COLORADO,URBANA,CARRETERA,NACIONAL,PE-34A,-16.407098,-71.603607,DESPEJADO,COMERCIAL,TRAMO RECTO,INCLINADA,ASFALTADA,NO,SIN_DATO,SIN_DATO,SI,EN PROCESO DE INVESTIGACIÓN,NO CUENTA CON CAUSA ESPECIFICA,1504.4250000000002,2.0,Pavimentado,Bueno,1.0,IIRSA Sur - Tramo 5: Matarani - Azángaro - Ilo,Corredor Matarani - Arequipa - Juliaca,241.0,1504.4250000000002,2.0,Pavimentado,Bueno,1.0,IIRSA Sur - Tramo 5: Matarani - Azángaro - Ilo,Corredor Matarani - Arequipa - Juliaca,241.0,1504.4250000000002,2.0,Pavimentado,Bueno,1.0,IIRSA Sur - Tramo 5: Matarani - Azángaro - Ilo,Corredor Matarani - Arequipa - Juliaca,241.0,040104,0.6411767862503931,77.2408324916572,78.204125011303,10.595705083047715,1107.223861768016,193412.3169164882,10322.272,1495.2359999999999,1749.739,7077.2970000000005,2886.595,7435.677000000001,27.964725207783708,2,1,0,1,0,61.0,61.0,61.0,1.0,0.0,0.0,1.0,1,0,0.0,0.0,0.0,1.0,0.0,0.0,1.0,0.0,0.0,0.0
A-2024-01-125,14/01/2024,02:00,ATROPELLO,1,0,1,LIMA,LIMA,SAN MARTIN DE PORRES,URBANA,AVENIDA,URBANO,NO CORRESPONDE,-11.987163877543772,-77.10339021699738,DESPEJADO,COMERCIAL,TRAMO RECTO,PLANA,ASFALTADA,SIN_DATO,SIN_DATO,SIN_DATO,SIN_DATO,EN PROCESO DE INVESTIGACIÓN,NO CUENTA CON CAUSA ESPECIFICA,,,,,,,,,,,,,,,,,,,,,,,,,150135,0.7419979630670723,80.31822295927182,79.00446395716813,11.084203715652809,1554.6868971011318,739416.2413542903,7626.313,1683.4029999999998,1599.0829999999996,4343.827000000001,1814.875,5811.438000000001,23.797541485643194,2,1,0,1,0,52.0,52.0,52.0,1.0,0.0,0.0,0.0,1,0,0.0,0.0,0.0,1.0,0.0,1.0,0.0,0.0,0.0,0.0
A-2024-01-112,14/01/2024,02:10,CHOQUE,1,3,3,CAJAMARCA,JAEN,JAEN,RURAL,CARRETERA,NACIONAL,PE-5N,-5.655685,-78.754393,DESPEJADO,RURAL,TRAMO RECTO,PLANA,ASFALTADA,NO,SIN_DATO,SIN_DATO,SI,IMPRUDENCIA DEL CONDUCTOR,CONDUCIR EN ESTADO DE EBRIEDAD Y/O DROGADICCIÓN,7758.33400008,2.0,Pavimentado,Bueno,1.0,No concesionado,Corredor IIRSA Norte,2133.0,7758.33400008,2.0,Pavimentado,Bueno,1.0,No concesionado,Corredor IIRSA Norte,2133.0,7758.33400008,2.0,Pavimentado,Bueno,1.0,No concesionado,Corredor IIRSA Norte,2133.0,060801,0.5803239946829384,74.49544278598792,68.33065356443184,8.733179344969395,1046.078117086984,102362.46895074946,15935.565011852366,1733.9250000199986,935.692,13265.948011832368,2000.1670000199988,13935.398011832369,12.551591352627522,5,3,0,0,2,42.5,40.0,45.0,1.0,1.0,1.0,1.0,3,0,0.0,0.0,1.0,0.0,1.0,0.0,0.0,1.0,1.0,1.0