CODIGO_SINIESTRO,FECHA SINIESTRO,HORA SINIESTRO,CLASE SINIESTRO,CANTIDAD DE FALLECIDOS,CANTIDAD DE LESIONADOS,CANTIDAD DE VEHICULOS DAÑADOS,DEPARTAMENTO,PROVINCIA,DISTRITO,ZONA,TIPO DE VÍA,RED VIAL,COD CARRETERA,COORDENADAS LATITUD,COORDENADAS  LONGITUD,CONDICIÓN CLIMÁTICA,ZONIFICACIÓN,CARACTERÍSTICAS DE VÍA,PERFIL LONGITUDINAL VÍA,SUPERFICIE DE CALZADA,¿EXISTE SEÑAL VERTICAL?,CLASIFICACIÓN DE LA SEÑAL VERTICAL Nº 1,CLASIFICACIÓN DE LA SEÑAL VERTICAL Nº 2,¿EXISTE SEÑAL HORIZONTAL?,CAUSA FACTOR PRINCIPAL,CAUSA ESPECÍFICA,MTC_RVN_LONGITUD_KM_x,MTC_RVN_N_CARRILES_MEDIANA_x,MTC_RVN_SUPERFICIE_DOMINANTE_x,MTC_RVN_ESTADO_DOMINANTE_x,MTC_RVN_ES_CONCESIONADA_x,MTC_RVN_CONCESION_PRINCIPAL_x,MTC_RVN_CORREDOR_LOGISTICO_x,MTC_RVN_N_TRAMOS_x,MTC_RVN_LONGITUD_KM_y,MTC_RVN_N_CARRILES_MEDIANA_y,MTC_RVN_SUPERFICIE_DOMINANTE_y,MTC_RVN_ESTADO_DOMINANTE_y,MTC_RVN_ES_CONCESIONADA_y,MTC_RVN_CONCESION_PRINCIPAL_y,MTC_RVN_CORREDOR_LOGISTICO_y,MTC_RVN_N_TRAMOS_y,MTC_RVN_LONGITUD_KM,MTC_RVN_N_CARRILES_MEDIANA,MTC_RVN_SUPERFICIE_DOMINANTE,MTC_RVN_ESTADO_DOMINANTE,MTC_RVN_ES_CONCESIONADA,MTC_RVN_CONCESION_PRINCIPAL,MTC_RVN_CORREDOR_LOGISTICO,MTC_RVN_N_TRAMOS,IDH_UBIGEO,IDH_2019,IDH_ESP_VIDA_2019,IDH_EDUC_SECUND_PCT_2019,IDH_ANIOS_EDUC_2019,IDH_INGRESO_PERCAP_2019,IDH_POBLACION_2019,MTC_DEP_RED_TOTAL_KM,MTC_DEP_NACIONAL_TOTAL_KM,MTC_DEP_DEPARTAMENTAL_TOTAL_KM,MTC_DEP_VECINAL_TOTAL_KM,MTC_DEP_PAV_TOTAL_KM,MTC_DEP_NO_PAV_TOTAL_KM,MTC_DEP_PCT_PAVIMENTADA,PER_TOTAL_PERSONAS,PER_N_CONDUCTORES,PER_N_CONDUCTORES_FUGADOS,PER_N_PEATONES,PER_N_PASAJEROS_OCUPANTES,PER_EDAD_COND_PROM,PER_EDAD_COND_MIN,PER_EDAD_COND_MAX,PER_ANY_COND_MASCULINO,PER_ANY_LIC_PROBLEMA,PER_ANY_DOSAJE_POS,PER_ANY_DOSAJE_EVALUADO,VEH_TOTAL,VEH_N_FUGADOS,VEH_ANY_FUGADO,VEH_ANY_CARGA,VEH_ANY_PUBLICO,VEH_ANY_PARTICULAR,VEH_ANY_MOTO,VEH_ANY_AUTO,VEH_ANY_CAMION_BUS,VEH_ANY_SOAT_PROBLEMA,VEH_ANY_CITV_PROBLEMA,VEH_ANY_SEGURO_PROBLEMA
A-2024-02-135,20/02/2024,17:40,CHOQUE,1,1,1,LIMA,LIMA,BREÑA,URBANA,JIRÓN,URBANO,NO CORRESPONDE,-12.050363,-77.047327,DESPEJADO,RESIDENCIAL,INTERSECCIÓN,PLANA,ASFALTADA,SIN_DATO,SIN_DATO,SIN_DATO,SIN_DATO,IMPRUDENCIA DEL CONDUCTOR,DESACATO DE SEÑAL DE TRÁNSITO,,,,,,,,,,,,,,,,,,,,,,,,,150105,0.8121144527422384,79.97904399655734,78.94895329190118,12.90572492982067,1868.6660163168403,75598.19486081369,7626.313,1683.4029999999998,1599.0829999999996,4343.827000000001,1814.875,5811.438000000001,23.797541485643194,4,2,0,2,0,37.0,27.0,47.0,1.0,1.0,0.0,0.0,2,0,0.0,0.0,0.0,1.0,0.0,1.0,1.0,0.0,0.0,0.0
A-2024-02-150,20/02/2024,20:20,CHOQUE,1,0,1,LIMA,LIMA,MIRAFLORES,URBANA,AVENIDA,URBANO,NO CORRESPONDE,-12.12868991701721,-77.00220125491875,DESPEJADO,COMERCIAL,TRAMO RECTO,PLANA,ASFALTADA,SIN_DATO,SIN_DATO,SIN_DATO,SIN_DATO,IMPRUDENCIA DEL CONDUCTOR,INVASIÓN DE CARRIL,,,,,,,,,,,,,,,,,,,,,,,,,150122,0.8326399351216524,80.31446032722859,77.78409882620639,13.965074159802281,1925.7868972542446,87898.66595289079,7626.313,1683.4029999999998,1599.0829999999996,4343.827000000001,1814.875,5811.438000000001,23.797541485643194,2,2,0,0,0,46.0,45.0,47.0,1.0,1.0,0.0,0.0,2,0,0.0,0.0,1.0,1.0,1.0,0.0,1.0,1.0,0.0,1.0
A-2024-02-57,21/02/2024,06:00,DESPISTE,1,0,1,APURIMAC,CHINCHEROS,LOS CHANKAS,RURAL,CARRETERA,PROVINCIAL,AP-509,-13.372159,-73.732751,DESPEJADO,RURAL,CURVA,INCLINADA,TROCHA,SIN_DATO,SIN_DATO,SIN_DATO,SIN_DATO,IMPRUDENCIA DEL CONDUCTOR,EXCESO DE VELOCIDAD,,,,,,,,,,,,,,,,,,,,,,,,,030611,0.28039800054565234,74.65105823130119,63.69537188430892,4.803842452619251,213.90235609769795,917.3561209055852,8358.971,1282.451,1298.0969999999998,5778.423,1432.683,6926.288,17.139466089785454,1,1,0,0,0,36.0,36.0,36.0,1.0,1.0,0.0,0.0,1,0,0.0,0.0,0.0,1.0,1.0,0.0,0.0,1.0,1.0,1.0
A-2024-02-119,22/02/2024,02:30,DESPISTE,1,1,1,CAJAMARCA,HUALGAYOC,BAMBAMARCA,URBANA,CARRETERA,NACIONAL,PE-3N,-6.667,-78.534671,DESPEJADO,ESCOLAR,TRAMO RECTO,PLANA,ASFALTADA,SI,REGULADORA (R),SIN_DATO,SI,IMPRUDENCIA DEL CONDUCTOR,EXCESO DE VELOCIDAD,9936.932,2.0,Pavimentado,Bueno,1.0,No concesionado,No corresponde,3830.0,9936.932,2.0,Pavimentado,Bueno,1.0,No concesionado,No corresponde,3830.0,9936.932,2.0,Pavimentado,Bueno,1.0,No concesionado,No corresponde,3830.0,060701,0.3484871558022944,76.33677469666252,53.28672218475212,4.131981838863427,447.16585315812125,76209.5845824411,15935.565011852366,1733.9250000199986,935.692,13265.948011832368,2000.1670000199988,13935.398011832369,12.551591352627522,2,1,0,0,1,19.0,19.0,19.0,1.0,1.0,0.0,1.0,1,0,0.0,0.0,0.0,1.0,1.0,0.0,0.0,1.0,0.0,1.0
A-2024-02-33,22/02/2024,10:00,DESPISTE,1,4,1,LA LIBERTAD,PATAZ,TAYABAMBA,RURAL,CARRETERA,NACIONAL,PE-10C,-8.33472185036406,-77.25402556301286,DESPEJADO,RURAL,TRAMO RECTO,PLANA,TROCHA,SIN_DATO,SIN_DATO,SIN_DATO,SIN_DATO,IMPRUDENCIA DEL CONDUCTOR,VEHÍCULO MAL ESTACIONADO,1688.589,1.0,Asfaltado económico,Regular,0.0,No concesionado,No corresponde,287.0,1688.589,1.0,Asfaltado económico,Regular,0.0,No concesionado,No corresponde,287.0,1688.589,1.0,Asfaltado económico,Regular,0.0,No concesionado,No corresponde,287.0,130801,0.3197513128881681,72.75839607187493,46.46893985694722,5.089349616666145,343.5767651925731,13901.271948608137,8931.828000000005,1335.5899999999997,1935.9830000000004,5660.255000000005,1219.309,7712.519000000005,13.651281686122923,5,1,0,0,4,25.0,25.0,25.0,1.0,0.0,0.0,0.0,1,0,0.0,1.0,0.0,0.0,0.0,0.0,1.0,0.0,1.0,0.0
A-2024-02-34,22/02/2024,12:00,CHOQUE,1,2,2,LA LIBERTAD,ASCOPE,PAIJAN,URBANA,CARRETERA,NACIONAL,PE-1N,-7.7370519634,-79.2954011547,DESPEJADO,COMERCIAL,TRAMO RECTO,PLANA,ASFALTADA,SIN_DATO,SIN_DATO,SIN_DATO,SIN_DATO,EN PROCESO DE INVESTIGACIÓN,NO CUENTA CON CAUSA ESPECIFICA,6543.555,3.0,Pavimentado,Bueno,1.0,Autopista del Sol,Eje Estructurante Norte,1475.0,6543.555,3.0,Pavimentado,Bueno,1.0,Autopista del Sol,Eje Estructurante Norte,1475.0,6543.555,3.0,Pavimentado,Bueno,1.0,Autopista del Sol,Eje Estructurante Norte,1475.0,130205,0.5345074857798321,76.79673752589963,64.57887254166187,7.835494818831411,867.2803588353443,27037.038543897215,8931.828000000005,1335.5899999999997,1935.9830000000004,5660.255000000005,1219.309,7712.519000000005,13.651281686122923,4,2,0,0,2,29.5,21.0,38.0,1.0,1.0,0.0,0.0,2,0,0.0,0.0,1.0,0.0,1.0,0.0,1.0,0.0,0.0,1.0
A-2024-02-75,22/02/2024,15:30,CHOQUE,1,1,1,PIURA,PIURA,VEINTISEIS DE OCTUBRE,RURAL,AVENIDA,URBANO,NO CORRESPONDE,-5.188979,-80.67793,DESPEJADO,RURAL,TRAMO RECTO,PLANA,ASFALTADA,SIN_DATO,SIN_DATO,SIN_DATO,SIN_DATO,EN PROCESO DE INVESTIGACIÓN,NO CUENTA CON CAUSA ESPECIFICA,,,,,,,,,,,,,,,,,,,,,,,,,200115,0.5997462042553465,78.40793944726823,72.26811532412637,9.714064362322326,976.3169831713307,183875.0,8965.846000060003,1782.4120000599992,636.9959999999999,6546.438000000004,2214.505000059999,6751.341000000004,24.699342371541725,3,2,0,0,1,42.0,17.0,67.0,1.0,1.0,0.0,1.0,2,0,0.0,0.0,0.0,1.0,1.0,0.0,1.0,1.0,1.0,1.0
A-2024-02-54,22/02/2024,21:00,DESPISTE,2,0,1,ICA,CHINCHA,SAN JUAN DE YANAC,SIN_DATO,CARRETERA,DEPARTAMENTAL,IC-101,-13.235706,-75.898956,SIN_DATO,SIN_DATO,SIN_DATO,SIN_DATO,SIN_DATO,SIN_DATO,SIN_DATO,SIN_DATO,SIN_DATO,EN PROCESO DE INVESTIGACIÓN,NO CUENTA CON CAUSA ESPECIFICA,,,,,,,,,,,,,,,,,,,,,,,,,110208,0.3406346896658065,74.0730541728725,53.27187379960553,7.521722445807802,292.11268236100943,527.4004282655246,3721.461,698.1859999999996,744.866,2278.409,1102.9029999999996,2618.558,29.636290693359403,2,1,0,0,1,44.0,44.0,44.0,1.0,0.0,0.0,0.0,1,0,0.0,1.0,0.0,0.0,0.0,0.0,1.0,0.0,0.0,0.0
A-2024-02-49,23/02/2024,04:30,ATROPELLO FUGA,1,0,1,CUSCO,CUSCO,SAN SEBASTIAN,URBANA,CALLE,URBANO,NO CORRESPONDE,-13.54513,-71.955572,LLUVIOSO,RESIDENCIAL,CURVA,INCLINADA,CONCRETO,SIN_DATO,SIN_DATO,SIN_DATO,SIN_DATO,EN PROCESO DE INVESTIGACIÓN,NO CUENTA CON CAUSA ESPECIFICA,,,,,,,,,,,,,,,,,,,,,,,,,080105,0.6806292796157144,77.51447806142957,82.6599812385644,11.044400293146794,1245.5372385926626,131240.7944325482,17779.13499998999,2097.3709999899993,2863.123,12818.640999999989,2878.713,14900.421999989987,16.19152450331032,2,1,1,1,0,,,,0.0,0.0,0.0,0.0,1,1,1.0,0.0,0.0,0.0,0.0,0.0,0.0,0.0,0.0,1.0
A-2024-02-156,23/02/2024,12:40,DESPISTE,3,2,1,MOQUEGUA,MARISCAL NIETO,MOQUEGUA,URBANA,CARRETERA,PROVINCIAL,MO-579,-17.2005821,-70.9283283,SIN_DATO,SIN_DATO,SIN_DATO,SIN_DATO,SIN_DATO,SIN_DATO,SIN_DATO,SIN_DATO,SIN_DATO,EN PROCESO DE INVESTIGACIÓN,NO CUENTA CON CAUSA ESPECIFICA,,,,,,,,,,,,,,,,,,,,,,,,,180101,0.7019393796398946,77.75173796903684,74.13909206921859,10.843210004831542,1446.2028877191838,64680.35760171306,2949.174,470.28500000000025,903.055,1575.834,866.4460000000004,2082.728,29.37927704503025,5,1,0,4,0,66.0,66.0,66.0,1.0,0.0,0.0,0.0,1,0,0.0,1.0,0.0,0.0,0.0,0.0,1.0,0.0,0.0,0.0
A-2024-02-59,23/02/2024,16:30,DESPISTE,1,16,1,AMAZONAS,UTCUBAMBA,JAMALCA,RURAL,CARRETERA,NACIONAL,PE-5N,-5.8406012,-78.236837,DESPEJADO,RURAL,CURVA,PLANA,ASFALTADA,SI,REGULADORA (R),PREVENTIVA (P),SI,EN PROCESO DE INVESTIGACIÓN,NO CUENTA CON CAUSA ESPECIFICA,7758.33400008,2.0,Pavimentado,Bueno,1.0,No concesionado,Corredor IIRSA Norte,2133.0,7758.33400008,2.0,Pavimentado,Bueno,1.0,No concesionado,Corredor IIRSA Norte,2133.0,7758.33400008,2.0,Pavimentado,Bueno,1.0,No concesionado,Corredor IIRSA Norte,2133.0,010705,0.40759970775013077,70.99108840660561,53.37495146767511,4.844033710793106,678.7937779833102,6951.764453961456,3903.7320000000004,1155.121,585.018,2163.5930000000003,943.591,2960.1410000000005,24.17151074920102,17,1,0,0,16,44.0,44.0,44.0,1.0,0.0,0.0,0.0,1,0,0.0,0.0,1.0,0.0,0.0,0.0,1.0,0.0,0.0,0.0
A-2024-02-136,23/02/2024,18:10,DESPISTE,2,1,1,LIMA,LIMA,ATE,URBANA,CARRETERA,NACIONAL,PE-1S,-12.06408331102741,-76.97148346045434,DESPEJADO,INDUSTRIAL,TRAMO RECTO,PLANA,ASFALTADA,SIN_DATO,SIN_DATO,SIN_DATO,SIN_DATO,IMPRUDENCIA DEL CONDUCTOR,OTRO (IMPRUDENCIA DEL CONDUCTOR),6639.975,2.0,Pavimentado,Bueno,1.0,No concesionado,Eje Estructurante Sur,1616.0,6639.975,2.0,Pavimentado,Bueno,1.0,No concesionado,Eje Estructurante Sur,1616.0,6639.975,2.0,Pavimentado,Bueno,1.0,No concesionado,Eje Estructurante Sur,1616.0,150103,0.6868549636939637,79.62363164345142,76.30894566128948,9.209137883551294,1425.4498631666322,684921.8484148846,7626.313,1683.4029999999998,1599.0829999999996,4343.827000000001,1814.875,5811.438000000001,23.797541485643194,3,1,0,2,0,38.0,38.0,38.0,1.0,0.0,0.0,0.0,1,0,0.0,0.0,0.0,1.0,0.0,1.0,0.0,0.0,0.0,0.0
A-2024-02-137,23/02/2024,19:30,ATROPELLO,1,0,1,LIMA,LIMA,SAN JUAN DE LURIGANCHO,URBANA,AVENIDA,URBANO,NO CORRESPONDE,-11.95944972898839,-76.98744266973806,DESPEJADO,COMERCIAL,INTERSECCIÓN,PLANA,ASFALTADA,NO,SIN_DATO,SIN_DATO,SI,IMPRUDENCIA DEL PEATÓN,CRUCE INDEBIDO POR LA CALZADA,,,,,,,,,,,,,,,,,,,,,,,,,150132,0.701053025277506,79.62867561460851,73.1469484600971,10.064317505194426,1464.6926161541437,1150285.0494171206,7626.313,1683.4029999999998,1599.0829999999996,4343.827000000001,1814.875,5811.438000000001,23.797541485643194,2,1,0,1,0,20.0,20.0,20.0,1.0,1.0,0.0,0.0,1,0,0.0,0.0,1.0,0.0,0.0,0.0,1.0,1.0,1.0,1.0
A-2024-02-138,24/02/2024,01:30,ATROPELLO,1,0,1,LIMA,LIMA,VILLA EL SALVADOR,URBANA,CARRETERA,NACIONAL,PE-1S,-12.202646,-76.974128,DESPEJADO,INDUSTRIAL,TRAMO RECTO,PLANA,ASFALTADA,SIN_DATO,SIN_DATO,SIN_DATO,SIN_DATO,EN PROCESO DE INVESTIGACIÓN,NO CUENTA CON CAUSA ESPECIFICA,6639.975,2.0,Pavimentado,Bueno,1.0,No concesionado,Eje Estructurante Sur,1616.0,6639.975,2.0,Pavimentado,Bueno,1.0,No concesionado,Eje Estructurante Sur,1616.0,6639.975,2.0,Pavimentado,Bueno,1.0,No concesionado,Eje Estructurante Sur,1616.0,150142,0.6990481232857558,80.14597904142546,74.3851677794309,10.004397644056358,1432.5044292531525,459161.0728051392,7626.313,1683.4029999999998,1599.0829999999996,4343.827000000001,1814.875,5811.438000000001,23.797541485643194,2,1,0,1,0,32.0,32.0,32.0,1.0,0.0,0.0,0.0,1,0,0.0,0.0,0.0,1.0,0.0,1.0,0.0,0.0,0.0,0.0
A-2024-02-88,24/02/2024,09:38,CHOQUE,1,0,1,CALLAO,CALLAO,CALLAO,URBANA,CARRETERA,DEPARTAMENTAL,CL-100,-12.0312493316246,-77.1275650443906,DESPEJADO,INDUSTRIAL,TRAMO RECTO,PLANA,ASFALTADA,NO,SIN_DATO,SIN_DATO,SI,EN PROCESO DE INVESTIGACIÓN,NO CUENTA CON CAUSA ESPECIFICA,,,,,,,,,,,,,,,,,,,,,,,,,,,,,,,,51.58600000000001,44.68700000000001,6.899000000000001,0.0,49.838000000000015,1.748,96.61148373589734,3,2,0,0,1,44.0,19.0,69.0,1.0,1.0,0.0,0.0,2,0,0.0,0.0,0.0,1.0,1.0,1.0,0.0,0.0,1.0,0.0
A-2024-02-151,24/02/2024,13:00,CHOQUE,1,0,1,LIMA,LIMA,LIMA,URBANA,AVENIDA,URBANO,NO CORRESPONDE,-12.047547592459168,-77.0131650055733,DESPEJADO,RESIDENCIAL,TRAMO RECTO,PLANA,ASFALTADA,SIN_DATO,SIN_DATO,SIN_DATO,SIN_DATO,IMPRUDENCIA DEL CONDUCTOR,ADELANTAR INDEBIDAMENTE,,,,,,,,,,,,,,,,,,,,,,,,,150101,0.7646845961658533,80.23682119426338,77.96082737891015,12.014176158371615,1633.787715186093,250806.0877944326,7626.313,1683.4029999999998,1599.0829999999996,4343.827000000001,1814.875,5811.438000000001,23.797541485643194,3,2,0,0,1,29.5,26.0,33.0,1.0,1.0,0.0,0.0,2,0,0.0,0.0,1.0,1.0,1.0,0.0,1.0,0.0,1.0,0.0
A-2024-02-42,24/02/2024,14:20,DESPISTE,1,0,1,CUSCO,QUISPICANCHI,MARCAPATA,RURAL,CARRETERA,NACIONAL,PE-30C,-13.62705556,-71.06597222,DESPEJADO,RURAL,SINUOSA,PLANA,ASFALTADA,SI,PREVENTIVA (P),SIN_DATO,SI,IMPRUDENCIA DEL CONDUCTOR,EXCESO DE VELOCIDAD,3263.58,2.0,Pavimentado,Bueno,1.0,IIRSA Sur - Tramo 3: Inambari - Iñapari,Corredor Cusco - Puerto Maldonado - Iñapari,566.0,3263.58,2.0,Pavimentado,Bueno,1.0,IIRSA Sur - Tramo 3: Inambari - Iñapari,Corredor Cusco - Puerto Maldonado - Iñapari,566.0,3263.58,2.0,Pavimentado,Bueno,1.0,IIRSA Sur - Tramo 3: Inambari - Iñapari,Corredor Cusco - Puerto Maldonado - Iñapari,566.0,081209,0.20497060525495273,63.12869858831351,30.492883845903695,3.8435928225617033,194.45519778825974,4199.537473233405,17779.13499998999,2097.3709999899993,2863.123,12818.640999999989,2878.713,14900.421999989987,16.19152450331032,1,1,0,0,0,,,,1.0,0.0,0.0,0.0,1,0,0.0,0.0,0.0,1.0,0.0,1.0,0.0,0.0,0.0,0.0
A-2024-02-35,24/02/2024,15:50,CHOQUE,1,0,2,LA LIBERTAD,VIRU,VIRU,RURAL,CARRETERA,NACIONAL,PE-1N,-8.4433921213,-78.7475442432,DESPEJADO,RURAL,INTERSECCIÓN,PLANA,ASFALTADA,SIN_DATO,SIN_DATO,SIN_DATO,SIN_DATO,EN PROCESO DE INVESTIGACIÓN,NO CUENTA CON CAUSA ESPECIFICA,6543.555,3.0,Pavimentado,Bueno,1.0,Autopista del Sol,Eje Estructurante Norte,1475.0,6543.555,3.0,Pavimentado,Bueno,1.0,Autopista del Sol,Eje Estructurante Norte,1475.0,6543.555,3.0,Pavimentado,Bueno,1.0,Autopista del Sol,Eje Estructurante Norte,1475.0,131201,0.5051395598219868,77.13285387085847,51.52067479184955,6.715328807318118,900.900383457586,67612.41755888652,8931.828000000005,1335.5899999999997,1935.9830000000004,5660.255000000005,1219.309,7712.519000000005,13.651281686122923,2,2,0,0,0,29.5,20.0,39.0,1.0,1.0,0.0,0.0,2,0,0.0,1.0,0.0,1.0,1.0,0.0,1.0,0.0,1.0,1.0
A-2024-02-37,24/02/2024,20:45,CHOQUE,1,0,2,AREQUIPA,AREQUIPA,CERRO COLORADO,URBANA,CARRETERA,NACIONAL,PE-34C,-16.404679,-71.575925,DESPEJADO,COMERCIAL,TRAMO RECTO,PLANA,ASFALTADA,NO,SIN_DATO,SIN_DATO,SI,EN PROCESO DE INVESTIGACIÓN,NO CUENTA CON CAUSA ESPECIFICA,1101.78,1.0,Sin afirmar,Malo,0.0,No concesionado,No corresponde,202.0,1101.78,1.0,Sin afirmar,Malo,0.0,No concesionado,No corresponde,202.0,1101.78,1.0,Sin afirmar,Malo,0.0,No concesionado,No corresponde,202.0,040104,0.6411767862503931,77.2408324916572,78.204125011303,10.595705083047715,1107.223861768016,193412.3169164882,10322.272,1495.2359999999999,1749.739,7077.2970000000005,2886.595,7435.677000000001,27.964725207783708,2,2,0,0,0,48.0,42.0,54.0,1.0,1.0,0.0,0.0,2,0,0.0,1.0,0.0,1.0,1.0,0.0,1.0,1.0,0.0,0.0
A-2024-02-36,24/02/2024,22:00,DESPISTE,1,0,1,LA LIBERTAD,PACASMAYO,SAN JOSE,RURAL,CARRETERA,PROVINCIAL,LI-571,-7.336321617402184,-79.47167834692206,DESPEJADO,RURAL,TRAMO RECTO,PLANA,AFIRMADO,SIN_DATO,SIN_DATO,SIN_DATO,SIN_DATO,EN PROCESO DE INVESTIGACIÓN,NO CUENTA CON CAUSA ESPECIFICA,,,,,,,,,,,,,,,,,,,,,,,,,130705,0.5351117900300902,83.23861437968503,65.52389176988291,6.875649646518558,839.0613958405557,12592.21841541756,8931.828000000005,1335.5899999999997,1935.9830000000004,5660.255000000005,1219.309,7712.519000000005,13.651281686122923,1,1,0,0,0,41.0,41.0,41.0,1.0,1.0,0.0,0.0,1,0,0.0,0.0,0.0,1.0,1.0,0.0,0.0,1.0,0.0,1.0
A-2024-02-38,25/02/2024,00:45,ATROPELLO FUGA,1,0,1,AREQUIPA,AREQUIPA,MARIANO MELGAR,URBANA,CALLE,URBANO,NO CORRESPONDE,-16.404366570931828,-71.48982340649606,DESPEJADO,RESIDENCIAL,TRAMO RECTO,INCLINADA,ASFALTADA,SIN_DATO,SIN_DATO,SIN_DATO,SIN_DATO,EN PROCESO DE INVESTIGACIÓN,NO CUENTA CON CAUSA ESPECIFICA,,,,,,,,,,,,,,,,,,,,,,,,,040109,0.6695059447902582,78.31157187229299,82.77181279277993,11.148828352634721,1162.805854980513,56182.85653104924,10322.272,1495.2359999999999,1749.739,7077.2970000000005,2886.595,7435.677000000001,27.964725207783708,2,1,1,1,0,,,,0.0,0.0,0.0,0.0,1,1,1.0,0.0,0.0,0.0,0.0,0.0,0.0,0.0,0.0,1.0
A-2024-02-55,25/02/2024,03:32,CHOQUE,1,4,2,TUMBES,TUMBES,CORRALES,RURAL,CARRETERA,NACIONAL,PE-1N,-3.617406093786226,-80.53200598260511,DESPEJADO,RURAL,INTERSECCIÓN,PLANA,ASFALTADA,SIN_DATO,SIN_DATO,SIN_DATO,SIN_DATO,IMPRUDENCIA DEL CONDUCTOR,NO ESTABLECER EL DERECHO DE PASO,6543.555,3.0,Pavimentado,Bueno,1.0,Autopista del Sol,Eje Estructurante Norte,1475.0,6543.555,3.0,Pavimentado,Bueno,1.0,Autopista del Sol,Eje Estructurante Norte,1475.0,6543.555,3.0,Pavimentado,Bueno,1.0,Autopista del Sol,Eje Estructurante Norte,1475.0,240102,0.5691277377037675,76.83860361118322,66.3560753457607,8.686409348773196,962.1532946033481,23971.755888650965,1009.1009999999999,138.47399999999996,287.471,583.156,276.972,732.129,27.447401201663663,6,2,1,0,4,37.0,37.0,37.0,1.0,1.0,0.0,0.0,2,0,0.0,0.0,1.0,1.0,1.0,1.0,0.0,0.0,1.0,1.0
A-2024-02-139,25/02/2024,05:15,ATROPELLO FUGA,1,0,1,LIMA,LIMA,SAN JUAN DE MIRAFLORES,URBANA,CARRETERA,NACIONAL,PE-1S,-12.170759,-76.979316,DESPEJADO,COMERCIAL,TRAMO RECTO,PLANA,ASFALTADA,SIN_DATO,SIN_DATO,SIN_DATO,SIN_DATO,EN PROCESO DE INVESTIGACIÓN,NO CUENTA CON CAUSA ESPECIFICA,6639.975,2.0,Pavimentado,Bueno,1.0,No concesionado,Eje Estructurante Sur,1616.0,6639.975,2.0,Pavimentado,Bueno,1.0,No concesionado,Eje Estructurante Sur,1616.0,6639.975,2.0,Pavimentado,Bueno,1.0,No concesionado,Eje Estructurante Sur,1616.0,150133,0.7289998534947872,80.50926319493618,76.9124822838204,10.358587270463827,1551.106643515347,384728.5117773019,7626.313,1683.4029999999998,1599.0829999999996,4343.827000000001,1814.875,5811.438000000001,23.797541485643194,2,1,1,1,0,,,,0.0,0.0,0.0,0.0,1,1,1.0,0.0,0.0,0.0,0.0,0.0,0.0,0.0,0.0,1.0
A-2024-02-56,25/02/2024,06:20,ATROPELLO FUGA,1,0,1,TUMBES,CONTRALMIRANTE VILLAR,ZORRITOS,RURAL,CARRETERA,NACIONAL,PE-1N,-3.735100122387653,-80.76705330187568,DESPEJADO,RURAL,TRAMO RECTO,PLANA,ASFALTADA,SIN_DATO,SIN_DATO,SIN_DATO,SIN_DATO,IMPRUDENCIA DEL PEATÓN,ESTADO DE EBRIEDAD Y/O DROGADICCIÓN,6543.555,3.0,Pavimentado,Bueno,1.0,Autopista del Sol,Eje Estructurante Norte,1475.0,6543.555,3.0,Pavimentado,Bueno,1.0,Autopista del Sol,Eje Estructurante Norte,1475.0,6543.555,3.0,Pavimentado,Bueno,1.0,Autopista del Sol,Eje Estructurante Norte,1475.0,240201,0.568342833663152,74.37886913017682,68.79116494388956,9.025058202905662,964.4271707185275,11360.244111349035,1009.1009999999999,138.47399999999996,287.471,583.156,276.972,732.129,27.447401201663663,2,1,1,1,0,,,,0.0,0.0,0.0,0.0,1,1,1.0,0.0,0.0,0.0,0.0,0.0,0.0,0.0,0.0,1.0
A-2024-02-48,25/02/2024,06:30,DESPISTE,1,3,1,CUSCO,CHUMBIVILCAS,VELILLE,RURAL,CARRETERA,NACIONAL,PE-3SG,-14.587881963423827,-71.73256335113707,DESPEJADO,RURAL,SINUOSA,INCLINADA,ASFALTADA,SIN_DATO,SIN_DATO,SIN_DATO,SIN_DATO,IMPRUDENCIA DEL CONDUCTOR,OTRO (IMPRUDENCIA DEL CONDUCTOR),1780.161,1.0,Asfaltado económico,Regular,0.0,No concesionado,No corresponde,490.0,1780.161,1.0,Asfaltado económico,Regular,0.0,No concesionado,No corresponde,490.0,1780.161,1.0,Asfaltado económico,Regular,0.0,No concesionado,No corresponde,490.0,080708,0.4670263153502933,65.5237709552973,70.61273193256336,7.074467358088314,760.9316629253258,9065.880085653105,17779.13499998999,2097.3709999899993,2863.123,12818.640999999989,2878.713,14900.421999989987,16.19152450331032,4,1,0,0,3,47.0,47.0,47.0,1.0,0.0,0.0,0.0,1,0,0.0,0.0,0.0,1.0,0.0,1.0,0.0,0.0,0.0,0.0