CODIGO_SINIESTRO,FECHA SINIESTRO,HORA SINIESTRO,CLASE SINIESTRO,CANTIDAD DE FALLECIDOS,CANTIDAD DE LESIONADOS,CANTIDAD DE VEHICULOS DAÑADOS,DEPARTAMENTO,PROVINCIA,DISTRITO,ZONA,TIPO DE VÍA,RED VIAL,COD CARRETERA,COORDENADAS LATITUD,COORDENADAS  LONGITUD,CONDICIÓN CLIMÁTICA,ZONIFICACIÓN,CARACTERÍSTICAS DE VÍA,PERFIL LONGITUDINAL VÍA,SUPERFICIE DE CALZADA,¿EXISTE SEÑAL VERTICAL?,CLASIFICACIÓN DE LA SEÑAL VERTICAL Nº 1,CLASIFICACIÓN DE LA SEÑAL VERTICAL Nº 2,¿EXISTE SEÑAL HORIZONTAL?,CAUSA FACTOR PRINCIPAL,CAUSA ESPECÍFICA,MTC_RVN_LONGITUD_KM_x,MTC_RVN_N_CARRILES_MEDIANA_x,MTC_RVN_SUPERFICIE_DOMINANTE_x,MTC_RVN_ESTADO_DOMINANTE_x,MTC_RVN_ES_CONCESIONADA_x,MTC_RVN_CONCESION_PRINCIPAL_x,MTC_RVN_CORREDOR_LOGISTICO_x,MTC_RVN_N_TRAMOS_x,MTC_RVN_LONGITUD_KM_y,MTC_RVN_N_CARRILES_MEDIANA_y,MTC_RVN_SUPERFICIE_DOMINANTE_y,MTC_RVN_ESTADO_DOMINANTE_y,MTC_RVN_ES_CONCESIONADA_y,MTC_RVN_CONCESION_PRINCIPAL_y,MTC_RVN_CORREDOR_LOGISTICO_y,MTC_RVN_N_TRAMOS_y,MTC_RVN_LONGITUD_KM,MTC_RVN_N_CARRILES_MEDIANA,MTC_RVN_SUPERFICIE_DOMINANTE,MTC_RVN_ESTADO_DOMINANTE,MTC_RVN_ES_CONCESIONADA,MTC_RVN_CONCESION_PRINCIPAL,MTC_RVN_CORREDOR_LOGISTICO,MTC_RVN_N_TRAMOS,IDH_UBIGEO,IDH_2019,IDH_ESP_VIDA_2019,IDH_EDUC_SECUND_PCT_2019,IDH_ANIOS_EDUC_2019,IDH_INGRESO_PERCAP_2019,IDH_POBLACION_2019,MTC_DEP_RED_TOTAL_KM,MTC_DEP_NACIONAL_TOTAL_KM,MTC_DEP_DEPARTAMENTAL_TOTAL_KM,MTC_DEP_VECINAL_TOTAL_KM,MTC_DEP_PAV_TOTAL_KM,MTC_DEP_NO_PAV_TOTAL_KM,MTC_DEP_PCT_PAVIMENTADA,PER_TOTAL_PERSONAS,PER_N_CONDUCTORES,PER_N_CONDUCTORES_FUGADOS,PER_N_PEATONES,PER_N_PASAJEROS_OCUPANTES,PER_EDAD_COND_PROM,PER_EDAD_COND_MIN,PER_EDAD_COND_MAX,PER_ANY_COND_MASCULINO,PER_ANY_LIC_PROBLEMA,PER_ANY_DOSAJE_POS,PER_ANY_DOSAJE_EVALUADO,VEH_TOTAL,VEH_N_FUGADOS,VEH_ANY_FUGADO,VEH_ANY_CARGA,VEH_ANY_PUBLICO,VEH_ANY_PARTICULAR,VEH_ANY_MOTO,VEH_ANY_AUTO,VEH_ANY_CAMION_BUS,VEH_ANY_SOAT_PROBLEMA,VEH_ANY_CITV_PROBLEMA,VEH_ANY_SEGURO_PROBLEMA
A-2025-02-28,25/02/2025,06:00,DESPISTE,1,3,1,LIMA,HUARAL,ATAVILLOS BAJO,RURAL,CARRETERA,PROVINCIAL,LM-638,-11.3754942,-76.7928833,DESPEJADO,RURAL,SINUOSA,INCLINADA,TROCHA,SIN_DATO,SIN_DATO,SIN_DATO,SIN_DATO,EN PROCESO DE INVESTIGACIÓN,NO CUENTA CON CAUSA ESPECIFICA,,,,,,,,,,,,,,,,,,,,,,,,,150603,0.5223306587904181,80.65108423706062,61.98260235939393,8.693711667135178,725.4207091901505,775.5096359743038,7626.313,1683.4029999999998,1599.0829999999996,4343.827000000001,1814.875,5811.438000000001,23.797541485643194,4,1,0,0,3,69.0,69.0,69.0,1.0,0.0,0.0,0.0,1,0,0.0,0.0,0.0,1.0,0.0,0.0,1.0,0.0,0.0,0.0
A-2025-02-39,25/02/2025,06:00,CHOQUE,1,0,2,LA LIBERTAD,TRUJILLO,HUANCHACO,RURAL,CARRETERA,NACIONAL,PE-1N,-8.05599742824537,-79.0882219587274,DESPEJADO,RURAL,TRAMO RECTO,PLANA,ASFALTADA,SIN_DATO,SIN_DATO,SIN_DATO,SIN_DATO,EN PROCESO DE INVESTIGACIÓN,NO CUENTA CON CAUSA ESPECIFICA,6543.555,3.0,Pavimentado,Bueno,1.0,Autopista del Sol,Eje Estructurante Norte,1475.0,6543.555,3.0,Pavimentado,Bueno,1.0,Autopista del Sol,Eje Estructurante Norte,1475.0,6543.555,3.0,Pavimentado,Bueno,1.0,Autopista del Sol,Eje Estructurante Norte,1475.0,130104,0.583006771156836,78.2441938961209,62.24037484511178,8.807312392374042,1028.2282118265089,76607.295503212,8931.828000000005,1335.5899999999997,1935.9830000000004,5660.255000000005,1219.309,7712.519000000005,13.651281686122923,3,2,0,0,1,43.5,33.0,54.0,1.0,1.0,0.0,0.0,2,0,0.0,0.0,1.0,0.0,1.0,0.0,1.0,0.0,0.0,1.0
A-2025-02-40,25/02/2025,12:00,ATROPELLO FUGA,1,1,1,LA LIBERTAD,TRUJILLO,LA ESPERANZA,URBANA,AVENIDA,URBANO,NO CORRESPONDE,-8.049221759796252,-79.05678000798721,DESPEJADO,RESIDENCIAL,TRAMO RECTO,PLANA,ASFALTADA,SIN_DATO,SIN_DATO,SIN_DATO,SIN_DATO,EN PROCESO DE INVESTIGACIÓN,NO CUENTA CON CAUSA ESPECIFICA,,,,,,,,,,,,,,,,,,,,,,,,,130105,0.5961574154611067,78.8610661942771,67.40352037574897,9.291971962737568,1010.620438228636,197397.58886509636,8931.828000000005,1335.5899999999997,1935.9830000000004,5660.255000000005,1219.309,7712.519000000005,13.651281686122923,3,1,1,2,0,,,,0.0,0.0,0.0,0.0,1,1,1.0,0.0,0.0,0.0,0.0,0.0,0.0,0.0,0.0,1.0
A-2025-02-31,27/02/2025,06:50,ATROPELLO FUGA,1,0,1,LIMA,HUARAL,HUARAL,RURAL,CARRETERA,NACIONAL,PE-1NB,-11.5090178,-77.2318686,DESPEJADO,RURAL,TRAMO RECTO,PLANA,ASFALTADA,SIN_DATO,SIN_DATO,SIN_DATO,SIN_DATO,EN PROCESO DE INVESTIGACIÓN,NO CUENTA CON CAUSA ESPECIFICA,48.79,2.0,Pavimentado,Bueno,1.0,Ovalo Chancay Huaral Acos,Corredor Chancay - Huaral - Acos - Unish,19.0,48.79,2.0,Pavimentado,Bueno,1.0,Ovalo Chancay Huaral Acos,Corredor Chancay - Huaral - Acos - Unish,19.0,48.79,2.0,Pavimentado,Bueno,1.0,Ovalo Chancay Huaral Acos,Corredor Chancay - Huaral - Acos - Unish,19.0,150601,0.6447048661877788,79.92873744030881,69.7224229508107,9.344738893386534,1220.4608925685638,104439.11563169166,7626.313,1683.4029999999998,1599.0829999999996,4343.827000000001,1814.875,5811.438000000001,23.797541485643194,2,1,1,1,0,,,,0.0,0.0,0.0,0.0,1,1,1.0,0.0,0.0,0.0,0.0,0.0,0.0,0.0,0.0,1.0
A-2025-02-56,27/02/2025,07:30,DESPISTE,1,0,1,ANCASH,BOLOGNESI,HUALLANCA,RURAL,CARRETERA,PROVINCIAL,AN-1263,-9.912037279293,-76.95093504689598,NUBLADO,RURAL,PUENTE,PLANA,TROCHA,SIN_DATO,SIN_DATO,SIN_DATO,SIN_DATO,IMPERICIA DEL CONDUCTOR,SIN_DATO,,,,,,,,,,,,,,,,,,,,,,,,,020508,0.4528764910178437,69.40385538780896,42.88781939545183,7.286327588134491,795.0167200790081,7349.483940042827,10767.648000000001,1885.0630000000003,1222.721,7659.864000000001,2100.343,8667.305000000002,19.506051832303577,2,1,0,0,1,58.0,58.0,58.0,1.0,1.0,0.0,1.0,1,0,0.0,0.0,0.0,1.0,1.0,0.0,0.0,0.0,0.0,0.0
A-2025-02-47,27/02/2025,18:40,CHOQUE,2,0,1,AREQUIPA,CAMANA,SAMUEL PASTOR,URBANA,CARRETERA,NACIONAL,PE-1S,-16.655917,-72.650658,DESPEJADO,COMERCIAL,TRAMO RECTO,PLANA,ASFALTADA,SI,PREVENTIVA (P),PREVENTIVA (P),SI,EN PROCESO DE INVESTIGACIÓN,NO CUENTA CON CAUSA ESPECIFICA,6639.975,2.0,Pavimentado,Bueno,1.0,No concesionado,Eje Estructurante Sur,1616.0,6639.975,2.0,Pavimentado,Bueno,1.0,No concesionado,Eje Estructurante Sur,1616.0,6639.975,2.0,Pavimentado,Bueno,1.0,No concesionado,Eje Estructurante Sur,1616.0,040208,0.6438160463426852,84.71218617950387,69.3595667037428,8.966372569949256,1152.2024707992498,16526.967880085653,10322.272,1495.2359999999999,1749.739,7077.2970000000005,2886.595,7435.677000000001,27.964725207783708,46,2,0,0,44,55.0,36.0,74.0,1.0,0.0,0.0,0.0,2,0,0.0,0.0,1.0,1.0,0.0,1.0,1.0,0.0,0.0,0.0
A-2025-02-44,27/02/2025,20:15,CHOQUE,6,6,3,LIMA,HUARAL,CHANCAY,RURAL,CARRETERA,NACIONAL,PE-1N,-11.6024709,-77.2457919,DESPEJADO,RURAL,TRAMO RECTO,PLANA,ASFALTADA,SI,REGULADORA (R),REGULADORA (R),NO,EN PROCESO DE INVESTIGACIÓN,NO CUENTA CON CAUSA ESPECIFICA,6543.555,3.0,Pavimentado,Bueno,1.0,Autopista del Sol,Eje Estructurante Norte,1475.0,6543.555,3.0,Pavimentado,Bueno,1.0,Autopista del Sol,Eje Estructurante Norte,1475.0,6543.555,3.0,Pavimentado,Bueno,1.0,Autopista del Sol,Eje Estructurante Norte,1475.0,150605,0.6328991168419597,79.8522840328396,72.51785912375117,8.65057438382499,1190.6734036432963,65701.61456102783,7626.313,1683.4029999999998,1599.0829999999996,4343.827000000001,1814.875,5811.438000000001,23.797541485643194,14,3,0,0,11,42.666666666666664,36.0,52.0,1.0,0.0,0.0,1.0,3,0,0.0,1.0,0.0,0.0,0.0,0.0,1.0,0.0,0.0,0.0
A-2025-02-46,28/02/2025,03:30,DESPISTE,1,0,1,AREQUIPA,ISLAY,PUNTA DE BOMBON,URBANA,AVENIDA,URBANO,NO CORRESPONDE,-17.161947,-71.795501,DESPEJADO,RESIDENCIAL,CURVA,INCLINADA,ASFALTADA,SI,REGULADORA (R),PREVENTIVA (P),SI,EN PROCESO DE INVESTIGACIÓN,NO CUENTA CON CAUSA ESPECIFICA,,,,,,,,,,,,,,,,,,,,,,,,,040706,0.6064020802559494,77.82737834960788,75.48658600973863,8.303531284530445,1096.758694527593,6370.241970021414,10322.272,1495.2359999999999,1749.739,7077.2970000000005,2886.595,7435.677000000001,27.964725207783708,1,1,0,0,0,31.0,31.0,31.0,1.0,1.0,0.0,0.0,1,0,0.0,0.0,0.0,1.0,1.0,0.0,0.0,1.0,1.0,1.0
A-2025-02-43,28/02/2025,08:00,ATROPELLO,1,0,1,SAN MARTIN,RIOJA,ELIAS SOPLIN VARGAS,URBANA,CARRETERA,NACIONAL,PE-5N,-5.98654,-77.284783,DESPEJADO,RESIDENCIAL,INTERSECCIÓN,PLANA,ASFALTADA,SIN_DATO,SIN_DATO,SIN_DATO,SIN_DATO,EN PROCESO DE INVESTIGACIÓN,NO CUENTA CON CAUSA ESPECIFICA,7758.33400008,2.0,Pavimentado,Bueno,1.0,No concesionado,Corredor IIRSA Norte,2133.0,7758.33400008,2.0,Pavimentado,Bueno,1.0,No concesionado,Corredor IIRSA Norte,2133.0,7758.33400008,2.0,Pavimentado,Bueno,1.0,No concesionado,Corredor IIRSA Norte,2133.0,220803,0.38730759485115746,72.98119449957349,44.39725753934513,5.037096642387525,597.9287450392992,17629.94004282655,5645.1359999999995,815.0759999999999,965.298,3864.7619999999997,1013.406,4631.73,17.95184385283189,2,1,0,1,0,26.0,26.0,26.0,1.0,1.0,0.0,0.0,1,0,0.0,0.0,0.0,1.0,1.0,0.0,0.0,1.0,1.0,1.0
A-2025-02-48,28/02/2025,16:30,DESPISTE,1,4,1,LIMA,HUARAL,AUCALLAMA,RURAL,CARRETERA,NACIONAL,PE-1N,-11.6098876,-77.2005398,DESPEJADO,RURAL,TRAMO RECTO,INCLINADA,ASFALTADA,SI,REGULADORA (R),SIN_DATO,NO,EN PROCESO DE INVESTIGACIÓN,NO CUENTA CON CAUSA ESPECIFICA,6543.555,3.0,Pavimentado,Bueno,1.0,Autopista del Sol,Eje Estructurante Norte,1475.0,6543.555,3.0,Pavimentado,Bueno,1.0,Autopista del Sol,Eje Estructurante Norte,1475.0,6543.555,3.0,Pavimentado,Bueno,1.0,Autopista del Sol,Eje Estructurante Norte,1475.0,150604,0.606011890732538,79.10580202061365,64.14379964647316,7.172095916125169,1269.9879605915198,20981.39186295503,7626.313,1683.4029999999998,1599.0829999999996,4343.827000000001,1814.875,5811.438000000001,23.797541485643194,5,1,0,0,4,31.0,31.0,31.0,1.0,0.0,0.0,1.0,1,0,0.0,0.0,0.0,1.0,0.0,1.0,0.0,0.0,0.0,0.0
A-2025-02-51,28/02/2025,16:50,DESPISTE,1,0,1,HUANCAVELICA,ACOBAMBA,POMACOCHA,RURAL,CARRETERA,SIN CLASIFICAR,SIN CLASIFICAR,-12.824457,-74.53272,DESPEJADO,RURAL,TRAMO RECTO,PLANA,TROCHA,SIN_DATO,SIN_DATO,SIN_DATO,SIN_DATO,EN PROCESO DE INVESTIGACIÓN,NO CUENTA CON CAUSA ESPECIFICA,,,,,,,,,,,,,,,,,,,,,,,,,090207,0.3795117565699695,74.45437317698715,61.75305030851912,5.730639493616658,430.38713364186157,3080.3147751605998,8511.426,1445.3929999999996,2008.516,5057.516999999999,1879.5789999999997,6631.846999999998,22.083009357068956,1,1,0,0,0,72.0,72.0,72.0,1.0,1.0,0.0,0.0,1,0,0.0,0.0,0.0,1.0,0.0,1.0,0.0,1.0,1.0,1.0
A-2025-02-108,28/02/2025,22:00,ATROPELLO FUGA,1,0,1,LIMA,LIMA,EL AGUSTINO,URBANA,AVENIDA,URBANO,NO CORRESPONDE,-12.03002832402608,-76.99372108679391,DESPEJADO,INDUSTRIAL,TRAMO RECTO,PLANA,ASFALTADA,SIN_DATO,SIN_DATO,SIN_DATO,SIN_DATO,EN PROCESO DE INVESTIGACIÓN,NO CUENTA CON CAUSA ESPECIFICA,,,,,,,,,,,,,,,,,,,,,,,,,150111,0.6970617810314195,81.40501156526744,73.5715154770137,9.635174408411393,1428.892506292977,203379.92719486082,7626.313,1683.4029999999998,1599.0829999999996,4343.827000000001,1814.875,5811.438000000001,23.797541485643194,2,1,1,1,0,,,,0.0,0.0,0.0,0.0,1,1,1.0,0.0,0.0,0.0,0.0,0.0,0.0,0.0,0.0,1.0
A-2025-03-70,01/03/2025,01:50,ATROPELLO,1,1,1,LIMA,LIMA,PUENTE PIEDRA,URBANA,CARRETERA,NACIONAL,PE-1N,-11.856644,-77.084768,DESPEJADO,COMERCIAL,TRAMO RECTO,PLANA,ASFALTADA,SIN_DATO,SIN_DATO,SIN_DATO,SIN_DATO,EN PROCESO DE INVESTIGACIÓN,NO CUENTA CON CAUSA ESPECIFICA,6543.555,3.0,Pavimentado,Bueno,1.0,Autopista del Sol,Eje Estructurante Norte,1475.0,6543.555,3.0,Pavimentado,Bueno,1.0,Autopista del Sol,Eje Estructurante Norte,1475.0,6543.555,3.0,Pavimentado,Bueno,1.0,Autopista del Sol,Eje Estructurante Norte,1475.0,150125,0.6632628912836565,79.15155564666024,73.19223743118206,9.629669813837666,1289.452647666346,383699.2119914347,7626.313,1683.4029999999998,1599.0829999999996,4343.827000000001,1814.875,5811.438000000001,23.797541485643194,2,1,0,1,0,29.0,29.0,29.0,1.0,0.0,0.0,0.0,1,0,0.0,0.0,0.0,1.0,1.0,0.0,0.0,0.0,0.0,0.0
A-2025-03-71,01/03/2025,03:30,ATROPELLO FUGA,1,0,1,LIMA,LIMA,SAN JUAN DE MIRAFLORES,URBANA,CARRETERA,NACIONAL,PE-1S,-12.169188167936444,-76.97961285336164,DESPEJADO,COMERCIAL,TRAMO RECTO,PLANA,ASFALTADA,SIN_DATO,SIN_DATO,SIN_DATO,SIN_DATO,EN PROCESO DE INVESTIGACIÓN,NO CUENTA CON CAUSA ESPECIFICA,6639.975,2.0,Pavimentado,Bueno,1.0,No concesionado,Eje Estructurante Sur,1616.0,6639.975,2.0,Pavimentado,Bueno,1.0,No concesionado,Eje Estructurante Sur,1616.0,6639.975,2.0,Pavimentado,Bueno,1.0,No concesionado,Eje Estructurante Sur,1616.0,150133,0.7289998534947872,80.50926319493618,76.9124822838204,10.358587270463827,1551.106643515347,384728.5117773019,7626.313,1683.4029999999998,1599.0829999999996,4343.827000000001,1814.875,5811.438000000001,23.797541485643194,2,1,1,1,0,,,,0.0,0.0,0.0,0.0,1,1,1.0,0.0,0.0,0.0,0.0,0.0,0.0,0.0,0.0,1.0
A-2025-03-1,01/03/2025,06:00,DESPISTE,1,1,1,AREQUIPA,ISLAY,MOLLENDO,RURAL,CARRETERA,NACIONAL,PE-34,-16.893335,-72.036419,DESPEJADO,RURAL,CURVA,INCLINADA,ASFALTADA,SI,REGULADORA (R),SIN_DATO,SI,EN PROCESO DE INVESTIGACIÓN,NO CUENTA CON CAUSA ESPECIFICA,289.55,2.0,Pavimentado,Bueno,1.0,IIRSA Sur - Tramo 5: Matarani - Azángaro - Ilo,Corredor Matarani - Arequipa - Juliaca,10.0,289.55,2.0,Pavimentado,Bueno,1.0,IIRSA Sur - Tramo 5: Matarani - Azángaro - Ilo,Corredor Matarani - Arequipa - Juliaca,10.0,289.55,2.0,Pavimentado,Bueno,1.0,IIRSA Sur - Tramo 5: Matarani - Azángaro - Ilo,Corredor Matarani - Arequipa - Juliaca,10.0,040701,0.6456305778571253,75.67334095395331,77.09261911098552,10.479683603540597,1179.2653123056473,21630.747323340474,10322.272,1495.2359999999999,1749.739,7077.2970000000005,2886.595,7435.677000000001,27.964725207783708,2,1,0,0,1,71.0,71.0,71.0,1.0,0.0,0.0,0.0,1,0,0.0,1.0,0.0,0.0,0.0,0.0,1.0,0.0,0.0,0.0
A-2025-03-55,01/03/2025,09:20,CHOQUE,1,0,3,CAJAMARCA,CUTERVO,CUTERVO,URBANA,CARRETERA,NACIONAL,PE-3N,-6.377396,-78.811572,DESPEJADO,COMERCIAL,TRAMO RECTO,INCLINADA,CONCRETO,SIN_DATO,SIN_DATO,SIN_DATO,SIN_DATO,IMPRUDENCIA DEL CONDUCTOR,OTRO (IMPRUDENCIA DEL CONDUCTOR),9936.932,2.0,Pavimentado,Bueno,1.0,No concesionado,No corresponde,3830.0,9936.932,2.0,Pavimentado,Bueno,1.0,No concesionado,No corresponde,3830.0,9936.932,2.0,Pavimentado,Bueno,1.0,No concesionado,No corresponde,3830.0,060601,0.3988811935496497,76.27795285736048,52.72074369701245,5.402568072747514,535.5131446860119,52449.71734475375,15935.565011852366,1733.9250000199986,935.692,13265.948011832368,2000.1670000199988,13935.398011832369,12.551591352627522,3,3,0,0,0,44.0,36.0,52.0,1.0,1.0,0.0,1.0,3,0,0.0,1.0,1.0,1.0,1.0,0.0,1.0,0.0,0.0,1.0
A-2025-03-2,01/03/2025,17:20,DESPISTE,1,0,1,AREQUIPA,ISLAY,COCACHACRA,RURAL,CARRETERA,NACIONAL,PE-1S,-17.0013842978477,-71.7142859923547,DESPEJADO,RURAL,CURVA,PLANA,ASFALTADA,SI,PREVENTIVA (P),PREVENTIVA (P),SI,EN PROCESO DE INVESTIGACIÓN,NO CUENTA CON CAUSA ESPECIFICA,6639.975,2.0,Pavimentado,Bueno,1.0,No concesionado,Eje Estructurante Sur,1616.0,6639.975,2.0,Pavimentado,Bueno,1.0,No concesionado,Eje Estructurante Sur,1616.0,6639.975,2.0,Pavimentado,Bueno,1.0,No concesionado,Eje Estructurante Sur,1616.0,040702,0.6449493635682252,78.44719582624413,79.23084709401536,8.759364777311836,1226.330683483547,8054.678800856533,10322.272,1495.2359999999999,1749.739,7077.2970000000005,2886.595,7435.677000000001,27.964725207783708,1,1,0,0,0,56.0,56.0,56.0,1.0,0.0,0.0,0.0,1,0,0.0,0.0,0.0,0.0,0.0,0.0,1.0,0.0,0.0,0.0
A-2025-03-68,01/03/2025,19:45,CHOQUE,1,0,2,CUSCO,LA CONVENCION,PICHARI,RURAL,CARRETERA,PROVINCIAL,CU-528,-12.513098,-73.846375,DESPEJADO,RURAL,CURVA,INCLINADA,AFIRMADO,SIN_DATO,SIN_DATO,SIN_DATO,SIN_DATO,IMPRUDENCIA DEL CONDUCTOR,CONDUCIR EN ESTADO DE EBRIEDAD Y/O DROGADICCIÓN,,,,,,,,,,,,,,,,,,,,,,,,,080910,0.47763853369002274,75.76988073223662,55.29796232913024,7.386781472784202,715.5638333545031,22179.179871520344,17779.13499998999,2097.3709999899993,2863.123,12818.640999999989,2878.713,14900.421999989987,16.19152450331032,2,2,0,0,0,26.0,23.0,29.0,1.0,1.0,1.0,1.0,2,0,0.0,0.0,0.0,1.0,1.0,0.0,0.0,1.0,0.0,1.0
A-2025-03-86,01/03/2025,21:30,ATROPELLO,1,0,1,LIMA,LIMA,PUEBLO LIBRE,URBANA,AVENIDA,URBANO,NO CORRESPONDE,-12.07940751311462,-77.06570588895616,DESPEJADO,COMERCIAL,TRAMO RECTO,PLANA,ASFALTADA,SIN_DATO,SIN_DATO,SIN_DATO,SIN_DATO,EN PROCESO DE INVESTIGACIÓN,NO CUENTA CON CAUSA ESPECIFICA,,,,,,,,,,,,,,,,,,,,,,,,,,,,,,,,7626.313,1683.4029999999998,1599.0829999999996,4343.827000000001,1814.875,5811.438000000001,23.797541485643194,2,1,0,1,0,45.0,45.0,45.0,1.0,0.0,0.0,0.0,1,0,0.0,0.0,0.0,1.0,1.0,0.0,0.0,1.0,0.0,1.0
A-2025-03-62,02/03/2025,05:50,ATROPELLO FUGA,1,0,1,CAJAMARCA,SAN IGNACIO,SAN IGNACIO,RURAL,CARRETERA,NACIONAL,PE-5N,-5.1350091,-78.992492,DESPEJADO,RURAL,TRAMO RECTO,INCLINADA,ASFALTADA,SIN_DATO,SIN_DATO,SIN_DATO,SIN_DATO,EN PROCESO DE INVESTIGACIÓN,NO CUENTA CON CAUSA ESPECIFICA,7758.33400008,2.0,Pavimentado,Bueno,1.0,No concesionado,Corredor IIRSA Norte,2133.0,7758.33400008,2.0,Pavimentado,Bueno,1.0,No concesionado,Corredor IIRSA Norte,2133.0,7758.33400008,2.0,Pavimentado,Bueno,1.0,No concesionado,Corredor IIRSA Norte,2133.0,060901,0.43918127211670566,75.54174317098156,56.236342149889175,6.489422517034793,610.2085755707644,37111.995717344755,15935.565011852366,1733.9250000199986,935.692,13265.948011832368,2000.1670000199988,13935.398011832369,12.551591352627522,2,1,1,1,0,,,,0.0,0.0,0.0,0.0,1,1,1.0,0.0,0.0,0.0,0.0,0.0,0.0,0.0,0.0,1.0
A-2025-03-3,02/03/2025,09:30,ATROPELLO FUGA,1,0,1,AREQUIPA,AREQUIPA,VITOR,URBANA,CARRETERA,NACIONAL,PE-1S,-16.465468,-71.934318,DESPEJADO,COMERCIAL,TRAMO RECTO,PLANA,ASFALTADA,NO,SIN_DATO,SIN_DATO,SI,EN PROCESO DE INVESTIGACIÓN,NO CUENTA CON CAUSA ESPECIFICA,6639.975,2.0,Pavimentado,Bueno,1.0,No concesionado,Eje Estructurante Sur,1616.0,6639.975,2.0,Pavimentado,Bueno,1.0,No concesionado,Eje Estructurante Sur,1616.0,6639.975,2.0,Pavimentado,Bueno,1.0,No concesionado,Eje Estructurante Sur,1616.0,040125,0.6455852322566902,78.58826324858522,78.38415596279924,8.472481180514539,1258.6172876652156,2628.282655246253,10322.272,1495.2359999999999,1749.739,7077.2970000000005,2886.595,7435.677000000001,27.964725207783708,2,1,1,1,0,,,,0.0,0.0,0.0,0.0,1,1,1.0,0.0,0.0,0.0,0.0,0.0,0.0,0.0,0.0,1.0
A-2025-03-72,02/03/2025,12:00,CHOQUE,2,3,1,LIMA,LIMA,PUNTA NEGRA,RURAL,CARRETERA,NACIONAL,PE-1S,-12.371581,-76.784265,DESPEJADO,INDUSTRIAL,TRAMO RECTO,PLANA,ASFALTADA,SIN_DATO,SIN_DATO,SIN_DATO,SIN_DATO,EN PROCESO DE INVESTIGACIÓN,NO CUENTA CON CAUSA ESPECIFICA,6639.975,2.0,Pavimentado,Bueno,1.0,No concesionado,Eje Estructurante Sur,1616.0,6639.975,2.0,Pavimentado,Bueno,1.0,No concesionado,Eje Estructurante Sur,1616.0,6639.975,2.0,Pavimentado,Bueno,1.0,No concesionado,Eje Estructurante Sur,1616.0,150127,0.6997623570346938,76.1024633480164,67.4916969677081,10.594360693484372,1568.8925177861565,8292.871520342613,7626.313,1683.4029999999998,1599.0829999999996,4343.827000000001,1814.875,5811.438000000001,23.797541485643194,5,3,0,0,2,44.666666666666664,31.0,63.0,1.0,0.0,0.0,0.0,3,0,0.0,0.0,0.0,1.0,0.0,1.0,1.0,0.0,1.0,0.0
A-2025-03-4,02/03/2025,22:20,DESPISTE,1,0,1,AREQUIPA,AREQUIPA,SOCABAYA,URBANA,CARRETERA,DEPARTAMENTAL,AR-117,-16.47925,-71.52575,DESPEJADO,RESIDENCIAL,CURVA,PLANA,ASFALTADA,SIN_DATO,SIN_DATO,SIN_DATO,SIN_DATO,EN PROCESO DE INVESTIGACIÓN,NO CUENTA CON CAUSA ESPECIFICA,,,,,,,,,,,,,,,,,,,,,,,,,040122,0.6667517543391563,77.72519918989518,79.84779472154914,11.061117097797226,1187.1883176764059,87112.27408993576,10322.272,1495.2359999999999,1749.739,7077.2970000000005,2886.595,7435.677000000001,27.964725207783708,1,1,0,0,0,32.0,32.0,32.0,1.0,1.0,0.0,0.0,1,0,0.0,0.0,0.0,1.0,1.0,0.0,0.0,1.0,1.0,1.0
A-2025-03-54,03/03/2025,14:30,CHOQUE,1,8,2,HUANCAVELICA,HUAYTARA,PILPICHACA,RURAL,CARRETERA,NACIONAL,PE-28A,-13.412535,-74.923013,LLUVIOSO,RURAL,CURVA,INCLINADA,ASFALTADA,SIN_DATO,SIN_DATO,SIN_DATO,SIN_DATO,IMPRUDENCIA DEL CONDUCTOR,EXCESO DE VELOCIDAD,1679.5849999999998,2.0,Pavimentado,Regular,1.0,No concesionado,Corredor Los Libertadores,315.0,1679.5849999999998,2.0,Pavimentado,Regular,1.0,No concesionado,Corredor Los Libertadores,315.0,1679.5849999999998,2.0,Pavimentado,Regular,1.0,No concesionado,Corredor Los Libertadores,315.0,090607,0.2997946406100768,72.83003345209801,46.42647217987546,4.997510303405721,292.6881439974165,3327.8779443254816,8511.426,1445.3929999999996,2008.516,5057.516999999999,1879.5789999999997,6631.846999999998,22.083009357068956,11,2,0,0,9,49.0,40.0,58.0,1.0,0.0,0.0,1.0,2,0,0.0,1.0,0.0,1.0,0.0,0.0,1.0,0.0,0.0,0.0