CODIGO_SINIESTRO,FECHA SINIESTRO,HORA SINIESTRO,CLASE SINIESTRO,CANTIDAD DE FALLECIDOS,CANTIDAD DE LESIONADOS,CANTIDAD DE VEHICULOS DAÑADOS,DEPARTAMENTO,PROVINCIA,DISTRITO,ZONA,TIPO DE VÍA,RED VIAL,COD CARRETERA,COORDENADAS LATITUD,COORDENADAS  LONGITUD,CONDICIÓN CLIMÁTICA,ZONIFICACIÓN,CARACTERÍSTICAS DE VÍA,PERFIL LONGITUDINAL VÍA,SUPERFICIE DE CALZADA,¿EXISTE SEÑAL VERTICAL?,CLASIFICACIÓN DE LA SEÑAL VERTICAL Nº 1,CLASIFICACIÓN DE LA SEÑAL VERTICAL Nº 2,¿EXISTE SEÑAL HORIZONTAL?,CAUSA FACTOR PRINCIPAL,CAUSA ESPECÍFICA,MTC_RVN_LONGITUD_KM_x,MTC_RVN_N_CARRILES_MEDIANA_x,MTC_RVN_SUPERFICIE_DOMINANTE_x,MTC_RVN_ESTADO_DOMINANTE_x,MTC_RVN_ES_CONCESIONADA_x,MTC_RVN_CONCESION_PRINCIPAL_x,MTC_RVN_CORREDOR_LOGISTICO_x,MTC_RVN_N_TRAMOS_x,MTC_RVN_LONGITUD_KM_y,MTC_RVN_N_CARRILES_MEDIANA_y,MTC_RVN_SUPERFICIE_DOMINANTE_y,MTC_RVN_ESTADO_DOMINANTE_y,MTC_RVN_ES_CONCESIONADA_y,MTC_RVN_CONCESION_PRINCIPAL_y,MTC_RVN_CORREDOR_LOGISTICO_y,MTC_RVN_N_TRAMOS_y,MTC_RVN_LONGITUD_KM,MTC_RVN_N_CARRILES_MEDIANA,MTC_RVN_SUPERFICIE_DOMINANTE,MTC_RVN_ESTADO_DOMINANTE,MTC_RVN_ES_CONCESIONADA,MTC_RVN_CONCESION_PRINCIPAL,MTC_RVN_CORREDOR_LOGISTICO,MTC_RVN_N_TRAMOS,IDH_UBIGEO,IDH_2019,IDH_ESP_VIDA_2019,IDH_EDUC_SECUND_PCT_2019,IDH_ANIOS_EDUC_2019,IDH_INGRESO_PERCAP_2019,IDH_POBLACION_2019,MTC_DEP_RED_TOTAL_KM,MTC_DEP_NACIONAL_TOTAL_KM,MTC_DEP_DEPARTAMENTAL_TOTAL_KM,MTC_DEP_VECINAL_TOTAL_KM,MTC_DEP_PAV_TOTAL_KM,MTC_DEP_NO_PAV_TOTAL_KM,MTC_DEP_PCT_PAVIMENTADA,PER_TOTAL_PERSONAS,PER_N_CONDUCTORES,PER_N_CONDUCTORES_FUGADOS,PER_N_PEATONES,PER_N_PASAJEROS_OCUPANTES,PER_EDAD_COND_PROM,PER_EDAD_COND_MIN,PER_EDAD_COND_MAX,PER_ANY_COND_MASCULINO,PER_ANY_LIC_PROBLEMA,PER_ANY_DOSAJE_POS,PER_ANY_DOSAJE_EVALUADO,VEH_TOTAL,VEH_N_FUGADOS,VEH_ANY_FUGADO,VEH_ANY_CARGA,VEH_ANY_PUBLICO,VEH_ANY_PARTICULAR,VEH_ANY_MOTO,VEH_ANY_AUTO,VEH_ANY_CAMION_BUS,VEH_ANY_SOAT_PROBLEMA,VEH_ANY_CITV_PROBLEMA,VEH_ANY_SEGURO_PROBLEMA
A-2025-03-15,20/03/2025,17:40,ATROPELLO,1,1,1,LIMA,HUARAL,CHANCAY,URBANA,CARRETERA,NACIONAL,PE-1N,-11.596199,-77.2544769,DESPEJADO,RURAL,CURVA,INCLINADA,ASFALTADA,SI,REGULADORA (R),SIN_DATO,NO,EN PROCESO DE INVESTIGACIÓN,NO CUENTA CON CAUSA ESPECIFICA,6543.555,3.0,Pavimentado,Bueno,1.0,Autopista del Sol,Eje Estructurante Norte,1475.0,6543.555,3.0,Pavimentado,Bueno,1.0,Autopista del Sol,Eje Estructurante Norte,1475.0,6543.555,3.0,Pavimentado,Bueno,1.0,Autopista del Sol,Eje Estructurante Norte,1475.0,150605,0.6328991168419597,79.8522840328396,72.51785912375117,8.65057438382499,1190.6734036432963,65701.61456102783,7626.313,1683.4029999999998,1599.0829999999996,4343.827000000001,1814.875,5811.438000000001,23.797541485643194,3,1,0,1,1,54.0,54.0,54.0,1.0,1.0,0.0,1.0,1,0,0.0,0.0,0.0,1.0,0.0,1.0,0.0,0.0,0.0,0.0
A-2025-03-42,21/03/2025,03:30,CHOQUE FUGA,1,0,1,LIMA,LIMA,SAN JUAN DE MIRAFLORES,URBANA,CARRETERA,NACIONAL,PE-1S,-12.16194462976457,-76.98192432664051,DESPEJADO,COMERCIAL,TRAMO RECTO,PLANA,ASFALTADA,SIN_DATO,SIN_DATO,SIN_DATO,SIN_DATO,EN PROCESO DE INVESTIGACIÓN,NO CUENTA CON CAUSA ESPECIFICA,6639.975,2.0,Pavimentado,Bueno,1.0,No concesionado,Eje Estructurante Sur,1616.0,6639.975,2.0,Pavimentado,Bueno,1.0,No concesionado,Eje Estructurante Sur,1616.0,6639.975,2.0,Pavimentado,Bueno,1.0,No concesionado,Eje Estructurante Sur,1616.0,150133,0.7289998534947872,80.50926319493618,76.9124822838204,10.358587270463827,1551.106643515347,384728.5117773019,7626.313,1683.4029999999998,1599.0829999999996,4343.827000000001,1814.875,5811.438000000001,23.797541485643194,2,2,1,0,0,,,,1.0,0.0,0.0,0.0,2,1,1.0,0.0,0.0,1.0,0.0,0.0,0.0,0.0,0.0,1.0
A-2025-03-24,21/03/2025,16:50,CHOQUE,1,10,1,AREQUIPA,ISLAY,MOLLENDO,RURAL,CARRETERA,NACIONAL,PE-1SD,-17.0575,-71.95849,DESPEJADO,RESIDENCIAL,TRAMO RECTO,PLANA,ASFALTADA,NO,SIN_DATO,SIN_DATO,SI,EN PROCESO DE INVESTIGACIÓN,NO CUENTA CON CAUSA ESPECIFICA,1926.94,2.0,Pavimentado,Bueno,1.0,No concesionado,No corresponde,393.0,1926.94,2.0,Pavimentado,Bueno,1.0,No concesionado,No corresponde,393.0,1926.94,2.0,Pavimentado,Bueno,1.0,No concesionado,No corresponde,393.0,040701,0.6456305778571253,75.67334095395331,77.09261911098552,10.479683603540597,1179.2653123056473,21630.747323340474,10322.272,1495.2359999999999,1749.739,7077.2970000000005,2886.595,7435.677000000001,27.964725207783708,12,2,0,0,10,37.5,31.0,44.0,1.0,0.0,0.0,1.0,2,0,0.0,1.0,0.0,0.0,0.0,0.0,1.0,0.0,0.0,0.0
A-2025-03-49,21/03/2025,18:10,CHOQUE,1,0,2,CUSCO,CHUMBIVILCAS,SANTO TOMAS,RURAL,CARRETERA,DEPARTAMENTAL,CU-119,-14.446591,-72.079601,DESPEJADO,RURAL,TRAMO RECTO,PLANA,CONCRETO,SIN_DATO,SIN_DATO,SIN_DATO,SIN_DATO,IMPRUDENCIA DEL CONDUCTOR,EXCESO DE VELOCIDAD,,,,,,,,,,,,,,,,,,,,,,,,,080701,0.339323744940919,67.8567694463257,60.573677132379146,5.206321478431428,388.71288793703764,24527.03426124197,17779.13499998999,2097.3709999899993,2863.123,12818.640999999989,2878.713,14900.421999989987,16.19152450331032,2,2,0,0,0,38.5,18.0,59.0,1.0,1.0,0.0,0.0,2,0,0.0,0.0,0.0,1.0,1.0,0.0,0.0,1.0,1.0,1.0
A-2025-03-89,21/03/2025,19:30,CHOQUE,1,0,1,LIMA,LIMA,SANTIAGO DE SURCO,URBANA,CARRETERA,NACIONAL,PE-1S,-12.135850293883976,-76.97998942961415,DESPEJADO,RESIDENCIAL,TRAMO RECTO,PLANA,ASFALTADA,SIN_DATO,SIN_DATO,SIN_DATO,SIN_DATO,EN PROCESO DE INVESTIGACIÓN,NO CUENTA CON CAUSA ESPECIFICA,6639.975,2.0,Pavimentado,Bueno,1.0,No concesionado,Eje Estructurante Sur,1616.0,6639.975,2.0,Pavimentado,Bueno,1.0,No concesionado,Eje Estructurante Sur,1616.0,6639.975,2.0,Pavimentado,Bueno,1.0,No concesionado,Eje Estructurante Sur,1616.0,150140,0.8017574897902351,80.48487267736287,78.74302427848284,13.156716040468266,1766.1488062170545,359776.608137045,7626.313,1683.4029999999998,1599.0829999999996,4343.827000000001,1814.875,5811.438000000001,23.797541485643194,3,3,0,0,0,32.666666666666664,25.0,43.0,1.0,1.0,0.0,0.0,3,0,0.0,1.0,0.0,1.0,1.0,0.0,1.0,0.0,1.0,0.0
A-2025-03-61,21/03/2025,23:00,VOLCADURA,1,0,1,CAJAMARCA,CELENDIN,SOROCHUCO,RURAL,CARRETERA,NACIONAL,PE-1NB,-6.939397,-78.259724,DESPEJADO,RURAL,TRAMO RECTO,PLANA,AFIRMADO,SIN_DATO,SIN_DATO,SIN_DATO,SIN_DATO,IMPRUDENCIA DEL CONDUCTOR,OTRO (IMPRUDENCIA DEL CONDUCTOR),48.79,2.0,Pavimentado,Bueno,1.0,Ovalo Chancay Huaral Acos,Corredor Chancay - Huaral - Acos - Unish,19.0,48.79,2.0,Pavimentado,Bueno,1.0,Ovalo Chancay Huaral Acos,Corredor Chancay - Huaral - Acos - Unish,19.0,48.79,2.0,Pavimentado,Bueno,1.0,Ovalo Chancay Huaral Acos,Corredor Chancay - Huaral - Acos - Unish,19.0,060309,0.24305364430232304,73.90270235965185,51.848801761807124,3.14586410045298,230.89165361638607,8131.117773019272,15935.565011852366,1733.9250000199986,935.692,13265.948011832368,2000.1670000199988,13935.398011832369,12.551591352627522,1,1,0,0,0,31.0,31.0,31.0,1.0,0.0,0.0,1.0,1,0,0.0,1.0,0.0,0.0,0.0,0.0,1.0,0.0,0.0,0.0
A-2025-03-90,22/03/2025,06:40,CHOQUE,2,0,1,LIMA,LIMA,SAN JUAN DE LURIGANCHO,URBANA,AVENIDA,URBANO,NO CORRESPONDE,-12.00268472021164,-76.99916099591141,DESPEJADO,COMERCIAL,INTERSECCIÓN,PLANA,ASFALTADA,NO,SIN_DATO,SIN_DATO,SI,EN PROCESO DE INVESTIGACIÓN,NO CUENTA CON CAUSA ESPECIFICA,,,,,,,,,,,,,,,,,,,,,,,,,150132,0.701053025277506,79.62867561460851,73.1469484600971,10.064317505194426,1464.6926161541437,1150285.0494171206,7626.313,1683.4029999999998,1599.0829999999996,4343.827000000001,1814.875,5811.438000000001,23.797541485643194,3,2,0,0,1,39.5,32.0,47.0,1.0,0.0,0.0,0.0,2,0,0.0,0.0,1.0,1.0,1.0,0.0,1.0,1.0,1.0,1.0
A-2025-03-92,22/03/2025,08:40,ATROPELLO,1,0,1,LIMA,LIMA,COMAS,URBANA,JIRÓN,URBANO,NO CORRESPONDE,-11.935175885021312,-77.04993106372453,DESPEJADO,RESIDENCIAL,INTERSECCIÓN,PLANA,ASFALTADA,SIN_DATO,SIN_DATO,SIN_DATO,SIN_DATO,EN PROCESO DE INVESTIGACIÓN,NO CUENTA CON CAUSA ESPECIFICA,,,,,,,,,,,,,,,,,,,,,,,,,150110,0.7218926988400113,80.0902077245261,77.9581888264889,10.971588327733102,1458.3206086290393,530000.3426124197,7626.313,1683.4029999999998,1599.0829999999996,4343.827000000001,1814.875,5811.438000000001,23.797541485643194,2,1,0,1,0,26.0,26.0,26.0,1.0,0.0,0.0,0.0,1,0,0.0,0.0,0.0,1.0,1.0,0.0,0.0,0.0,0.0,0.0
A-2025-03-91,22/03/2025,14:00,CHOQUE,1,0,1,LIMA,LIMA,VILLA EL SALVADOR,URBANA,AVENIDA,URBANO,NO CORRESPONDE,-12.19896737371696,-76.96097888547162,DESPEJADO,COMERCIAL,INTERSECCIÓN,PLANA,ASFALTADA,SIN_DATO,SIN_DATO,SIN_DATO,SIN_DATO,EN PROCESO DE INVESTIGACIÓN,NO CUENTA CON CAUSA ESPECIFICA,,,,,,,,,,,,,,,,,,,,,,,,,150142,0.6990481232857558,80.14597904142546,74.3851677794309,10.004397644056358,1432.5044292531525,459161.0728051392,7626.313,1683.4029999999998,1599.0829999999996,4343.827000000001,1814.875,5811.438000000001,23.797541485643194,2,2,0,0,0,52.5,35.0,70.0,1.0,0.0,0.0,0.0,2,0,0.0,1.0,0.0,1.0,1.0,0.0,1.0,0.0,1.0,0.0
A-2025-03-64,22/03/2025,16:50,ATROPELLO,1,0,1,CAJAMARCA,CELENDIN,CELENDIN,URBANA,CALLE,URBANO,NO CORRESPONDE,-6.881412,-78.145238,DESPEJADO,COMERCIAL,TRAMO RECTO,PLANA,TROCHA,SIN_DATO,SIN_DATO,SIN_DATO,SIN_DATO,EN PROCESO DE INVESTIGACIÓN,NO CUENTA CON CAUSA ESPECIFICA,,,,,,,,,,,,,,,,,,,,,,,,,060301,0.46264264758204693,68.55306494378911,65.85969011943656,7.360220599067626,697.1780256934369,29011.38543897216,15935.565011852366,1733.9250000199986,935.692,13265.948011832368,2000.1670000199988,13935.398011832369,12.551591352627522,2,1,0,1,0,31.0,31.0,31.0,1.0,0.0,0.0,1.0,1,0,0.0,0.0,0.0,1.0,0.0,0.0,1.0,1.0,1.0,1.0
A-2025-03-65,22/03/2025,19:30,DESPISTE,1,0,1,CAJAMARCA,CAJABAMBA,CAJABAMBA,RURAL,CARRETERA,NACIONAL,PE-3N,-7.603497,-78.088976,DESPEJADO,RURAL,TRAMO RECTO,PLANA,ASFALTADA,SIN_DATO,SIN_DATO,SIN_DATO,SIN_DATO,EN PROCESO DE INVESTIGACIÓN,NO CUENTA CON CAUSA ESPECIFICA,9936.932,2.0,Pavimentado,Bueno,1.0,No concesionado,No corresponde,3830.0,9936.932,2.0,Pavimentado,Bueno,1.0,No concesionado,No corresponde,3830.0,9936.932,2.0,Pavimentado,Bueno,1.0,No concesionado,No corresponde,3830.0,060201,0.4384361875352846,76.70622362399591,49.95411505521511,6.195115114275008,648.0811197287633,31678.2869379015,15935.565011852366,1733.9250000199986,935.692,13265.948011832368,2000.1670000199988,13935.398011832369,12.551591352627522,1,1,0,0,0,22.0,22.0,22.0,1.0,1.0,0.0,1.0,1,0,0.0,0.0,0.0,1.0,1.0,0.0,0.0,1.0,1.0,1.0
A-2025-03-93,23/03/2025,00:17,ATROPELLO,1,0,1,LIMA,LIMA,CHORRILLOS,URBANA,CARRETERA,NACIONAL,PE-1S,-12.197633,-76.973395,DESPEJADO,COMERCIAL,TRAMO RECTO,PLANA,ASFALTADA,SIN_DATO,SIN_DATO,SIN_DATO,SIN_DATO,EN PROCESO DE INVESTIGACIÓN,NO CUENTA CON CAUSA ESPECIFICA,6639.975,2.0,Pavimentado,Bueno,1.0,No concesionado,Eje Estructurante Sur,1616.0,6639.975,2.0,Pavimentado,Bueno,1.0,No concesionado,Eje Estructurante Sur,1616.0,6639.975,2.0,Pavimentado,Bueno,1.0,No concesionado,Eje Estructurante Sur,1616.0,150108,0.7583553928164398,79.82595632107274,76.7651270103073,11.46351379457763,1662.7771470294063,333655.3618843683,7626.313,1683.4029999999998,1599.0829999999996,4343.827000000001,1814.875,5811.438000000001,23.797541485643194,2,1,0,1,0,61.0,61.0,61.0,1.0,0.0,0.0,0.0,1,0,0.0,0.0,0.0,1.0,0.0,1.0,0.0,0.0,0.0,0.0
A-2025-03-47,23/03/2025,02:00,ATROPELLO FUGA,1,0,1,HUANCAVELICA,HUANCAVELICA,HUANCAVELICA,URBANA,CARRETERA,NACIONAL,PE-26,-12.782368,-74.961942,DESPEJADO,COMERCIAL,TRAMO RECTO,PLANA,ASFALTADA,SIN_DATO,SIN_DATO,SIN_DATO,SIN_DATO,EN PROCESO DE INVESTIGACIÓN,NO CUENTA CON CAUSA ESPECIFICA,1482.81,1.0,Asfaltado económico,Regular,0.0,No concesionado,Corredor Chincha - Huancavelica - Izcuchaca,270.0,1482.81,1.0,Asfaltado económico,Regular,0.0,No concesionado,Corredor Chincha - Huancavelica - Izcuchaca,270.0,1482.81,1.0,Asfaltado económico,Regular,0.0,No concesionado,Corredor Chincha - Huancavelica - Izcuchaca,270.0,090101,0.6115577679846016,69.4715106582134,81.41341310644326,10.846605635197735,1091.214473177582,41539.0278372591,8511.426,1445.3929999999996,2008.516,5057.516999999999,1879.5789999999997,6631.846999999998,22.083009357068956,2,1,0,1,0,39.0,39.0,39.0,1.0,0.0,0.0,0.0,1,0,0.0,1.0,0.0,0.0,0.0,0.0,1.0,0.0,0.0,0.0
A-2025-03-37,23/03/2025,09:10,CHOQUE,1,0,1,AREQUIPA,AREQUIPA,LA JOYA,RURAL,CARRETERA,NACIONAL,PE-1S,-16.52703,-71.78385,SOLEADO,COMERCIAL,TRAMO RECTO,PLANA,ASFALTADA,SI,REGULADORA (R),INFORMATIVA (I),NO,EN PROCESO DE INVESTIGACIÓN,NO CUENTA CON CAUSA ESPECIFICA,6639.975,2.0,Pavimentado,Bueno,1.0,No concesionado,Eje Estructurante Sur,1616.0,6639.975,2.0,Pavimentado,Bueno,1.0,No concesionado,Eje Estructurante Sur,1616.0,6639.975,2.0,Pavimentado,Bueno,1.0,No concesionado,Eje Estructurante Sur,1616.0,040108,0.6105481451420971,78.10653088113892,68.35418098658066,8.411557426919764,1158.5430895193692,35025.678800856535,10322.272,1495.2359999999999,1749.739,7077.2970000000005,2886.595,7435.677000000001,27.964725207783708,2,2,0,0,0,54.5,46.0,63.0,1.0,0.0,0.0,1.0,2,0,0.0,1.0,0.0,1.0,1.0,0.0,1.0,0.0,1.0,0.0
A-2025-03-22,23/03/2025,16:45,DESPISTE,2,0,1,CUSCO,CALCA,SAN SALVADOR,RURAL,CARRETERA,NACIONAL,PE-28B,-13.511812361833362,-71.76045836596545,DESPEJADO,RURAL,TRAMO RECTO,PLANA,ASFALTADA,SIN_DATO,SIN_DATO,SIN_DATO,SIN_DATO,IMPRUDENCIA DEL CONDUCTOR,EXCESO DE VELOCIDAD,3447.8009999999995,1.0,Pavimentado,Regular,0.0,No concesionado,Corredor Ayacucho - Quellouno - Quillabamba,1109.0,3447.8009999999995,1.0,Pavimentado,Regular,0.0,No concesionado,Corredor Ayacucho - Quellouno - Quillabamba,1109.0,3447.8009999999995,1.0,Pavimentado,Regular,0.0,No concesionado,Corredor Ayacucho - Quellouno - Quillabamba,1109.0,080406,0.3026259544873475,73.96325815272854,51.57388201289304,4.44307015911855,305.2037031086013,5530.693790149893,17779.13499998999,2097.3709999899993,2863.123,12818.640999999989,2878.713,14900.421999989987,16.19152450331032,3,1,0,0,2,59.0,59.0,59.0,1.0,0.0,0.0,1.0,1,0,0.0,0.0,0.0,1.0,0.0,0.0,1.0,0.0,1.0,0.0
A-2025-03-94,24/03/2025,08:30,DESPISTE,1,0,1,LIMA,LIMA,PACHACAMAC,URBANA,AVENIDA,URBANO,NO CORRESPONDE,-12.102816601332831,-76.87711908836353,DESPEJADO,COMERCIAL,INTERSECCIÓN,PLANA,ASFALTADA,NO,SIN_DATO,SIN_DATO,SI,EN PROCESO DE INVESTIGACIÓN,NO CUENTA CON CAUSA ESPECIFICA,,,,,,,,,,,,,,,,,,,,,,,,,150123,0.6463106547105882,77.51872248135703,70.89234783689217,9.278997434434539,1279.2302833246192,140977.61456102785,7626.313,1683.4029999999998,1599.0829999999996,4343.827000000001,1814.875,5811.438000000001,23.797541485643194,2,1,0,0,1,37.0,37.0,37.0,1.0,0.0,0.0,0.0,1,0,0.0,0.0,1.0,0.0,1.0,0.0,0.0,1.0,1.0,1.0
A-2025-03-95,24/03/2025,21:00,ATROPELLO,1,0,1,LIMA,LIMA,SANTIAGO DE SURCO,URBANA,AVENIDA,URBANO,NO CORRESPONDE,-12.155553268803695,-76.98407582203018,DESPEJADO,COMERCIAL,INTERSECCIÓN,PLANA,ASFALTADA,SIN_DATO,SIN_DATO,SIN_DATO,SIN_DATO,EN PROCESO DE INVESTIGACIÓN,NO CUENTA CON CAUSA ESPECIFICA,,,,,,,,,,,,,,,,,,,,,,,,,150140,0.8017574897902351,80.48487267736287,78.74302427848284,13.156716040468266,1766.1488062170545,359776.608137045,7626.313,1683.4029999999998,1599.0829999999996,4343.827000000001,1814.875,5811.438000000001,23.797541485643194,2,1,0,1,0,22.0,22.0,22.0,1.0,0.0,0.0,0.0,1,0,0.0,0.0,0.0,1.0,1.0,0.0,0.0,0.0,0.0,0.0
A-2025-03-36,25/03/2025,07:05,VOLCADURA,1,0,1,AREQUIPA,AREQUIPA,CERRO COLORADO,URBANA,CARRETERA,NACIONAL,PE-34A,-16.37415,-71.57549,SOLEADO,COMERCIAL,TRAMO RECTO,PLANA,ASFALTADA,NO,SIN_DATO,SIN_DATO,SI,EN PROCESO DE INVESTIGACIÓN,NO CUENTA CON CAUSA ESPECIFICA,1504.4250000000002,2.0,Pavimentado,Bueno,1.0,IIRSA Sur - Tramo 5: Matarani - Azángaro - Ilo,Corredor Matarani - Arequipa - Juliaca,241.0,1504.4250000000002,2.0,Pavimentado,Bueno,1.0,IIRSA Sur - Tramo 5: Matarani - Azángaro - Ilo,Corredor Matarani - Arequipa - Juliaca,241.0,1504.4250000000002,2.0,Pavimentado,Bueno,1.0,IIRSA Sur - Tramo 5: Matarani - Azángaro - Ilo,Corredor Matarani - Arequipa - Juliaca,241.0,040104,0.6411767862503931,77.2408324916572,78.204125011303,10.595705083047715,1107.223861768016,193412.3169164882,10322.272,1495.2359999999999,1749.739,7077.2970000000005,2886.595,7435.677000000001,27.964725207783708,2,2,0,0,0,47.0,40.0,54.0,1.0,0.0,0.0,1.0,2,0,0.0,1.0,0.0,1.0,1.0,0.0,1.0,0.0,1.0,0.0
A-2025-03-33,25/03/2025,17:40,DESPISTE,1,2,1,AREQUIPA,CAYLLOMA,CALLALLI,RURAL,CARRETERA,DEPARTAMENTAL,AR-111,-15.509415,-71.412566,SIN_DATO,SIN_DATO,SIN_DATO,SIN_DATO,SIN_DATO,SIN_DATO,SIN_DATO,SIN_DATO,SIN_DATO,EN PROCESO DE INVESTIGACIÓN,NO CUENTA CON CAUSA ESPECIFICA,,,,,,,,,,,,,,,,,,,,,,,,,040504,0.469770063095885,81.27982348835346,51.76965101353756,5.826975220426941,746.0309965688718,1373.7301927194858,10322.272,1495.2359999999999,1749.739,7077.2970000000005,2886.595,7435.677000000001,27.964725207783708,4,1,0,0,3,39.0,39.0,39.0,1.0,0.0,0.0,0.0,1,0,0.0,1.0,0.0,0.0,0.0,0.0,1.0,0.0,0.0,0.0
A-2025-03-26,25/03/2025,18:30,DESPISTE,1,0,1,CUSCO,ACOMAYO,MOSOC LLACTA,RURAL,CARRETERA,PROVINCIAL,CU-1642,-14.097123,-71.444613,NUBLADO,RURAL,TRAMO RECTO,PLANA,TROCHA,SIN_DATO,SIN_DATO,SIN_DATO,SIN_DATO,IMPRUDENCIA DEL CONDUCTOR,EXCESO DE VELOCIDAD,,,,,,,,,,,,,,,,,,,,,,,,,080204,0.23624998493657276,56.84947393215996,62.32780725650673,5.743110713119207,182.18550475203298,1790.2997858672375,17779.13499998999,2097.3709999899993,2863.123,12818.640999999989,2878.713,14900.421999989987,16.19152450331032,1,1,0,0,0,32.0,32.0,32.0,1.0,1.0,0.0,1.0,1,0,0.0,0.0,0.0,1.0,1.0,0.0,0.0,0.0,0.0,0.0
A-2025-03-28,25/03/2025,19:00,DESPISTE,1,0,1,CUSCO,CANAS,CHECCA,RURAL,CARRETERA,DEPARTAMENTAL,CU-130,-14.428224,-71.421105,LLUVIOSO,RURAL,PUENTE,PLANA,ASFALTADA,NO,SIN_DATO,SIN_DATO,SI,IMPRUDENCIA DEL CONDUCTOR,EXCESO DE VELOCIDAD,,,,,,,,,,,,,,,,,,,,,,,,,080502,0.15488673865029853,64.5917716662409,49.236568431257616,4.545810476428086,79.98533389978881,5532.92505353319,17779.13499998999,2097.3709999899993,2863.123,12818.640999999989,2878.713,14900.421999989987,16.19152450331032,1,1,0,0,0,24.0,24.0,24.0,1.0,1.0,0.0,0.0,1,0,0.0,0.0,0.0,1.0,1.0,0.0,0.0,1.0,0.0,1.0
A-2025-03-34,26/03/2025,06:00,DESPISTE,1,0,1,AREQUIPA,AREQUIPA,VITOR,RURAL,CARRETERA,PROVINCIAL,AR-743,-16.565476,-71.936899,DESPEJADO,RURAL,CURVA,PLANA,ASFALTADA,NO,SIN_DATO,SIN_DATO,SI,EN PROCESO DE INVESTIGACIÓN,NO CUENTA CON CAUSA ESPECIFICA,,,,,,,,,,,,,,,,,,,,,,,,,040125,0.6455852322566902,78.58826324858522,78.38415596279924,8.472481180514539,1258.6172876652156,2628.282655246253,10322.272,1495.2359999999999,1749.739,7077.2970000000005,2886.595,7435.677000000001,27.964725207783708,1,1,0,0,0,26.0,26.0,26.0,1.0,1.0,0.0,0.0,1,0,0.0,0.0,0.0,1.0,1.0,0.0,0.0,1.0,1.0,0.0
A-2025-03-19,26/03/2025,16:00,DESPISTE,1,1,1,LIMA,HUARAL,ATAVILLOS BAJO,RURAL,CARRETERA,DEPARTAMENTAL,LM-109,-11.3315901,-76.859675,DESPEJADO,RURAL,CURVA,INCLINADA,CONCRETO,SIN_DATO,SIN_DATO,SIN_DATO,SIN_DATO,EN PROCESO DE INVESTIGACIÓN,NO CUENTA CON CAUSA ESPECIFICA,,,,,,,,,,,,,,,,,,,,,,,,,150603,0.5223306587904181,80.65108423706062,61.98260235939393,8.693711667135178,725.4207091901505,775.5096359743038,7626.313,1683.4029999999998,1599.0829999999996,4343.827000000001,1814.875,5811.438000000001,23.797541485643194,2,1,0,0,1,51.0,51.0,51.0,1.0,0.0,0.0,0.0,1,0,0.0,0.0,0.0,1.0,0.0,1.0,0.0,0.0,0.0,0.0
A-2025-03-27,26/03/2025,19:10,ATROPELLO,1,0,1,CUSCO,URUBAMBA,URUBAMBA,URBANA,CARRETERA,NACIONAL,PE-28B,-13.2785691,-72.1948185,NUBLADO,RURAL,TRAMO RECTO,INCLINADA,ASFALTADA,SI,INFORMATIVA (I),INFORMATIVA (I),SI,IMPRUDENCIA DEL PEATÓN,ESTADO DE EBRIEDAD Y/O DROGADICCIÓN,3447.8009999999995,1.0,Pavimentado,Regular,0.0,No concesionado,Corredor Ayacucho - Quellouno - Quillabamba,1109.0,3447.8009999999995,1.0,Pavimentado,Regular,0.0,No concesionado,Corredor Ayacucho - Quellouno - Quillabamba,1109.0,3447.8009999999995,1.0,Pavimentado,Regular,0.0,No concesionado,Corredor Ayacucho - Quellouno - Quillabamba,1109.0,081301,0.5961225511084856,78.53035911580116,68.81531875437855,9.019506278168732,1024.5153398091154,21509.777301927195,17779.13499998999,2097.3709999899993,2863.123,12818.640999999989,2878.713,14900.421999989987,16.19152450331032,2,1,0,1,0,54.0,54.0,54.0,1.0,0.0,0.0,1.0,1,0,0.0,0.0,0.0,0.0,0.0,0.0,1.0,0.0,0.0,0.0
A-2025-03-97,26/03/2025,19:20,ATROPELLO,1,0,1,LIMA,LIMA,VILLA EL SALVADOR,URBANA,AVENIDA,URBANO,NO CORRESPONDE,-12.225524987545652,-76.94634655099267,DESPEJADO,RESIDENCIAL,INTERSECCIÓN,PLANA,ASFALTADA,NO,SIN_DATO,SIN_DATO,SI,EN PROCESO DE INVESTIGACIÓN,NO CUENTA CON CAUSA ESPECIFICA,,,,,,,,,,,,,,,,,,,,,,,,,150142,0.6990481232857558,80.14597904142546,74.3851677794309,10.004397644056358,1432.5044292531525,459161.0728051392,7626.313,1683.4029999999998,1599.0829999999996,4343.827000000001,1814.875,5811.438000000001,23.797541485643194,2,1,0,1,0,43.0,43.0,43.0,1.0,0.0,0.0,0.0,1,0,0.0,0.0,1.0,0.0,1.0,0.0,0.0,0.0,1.0,0.0